<?xml version="1.0" encoding="UTF-8"?>
<TrainingCenterDatabase xmlns="http://www.garmin.com/xmlschemas/TrainingCenterDatabase/v2"><Courses><Course><Name>zachanku 10k</Name>
<Lap><TotalTimeSeconds>3623</TotalTimeSeconds><DistanceMeters>10063.7</DistanceMeters><BeginPosition><LatitudeDegrees>55.922910</LatitudeDegrees><LongitudeDegrees>37.707142</LongitudeDegrees></BeginPosition><EndPosition><LatitudeDegrees>55.922986</LatitudeDegrees><LongitudeDegrees>37.707326</LongitudeDegrees></EndPosition><Intensity>Active</Intensity></Lap>
<Track><Trackpoint><Time>2026-01-01T17:00:00Z</Time><Position><LatitudeDegrees>55.922910</LatitudeDegrees><LongitudeDegrees>37.707142</LongitudeDegrees></Position><DistanceMeters>0.0</DistanceMeters></Trackpoint><Trackpoint><Time>2026-01-01T17:00:01Z</Time><Position><LatitudeDegrees>55.922944</LatitudeDegrees><LongitudeDegrees>37.707193</LongitudeDegrees></Position><DistanceMeters>5.0</DistanceMeters></Trackpoint><Trackpoint><Time>2026-01-01T17:00:04Z</Time><Position><LatitudeDegrees>55.922993</LatitudeDegrees><LongitudeDegrees>37.707277</LongitudeDegrees></Position><DistanceMeters>12.6</DistanceMeters></Trackpoint><Trackpoint><Time>2026-01-01T17:00:06Z</Time><Position><LatitudeDegrees>55.923037</LatitudeDegrees><LongitudeDegrees>37.707339</LongitudeDegrees></Position><DistanceMeters>18.8</DistanceMeters></Trackpoint><Trackpoint><Time>2026-01-01T17:00:09Z</Time><Position><LatitudeDegrees>55.923082</LatitudeDegrees><LongitudeDegrees>37.707398</LongitudeDegrees></Position><DistanceMeters>25.1</DistanceMeters></Trackpoint><Trackpoint><Time>2026-01-01T17:00:11Z</Time><Position><LatitudeDegrees>55.923135</LatitudeDegrees><LongitudeDegrees>37.707451</LongitudeDegrees></Position><DistanceMeters>31.8</DistanceMeters></Trackpoint><Trackpoint><Time>2026-01-01T17:00:13Z</Time><Position><LatitudeDegrees>55.923192</LatitudeDegrees><LongitudeDegrees>37.707491</LongitudeDegrees></Position><DistanceMeters>38.6</DistanceMeters></Trackpoint><Trackpoint><Time>2026-01-01T17:00:16Z</Time><Position><LatitudeDegrees>55.923253</LatitudeDegrees><LongitudeDegrees>37.707524</LongitudeDegrees></Position><DistanceMeters>45.7</DistanceMeters></Trackpoint><Trackpoint><Time>2026-01-01T17:00:19Z</Time><Position><LatitudeDegrees>55.923321</LatitudeDegrees><LongitudeDegrees>37.707549</LongitudeDegrees></Position><DistanceMeters>53.4</DistanceMeters></Trackpoint><Trackpoint><Time>2026-01-01T17:00:21Z</Time><Position><LatitudeDegrees>55.923387</LatitudeDegrees><LongitudeDegrees>37.707555</LongitudeDegrees></Position><DistanceMeters>60.7</DistanceMeters></Trackpoint><Trackpoint><Time>2026-01-01T17:00:24Z</Time><Position><LatitudeDegrees>55.923448</LatitudeDegrees><LongitudeDegrees>37.707548</LongitudeDegrees></Position><DistanceMeters>67.5</DistanceMeters></Trackpoint><Trackpoint><Time>2026-01-01T17:00:26Z</Time><Position><LatitudeDegrees>55.923499</LatitudeDegrees><LongitudeDegrees>37.707547</LongitudeDegrees></Position><DistanceMeters>73.3</DistanceMeters></Trackpoint><Trackpoint><Time>2026-01-01T17:00:28Z</Time><Position><LatitudeDegrees>55.923562</LatitudeDegrees><LongitudeDegrees>37.707553</LongitudeDegrees></Position><DistanceMeters>80.2</DistanceMeters></Trackpoint><Trackpoint><Time>2026-01-01T17:00:31Z</Time><Position><LatitudeDegrees>55.923621</LatitudeDegrees><LongitudeDegrees>37.707553</LongitudeDegrees></Position><DistanceMeters>86.8</DistanceMeters></Trackpoint><Trackpoint><Time>2026-01-01T17:00:33Z</Time><Position><LatitudeDegrees>55.923685</LatitudeDegrees><LongitudeDegrees>37.707551</LongitudeDegrees></Position><DistanceMeters>93.9</DistanceMeters></Trackpoint><Trackpoint><Time>2026-01-01T17:00:35Z</Time><Position><LatitudeDegrees>55.923736</LatitudeDegrees><LongitudeDegrees>37.707551</LongitudeDegrees></Position><DistanceMeters>99.6</DistanceMeters></Trackpoint><Trackpoint><Time>2026-01-01T17:00:38Z</Time><Position><LatitudeDegrees>55.923802</LatitudeDegrees><LongitudeDegrees>37.707568</LongitudeDegrees></Position><DistanceMeters>107.0</DistanceMeters></Trackpoint><Trackpoint><Time>2026-01-01T17:00:40Z</Time><Position><LatitudeDegrees>55.923848</LatitudeDegrees><LongitudeDegrees>37.707578</LongitudeDegrees></Position><DistanceMeters>112.2</DistanceMeters></Trackpoint><Trackpoint><Time>2026-01-01T17:00:42Z</Time><Position><LatitudeDegrees>55.923898</LatitudeDegrees><LongitudeDegrees>37.707587</LongitudeDegrees></Position><DistanceMeters>117.8</DistanceMeters></Trackpoint><Trackpoint><Time>2026-01-01T17:00:45Z</Time><Position><LatitudeDegrees>55.923971</LatitudeDegrees><LongitudeDegrees>37.707601</LongitudeDegrees></Position><DistanceMeters>125.9</DistanceMeters></Trackpoint><Trackpoint><Time>2026-01-01T17:00:47Z</Time><Position><LatitudeDegrees>55.924023</LatitudeDegrees><LongitudeDegrees>37.707609</LongitudeDegrees></Position><DistanceMeters>131.7</DistanceMeters></Trackpoint><Trackpoint><Time>2026-01-01T17:00:49Z</Time><Position><LatitudeDegrees>55.924079</LatitudeDegrees><LongitudeDegrees>37.707615</LongitudeDegrees></Position><DistanceMeters>137.9</DistanceMeters></Trackpoint><Trackpoint><Time>2026-01-01T17:00:51Z</Time><Position><LatitudeDegrees>55.924125</LatitudeDegrees><LongitudeDegrees>37.707618</LongitudeDegrees></Position><DistanceMeters>143.0</DistanceMeters></Trackpoint><Trackpoint><Time>2026-01-01T17:00:53Z</Time><Position><LatitudeDegrees>55.924180</LatitudeDegrees><LongitudeDegrees>37.707620</LongitudeDegrees></Position><DistanceMeters>149.2</DistanceMeters></Trackpoint><Trackpoint><Time>2026-01-01T17:00:55Z</Time><Position><LatitudeDegrees>55.924232</LatitudeDegrees><LongitudeDegrees>37.707618</LongitudeDegrees></Position><DistanceMeters>155.0</DistanceMeters></Trackpoint><Trackpoint><Time>2026-01-01T17:00:57Z</Time><Position><LatitudeDegrees>55.924281</LatitudeDegrees><LongitudeDegrees>37.707615</LongitudeDegrees></Position><DistanceMeters>160.4</DistanceMeters></Trackpoint><Trackpoint><Time>2026-01-01T17:00:59Z</Time><Position><LatitudeDegrees>55.924333</LatitudeDegrees><LongitudeDegrees>37.707610</LongitudeDegrees></Position><DistanceMeters>166.3</DistanceMeters></Trackpoint><Trackpoint><Time>2026-01-01T17:01:01Z</Time><Position><LatitudeDegrees>55.924384</LatitudeDegrees><LongitudeDegrees>37.707604</LongitudeDegrees></Position><DistanceMeters>171.9</DistanceMeters></Trackpoint><Trackpoint><Time>2026-01-01T17:01:04Z</Time><Position><LatitudeDegrees>55.924440</LatitudeDegrees><LongitudeDegrees>37.707599</LongitudeDegrees></Position><DistanceMeters>178.1</DistanceMeters></Trackpoint><Trackpoint><Time>2026-01-01T17:01:06Z</Time><Position><LatitudeDegrees>55.924489</LatitudeDegrees><LongitudeDegrees>37.707594</LongitudeDegrees></Position><DistanceMeters>183.6</DistanceMeters></Trackpoint><Trackpoint><Time>2026-01-01T17:01:08Z</Time><Position><LatitudeDegrees>55.924548</LatitudeDegrees><LongitudeDegrees>37.707592</LongitudeDegrees></Position><DistanceMeters>190.2</DistanceMeters></Trackpoint><Trackpoint><Time>2026-01-01T17:01:10Z</Time><Position><LatitudeDegrees>55.924604</LatitudeDegrees><LongitudeDegrees>37.707592</LongitudeDegrees></Position><DistanceMeters>196.4</DistanceMeters></Trackpoint><Trackpoint><Time>2026-01-01T17:01:12Z</Time><Position><LatitudeDegrees>55.924656</LatitudeDegrees><LongitudeDegrees>37.707593</LongitudeDegrees></Position><DistanceMeters>202.1</DistanceMeters></Trackpoint><Trackpoint><Time>2026-01-01T17:01:14Z</Time><Position><LatitudeDegrees>55.924711</LatitudeDegrees><LongitudeDegrees>37.707597</LongitudeDegrees></Position><DistanceMeters>208.2</DistanceMeters></Trackpoint><Trackpoint><Time>2026-01-01T17:01:18Z</Time><Position><LatitudeDegrees>55.924787</LatitudeDegrees><LongitudeDegrees>37.707607</LongitudeDegrees></Position><DistanceMeters>216.8</DistanceMeters></Trackpoint><Trackpoint><Time>2026-01-01T17:01:20Z</Time><Position><LatitudeDegrees>55.924837</LatitudeDegrees><LongitudeDegrees>37.707614</LongitudeDegrees></Position><DistanceMeters>222.3</DistanceMeters></Trackpoint><Trackpoint><Time>2026-01-01T17:01:23Z</Time><Position><LatitudeDegrees>55.924915</LatitudeDegrees><LongitudeDegrees>37.707613</LongitudeDegrees></Position><DistanceMeters>231.0</DistanceMeters></Trackpoint><Trackpoint><Time>2026-01-01T17:01:25Z</Time><Position><LatitudeDegrees>55.924975</LatitudeDegrees><LongitudeDegrees>37.707604</LongitudeDegrees></Position><DistanceMeters>237.7</DistanceMeters></Trackpoint><Trackpoint><Time>2026-01-01T17:01:27Z</Time><Position><LatitudeDegrees>55.925034</LatitudeDegrees><LongitudeDegrees>37.707595</LongitudeDegrees></Position><DistanceMeters>244.3</DistanceMeters></Trackpoint><Trackpoint><Time>2026-01-01T17:01:30Z</Time><Position><LatitudeDegrees>55.925094</LatitudeDegrees><LongitudeDegrees>37.707592</LongitudeDegrees></Position><DistanceMeters>251.0</DistanceMeters></Trackpoint><Trackpoint><Time>2026-01-01T17:01:32Z</Time><Position><LatitudeDegrees>55.925155</LatitudeDegrees><LongitudeDegrees>37.707597</LongitudeDegrees></Position><DistanceMeters>257.7</DistanceMeters></Trackpoint><Trackpoint><Time>2026-01-01T17:01:35Z</Time><Position><LatitudeDegrees>55.925223</LatitudeDegrees><LongitudeDegrees>37.707603</LongitudeDegrees></Position><DistanceMeters>265.3</DistanceMeters></Trackpoint><Trackpoint><Time>2026-01-01T17:01:38Z</Time><Position><LatitudeDegrees>55.925287</LatitudeDegrees><LongitudeDegrees>37.707606</LongitudeDegrees></Position><DistanceMeters>272.5</DistanceMeters></Trackpoint><Trackpoint><Time>2026-01-01T17:01:40Z</Time><Position><LatitudeDegrees>55.925347</LatitudeDegrees><LongitudeDegrees>37.707605</LongitudeDegrees></Position><DistanceMeters>279.1</DistanceMeters></Trackpoint><Trackpoint><Time>2026-01-01T17:01:42Z</Time><Position><LatitudeDegrees>55.925406</LatitudeDegrees><LongitudeDegrees>37.707598</LongitudeDegrees></Position><DistanceMeters>285.7</DistanceMeters></Trackpoint><Trackpoint><Time>2026-01-01T17:01:45Z</Time><Position><LatitudeDegrees>55.925471</LatitudeDegrees><LongitudeDegrees>37.707594</LongitudeDegrees></Position><DistanceMeters>292.9</DistanceMeters></Trackpoint><Trackpoint><Time>2026-01-01T17:01:48Z</Time><Position><LatitudeDegrees>55.925537</LatitudeDegrees><LongitudeDegrees>37.707596</LongitudeDegrees></Position><DistanceMeters>300.2</DistanceMeters></Trackpoint><Trackpoint><Time>2026-01-01T17:01:50Z</Time><Position><LatitudeDegrees>55.925605</LatitudeDegrees><LongitudeDegrees>37.707599</LongitudeDegrees></Position><DistanceMeters>307.9</DistanceMeters></Trackpoint><Trackpoint><Time>2026-01-01T17:01:53Z</Time><Position><LatitudeDegrees>55.925665</LatitudeDegrees><LongitudeDegrees>37.707601</LongitudeDegrees></Position><DistanceMeters>314.5</DistanceMeters></Trackpoint><Trackpoint><Time>2026-01-01T17:01:55Z</Time><Position><LatitudeDegrees>55.925716</LatitudeDegrees><LongitudeDegrees>37.707602</LongitudeDegrees></Position><DistanceMeters>320.2</DistanceMeters></Trackpoint><Trackpoint><Time>2026-01-01T17:01:57Z</Time><Position><LatitudeDegrees>55.925766</LatitudeDegrees><LongitudeDegrees>37.707600</LongitudeDegrees></Position><DistanceMeters>325.7</DistanceMeters></Trackpoint><Trackpoint><Time>2026-01-01T17:01:59Z</Time><Position><LatitudeDegrees>55.925811</LatitudeDegrees><LongitudeDegrees>37.707605</LongitudeDegrees></Position><DistanceMeters>330.8</DistanceMeters></Trackpoint><Trackpoint><Time>2026-01-01T17:02:01Z</Time><Position><LatitudeDegrees>55.925859</LatitudeDegrees><LongitudeDegrees>37.707617</LongitudeDegrees></Position><DistanceMeters>336.2</DistanceMeters></Trackpoint><Trackpoint><Time>2026-01-01T17:02:03Z</Time><Position><LatitudeDegrees>55.925925</LatitudeDegrees><LongitudeDegrees>37.707632</LongitudeDegrees></Position><DistanceMeters>343.6</DistanceMeters></Trackpoint><Trackpoint><Time>2026-01-01T17:02:05Z</Time><Position><LatitudeDegrees>55.925979</LatitudeDegrees><LongitudeDegrees>37.707637</LongitudeDegrees></Position><DistanceMeters>349.5</DistanceMeters></Trackpoint><Trackpoint><Time>2026-01-01T17:02:08Z</Time><Position><LatitudeDegrees>55.926043</LatitudeDegrees><LongitudeDegrees>37.707631</LongitudeDegrees></Position><DistanceMeters>356.7</DistanceMeters></Trackpoint><Trackpoint><Time>2026-01-01T17:02:10Z</Time><Position><LatitudeDegrees>55.926092</LatitudeDegrees><LongitudeDegrees>37.707624</LongitudeDegrees></Position><DistanceMeters>362.1</DistanceMeters></Trackpoint><Trackpoint><Time>2026-01-01T17:02:13Z</Time><Position><LatitudeDegrees>55.926164</LatitudeDegrees><LongitudeDegrees>37.707613</LongitudeDegrees></Position><DistanceMeters>370.2</DistanceMeters></Trackpoint><Trackpoint><Time>2026-01-01T17:02:15Z</Time><Position><LatitudeDegrees>55.926220</LatitudeDegrees><LongitudeDegrees>37.707605</LongitudeDegrees></Position><DistanceMeters>376.4</DistanceMeters></Trackpoint><Trackpoint><Time>2026-01-01T17:02:18Z</Time><Position><LatitudeDegrees>55.926286</LatitudeDegrees><LongitudeDegrees>37.707599</LongitudeDegrees></Position><DistanceMeters>383.8</DistanceMeters></Trackpoint><Trackpoint><Time>2026-01-01T17:02:20Z</Time><Position><LatitudeDegrees>55.926346</LatitudeDegrees><LongitudeDegrees>37.707593</LongitudeDegrees></Position><DistanceMeters>390.5</DistanceMeters></Trackpoint><Trackpoint><Time>2026-01-01T17:02:23Z</Time><Position><LatitudeDegrees>55.926418</LatitudeDegrees><LongitudeDegrees>37.707586</LongitudeDegrees></Position><DistanceMeters>398.4</DistanceMeters></Trackpoint><Trackpoint><Time>2026-01-01T17:02:26Z</Time><Position><LatitudeDegrees>55.926483</LatitudeDegrees><LongitudeDegrees>37.707579</LongitudeDegrees></Position><DistanceMeters>405.7</DistanceMeters></Trackpoint><Trackpoint><Time>2026-01-01T17:02:28Z</Time><Position><LatitudeDegrees>55.926556</LatitudeDegrees><LongitudeDegrees>37.707572</LongitudeDegrees></Position><DistanceMeters>413.8</DistanceMeters></Trackpoint><Trackpoint><Time>2026-01-01T17:02:31Z</Time><Position><LatitudeDegrees>55.926615</LatitudeDegrees><LongitudeDegrees>37.707567</LongitudeDegrees></Position><DistanceMeters>420.5</DistanceMeters></Trackpoint><Trackpoint><Time>2026-01-01T17:02:33Z</Time><Position><LatitudeDegrees>55.926674</LatitudeDegrees><LongitudeDegrees>37.707564</LongitudeDegrees></Position><DistanceMeters>427.0</DistanceMeters></Trackpoint><Trackpoint><Time>2026-01-01T17:02:36Z</Time><Position><LatitudeDegrees>55.926735</LatitudeDegrees><LongitudeDegrees>37.707563</LongitudeDegrees></Position><DistanceMeters>433.8</DistanceMeters></Trackpoint><Trackpoint><Time>2026-01-01T17:02:38Z</Time><Position><LatitudeDegrees>55.926789</LatitudeDegrees><LongitudeDegrees>37.707563</LongitudeDegrees></Position><DistanceMeters>439.8</DistanceMeters></Trackpoint><Trackpoint><Time>2026-01-01T17:02:40Z</Time><Position><LatitudeDegrees>55.926841</LatitudeDegrees><LongitudeDegrees>37.707563</LongitudeDegrees></Position><DistanceMeters>445.6</DistanceMeters></Trackpoint><Trackpoint><Time>2026-01-01T17:02:42Z</Time><Position><LatitudeDegrees>55.926890</LatitudeDegrees><LongitudeDegrees>37.707568</LongitudeDegrees></Position><DistanceMeters>451.0</DistanceMeters></Trackpoint><Trackpoint><Time>2026-01-01T17:02:45Z</Time><Position><LatitudeDegrees>55.926962</LatitudeDegrees><LongitudeDegrees>37.707591</LongitudeDegrees></Position><DistanceMeters>459.1</DistanceMeters></Trackpoint><Trackpoint><Time>2026-01-01T17:02:47Z</Time><Position><LatitudeDegrees>55.927018</LatitudeDegrees><LongitudeDegrees>37.707608</LongitudeDegrees></Position><DistanceMeters>465.4</DistanceMeters></Trackpoint><Trackpoint><Time>2026-01-01T17:02:50Z</Time><Position><LatitudeDegrees>55.927085</LatitudeDegrees><LongitudeDegrees>37.707613</LongitudeDegrees></Position><DistanceMeters>473.0</DistanceMeters></Trackpoint><Trackpoint><Time>2026-01-01T17:02:52Z</Time><Position><LatitudeDegrees>55.927147</LatitudeDegrees><LongitudeDegrees>37.707613</LongitudeDegrees></Position><DistanceMeters>479.8</DistanceMeters></Trackpoint><Trackpoint><Time>2026-01-01T17:02:55Z</Time><Position><LatitudeDegrees>55.927215</LatitudeDegrees><LongitudeDegrees>37.707612</LongitudeDegrees></Position><DistanceMeters>487.3</DistanceMeters></Trackpoint><Trackpoint><Time>2026-01-01T17:02:57Z</Time><Position><LatitudeDegrees>55.927270</LatitudeDegrees><LongitudeDegrees>37.707613</LongitudeDegrees></Position><DistanceMeters>493.4</DistanceMeters></Trackpoint><Trackpoint><Time>2026-01-01T17:02:59Z</Time><Position><LatitudeDegrees>55.927317</LatitudeDegrees><LongitudeDegrees>37.707615</LongitudeDegrees></Position><DistanceMeters>498.7</DistanceMeters></Trackpoint><Trackpoint><Time>2026-01-01T17:03:01Z</Time><Position><LatitudeDegrees>55.927374</LatitudeDegrees><LongitudeDegrees>37.707617</LongitudeDegrees></Position><DistanceMeters>505.1</DistanceMeters></Trackpoint><Trackpoint><Time>2026-01-01T17:03:04Z</Time><Position><LatitudeDegrees>55.927430</LatitudeDegrees><LongitudeDegrees>37.707619</LongitudeDegrees></Position><DistanceMeters>511.3</DistanceMeters></Trackpoint><Trackpoint><Time>2026-01-01T17:03:06Z</Time><Position><LatitudeDegrees>55.927485</LatitudeDegrees><LongitudeDegrees>37.707622</LongitudeDegrees></Position><DistanceMeters>517.5</DistanceMeters></Trackpoint><Trackpoint><Time>2026-01-01T17:03:08Z</Time><Position><LatitudeDegrees>55.927541</LatitudeDegrees><LongitudeDegrees>37.707627</LongitudeDegrees></Position><DistanceMeters>523.7</DistanceMeters></Trackpoint><Trackpoint><Time>2026-01-01T17:03:11Z</Time><Position><LatitudeDegrees>55.927608</LatitudeDegrees><LongitudeDegrees>37.707633</LongitudeDegrees></Position><DistanceMeters>531.1</DistanceMeters></Trackpoint><Trackpoint><Time>2026-01-01T17:03:13Z</Time><Position><LatitudeDegrees>55.927668</LatitudeDegrees><LongitudeDegrees>37.707639</LongitudeDegrees></Position><DistanceMeters>537.8</DistanceMeters></Trackpoint><Trackpoint><Time>2026-01-01T17:03:16Z</Time><Position><LatitudeDegrees>55.927736</LatitudeDegrees><LongitudeDegrees>37.707644</LongitudeDegrees></Position><DistanceMeters>545.4</DistanceMeters></Trackpoint><Trackpoint><Time>2026-01-01T17:03:18Z</Time><Position><LatitudeDegrees>55.927791</LatitudeDegrees><LongitudeDegrees>37.707649</LongitudeDegrees></Position><DistanceMeters>551.5</DistanceMeters></Trackpoint><Trackpoint><Time>2026-01-01T17:03:20Z</Time><Position><LatitudeDegrees>55.927851</LatitudeDegrees><LongitudeDegrees>37.707653</LongitudeDegrees></Position><DistanceMeters>558.2</DistanceMeters></Trackpoint><Trackpoint><Time>2026-01-01T17:03:23Z</Time><Position><LatitudeDegrees>55.927906</LatitudeDegrees><LongitudeDegrees>37.707657</LongitudeDegrees></Position><DistanceMeters>564.3</DistanceMeters></Trackpoint><Trackpoint><Time>2026-01-01T17:03:25Z</Time><Position><LatitudeDegrees>55.927961</LatitudeDegrees><LongitudeDegrees>37.707661</LongitudeDegrees></Position><DistanceMeters>570.4</DistanceMeters></Trackpoint><Trackpoint><Time>2026-01-01T17:03:28Z</Time><Position><LatitudeDegrees>55.928029</LatitudeDegrees><LongitudeDegrees>37.707667</LongitudeDegrees></Position><DistanceMeters>578.0</DistanceMeters></Trackpoint><Trackpoint><Time>2026-01-01T17:03:30Z</Time><Position><LatitudeDegrees>55.928092</LatitudeDegrees><LongitudeDegrees>37.707672</LongitudeDegrees></Position><DistanceMeters>584.9</DistanceMeters></Trackpoint><Trackpoint><Time>2026-01-01T17:03:32Z</Time><Position><LatitudeDegrees>55.928139</LatitudeDegrees><LongitudeDegrees>37.707677</LongitudeDegrees></Position><DistanceMeters>590.2</DistanceMeters></Trackpoint><Trackpoint><Time>2026-01-01T17:03:35Z</Time><Position><LatitudeDegrees>55.928205</LatitudeDegrees><LongitudeDegrees>37.707683</LongitudeDegrees></Position><DistanceMeters>597.6</DistanceMeters></Trackpoint><Trackpoint><Time>2026-01-01T17:03:37Z</Time><Position><LatitudeDegrees>55.928255</LatitudeDegrees><LongitudeDegrees>37.707687</LongitudeDegrees></Position><DistanceMeters>603.2</DistanceMeters></Trackpoint><Trackpoint><Time>2026-01-01T17:03:39Z</Time><Position><LatitudeDegrees>55.928309</LatitudeDegrees><LongitudeDegrees>37.707690</LongitudeDegrees></Position><DistanceMeters>609.2</DistanceMeters></Trackpoint><Trackpoint><Time>2026-01-01T17:03:41Z</Time><Position><LatitudeDegrees>55.928375</LatitudeDegrees><LongitudeDegrees>37.707692</LongitudeDegrees></Position><DistanceMeters>616.5</DistanceMeters></Trackpoint><Trackpoint><Time>2026-01-01T17:03:44Z</Time><Position><LatitudeDegrees>55.928432</LatitudeDegrees><LongitudeDegrees>37.707691</LongitudeDegrees></Position><DistanceMeters>622.8</DistanceMeters></Trackpoint><Trackpoint><Time>2026-01-01T17:03:46Z</Time><Position><LatitudeDegrees>55.928489</LatitudeDegrees><LongitudeDegrees>37.707691</LongitudeDegrees></Position><DistanceMeters>629.1</DistanceMeters></Trackpoint><Trackpoint><Time>2026-01-01T17:03:48Z</Time><Position><LatitudeDegrees>55.928546</LatitudeDegrees><LongitudeDegrees>37.707694</LongitudeDegrees></Position><DistanceMeters>635.5</DistanceMeters></Trackpoint><Trackpoint><Time>2026-01-01T17:03:51Z</Time><Position><LatitudeDegrees>55.928609</LatitudeDegrees><LongitudeDegrees>37.707698</LongitudeDegrees></Position><DistanceMeters>642.5</DistanceMeters></Trackpoint><Trackpoint><Time>2026-01-01T17:03:53Z</Time><Position><LatitudeDegrees>55.928660</LatitudeDegrees><LongitudeDegrees>37.707703</LongitudeDegrees></Position><DistanceMeters>648.2</DistanceMeters></Trackpoint><Trackpoint><Time>2026-01-01T17:03:55Z</Time><Position><LatitudeDegrees>55.928718</LatitudeDegrees><LongitudeDegrees>37.707706</LongitudeDegrees></Position><DistanceMeters>654.6</DistanceMeters></Trackpoint><Trackpoint><Time>2026-01-01T17:03:57Z</Time><Position><LatitudeDegrees>55.928770</LatitudeDegrees><LongitudeDegrees>37.707708</LongitudeDegrees></Position><DistanceMeters>660.4</DistanceMeters></Trackpoint><Trackpoint><Time>2026-01-01T17:03:59Z</Time><Position><LatitudeDegrees>55.928817</LatitudeDegrees><LongitudeDegrees>37.707706</LongitudeDegrees></Position><DistanceMeters>665.6</DistanceMeters></Trackpoint><Trackpoint><Time>2026-01-01T17:04:02Z</Time><Position><LatitudeDegrees>55.928884</LatitudeDegrees><LongitudeDegrees>37.707701</LongitudeDegrees></Position><DistanceMeters>673.1</DistanceMeters></Trackpoint><Trackpoint><Time>2026-01-01T17:04:04Z</Time><Position><LatitudeDegrees>55.928938</LatitudeDegrees><LongitudeDegrees>37.707690</LongitudeDegrees></Position><DistanceMeters>679.2</DistanceMeters></Trackpoint><Trackpoint><Time>2026-01-01T17:04:07Z</Time><Position><LatitudeDegrees>55.929002</LatitudeDegrees><LongitudeDegrees>37.707679</LongitudeDegrees></Position><DistanceMeters>686.3</DistanceMeters></Trackpoint><Trackpoint><Time>2026-01-01T17:04:09Z</Time><Position><LatitudeDegrees>55.929060</LatitudeDegrees><LongitudeDegrees>37.707682</LongitudeDegrees></Position><DistanceMeters>692.7</DistanceMeters></Trackpoint><Trackpoint><Time>2026-01-01T17:04:11Z</Time><Position><LatitudeDegrees>55.929114</LatitudeDegrees><LongitudeDegrees>37.707686</LongitudeDegrees></Position><DistanceMeters>698.8</DistanceMeters></Trackpoint><Trackpoint><Time>2026-01-01T17:04:13Z</Time><Position><LatitudeDegrees>55.929167</LatitudeDegrees><LongitudeDegrees>37.707693</LongitudeDegrees></Position><DistanceMeters>704.7</DistanceMeters></Trackpoint><Trackpoint><Time>2026-01-01T17:04:16Z</Time><Position><LatitudeDegrees>55.929229</LatitudeDegrees><LongitudeDegrees>37.707704</LongitudeDegrees></Position><DistanceMeters>711.6</DistanceMeters></Trackpoint><Trackpoint><Time>2026-01-01T17:04:18Z</Time><Position><LatitudeDegrees>55.929290</LatitudeDegrees><LongitudeDegrees>37.707716</LongitudeDegrees></Position><DistanceMeters>718.4</DistanceMeters></Trackpoint><Trackpoint><Time>2026-01-01T17:04:20Z</Time><Position><LatitudeDegrees>55.929341</LatitudeDegrees><LongitudeDegrees>37.707723</LongitudeDegrees></Position><DistanceMeters>724.1</DistanceMeters></Trackpoint><Trackpoint><Time>2026-01-01T17:04:22Z</Time><Position><LatitudeDegrees>55.929386</LatitudeDegrees><LongitudeDegrees>37.707728</LongitudeDegrees></Position><DistanceMeters>729.1</DistanceMeters></Trackpoint><Trackpoint><Time>2026-01-01T17:04:24Z</Time><Position><LatitudeDegrees>55.929441</LatitudeDegrees><LongitudeDegrees>37.707732</LongitudeDegrees></Position><DistanceMeters>735.3</DistanceMeters></Trackpoint><Trackpoint><Time>2026-01-01T17:04:26Z</Time><Position><LatitudeDegrees>55.929489</LatitudeDegrees><LongitudeDegrees>37.707734</LongitudeDegrees></Position><DistanceMeters>740.6</DistanceMeters></Trackpoint><Trackpoint><Time>2026-01-01T17:04:28Z</Time><Position><LatitudeDegrees>55.929546</LatitudeDegrees><LongitudeDegrees>37.707736</LongitudeDegrees></Position><DistanceMeters>747.0</DistanceMeters></Trackpoint><Trackpoint><Time>2026-01-01T17:04:30Z</Time><Position><LatitudeDegrees>55.929597</LatitudeDegrees><LongitudeDegrees>37.707735</LongitudeDegrees></Position><DistanceMeters>752.6</DistanceMeters></Trackpoint><Trackpoint><Time>2026-01-01T17:04:33Z</Time><Position><LatitudeDegrees>55.929657</LatitudeDegrees><LongitudeDegrees>37.707732</LongitudeDegrees></Position><DistanceMeters>759.3</DistanceMeters></Trackpoint><Trackpoint><Time>2026-01-01T17:04:35Z</Time><Position><LatitudeDegrees>55.929717</LatitudeDegrees><LongitudeDegrees>37.707726</LongitudeDegrees></Position><DistanceMeters>765.9</DistanceMeters></Trackpoint><Trackpoint><Time>2026-01-01T17:04:38Z</Time><Position><LatitudeDegrees>55.929780</LatitudeDegrees><LongitudeDegrees>37.707721</LongitudeDegrees></Position><DistanceMeters>772.9</DistanceMeters></Trackpoint><Trackpoint><Time>2026-01-01T17:04:40Z</Time><Position><LatitudeDegrees>55.929830</LatitudeDegrees><LongitudeDegrees>37.707719</LongitudeDegrees></Position><DistanceMeters>778.5</DistanceMeters></Trackpoint><Trackpoint><Time>2026-01-01T17:04:42Z</Time><Position><LatitudeDegrees>55.929886</LatitudeDegrees><LongitudeDegrees>37.707721</LongitudeDegrees></Position><DistanceMeters>784.7</DistanceMeters></Trackpoint><Trackpoint><Time>2026-01-01T17:04:44Z</Time><Position><LatitudeDegrees>55.929936</LatitudeDegrees><LongitudeDegrees>37.707724</LongitudeDegrees></Position><DistanceMeters>790.4</DistanceMeters></Trackpoint><Trackpoint><Time>2026-01-01T17:04:46Z</Time><Position><LatitudeDegrees>55.929989</LatitudeDegrees><LongitudeDegrees>37.707727</LongitudeDegrees></Position><DistanceMeters>796.2</DistanceMeters></Trackpoint><Trackpoint><Time>2026-01-01T17:04:49Z</Time><Position><LatitudeDegrees>55.930058</LatitudeDegrees><LongitudeDegrees>37.707729</LongitudeDegrees></Position><DistanceMeters>803.9</DistanceMeters></Trackpoint><Trackpoint><Time>2026-01-01T17:04:51Z</Time><Position><LatitudeDegrees>55.930121</LatitudeDegrees><LongitudeDegrees>37.707724</LongitudeDegrees></Position><DistanceMeters>810.9</DistanceMeters></Trackpoint><Trackpoint><Time>2026-01-01T17:04:54Z</Time><Position><LatitudeDegrees>55.930196</LatitudeDegrees><LongitudeDegrees>37.707703</LongitudeDegrees></Position><DistanceMeters>819.4</DistanceMeters></Trackpoint><Trackpoint><Time>2026-01-01T17:04:57Z</Time><Position><LatitudeDegrees>55.930250</LatitudeDegrees><LongitudeDegrees>37.707685</LongitudeDegrees></Position><DistanceMeters>825.4</DistanceMeters></Trackpoint><Trackpoint><Time>2026-01-01T17:04:59Z</Time><Position><LatitudeDegrees>55.930314</LatitudeDegrees><LongitudeDegrees>37.707682</LongitudeDegrees></Position><DistanceMeters>832.6</DistanceMeters></Trackpoint><Trackpoint><Time>2026-01-01T17:05:02Z</Time><Position><LatitudeDegrees>55.930374</LatitudeDegrees><LongitudeDegrees>37.707695</LongitudeDegrees></Position><DistanceMeters>839.3</DistanceMeters></Trackpoint><Trackpoint><Time>2026-01-01T17:05:04Z</Time><Position><LatitudeDegrees>55.930434</LatitudeDegrees><LongitudeDegrees>37.707727</LongitudeDegrees></Position><DistanceMeters>846.3</DistanceMeters></Trackpoint><Trackpoint><Time>2026-01-01T17:05:06Z</Time><Position><LatitudeDegrees>55.930485</LatitudeDegrees><LongitudeDegrees>37.707751</LongitudeDegrees></Position><DistanceMeters>852.1</DistanceMeters></Trackpoint><Trackpoint><Time>2026-01-01T17:05:09Z</Time><Position><LatitudeDegrees>55.930545</LatitudeDegrees><LongitudeDegrees>37.707762</LongitudeDegrees></Position><DistanceMeters>858.9</DistanceMeters></Trackpoint><Trackpoint><Time>2026-01-01T17:05:11Z</Time><Position><LatitudeDegrees>55.930599</LatitudeDegrees><LongitudeDegrees>37.707768</LongitudeDegrees></Position><DistanceMeters>864.9</DistanceMeters></Trackpoint><Trackpoint><Time>2026-01-01T17:05:13Z</Time><Position><LatitudeDegrees>55.930653</LatitudeDegrees><LongitudeDegrees>37.707763</LongitudeDegrees></Position><DistanceMeters>870.9</DistanceMeters></Trackpoint><Trackpoint><Time>2026-01-01T17:05:16Z</Time><Position><LatitudeDegrees>55.930733</LatitudeDegrees><LongitudeDegrees>37.707761</LongitudeDegrees></Position><DistanceMeters>879.8</DistanceMeters></Trackpoint><Trackpoint><Time>2026-01-01T17:05:18Z</Time><Position><LatitudeDegrees>55.930779</LatitudeDegrees><LongitudeDegrees>37.707754</LongitudeDegrees></Position><DistanceMeters>884.9</DistanceMeters></Trackpoint><Trackpoint><Time>2026-01-01T17:05:20Z</Time><Position><LatitudeDegrees>55.930838</LatitudeDegrees><LongitudeDegrees>37.707745</LongitudeDegrees></Position><DistanceMeters>891.5</DistanceMeters></Trackpoint><Trackpoint><Time>2026-01-01T17:05:23Z</Time><Position><LatitudeDegrees>55.930910</LatitudeDegrees><LongitudeDegrees>37.707731</LongitudeDegrees></Position><DistanceMeters>899.6</DistanceMeters></Trackpoint><Trackpoint><Time>2026-01-01T17:05:25Z</Time><Position><LatitudeDegrees>55.930962</LatitudeDegrees><LongitudeDegrees>37.707720</LongitudeDegrees></Position><DistanceMeters>905.3</DistanceMeters></Trackpoint><Trackpoint><Time>2026-01-01T17:05:28Z</Time><Position><LatitudeDegrees>55.931029</LatitudeDegrees><LongitudeDegrees>37.707719</LongitudeDegrees></Position><DistanceMeters>912.8</DistanceMeters></Trackpoint><Trackpoint><Time>2026-01-01T17:05:31Z</Time><Position><LatitudeDegrees>55.931100</LatitudeDegrees><LongitudeDegrees>37.707719</LongitudeDegrees></Position><DistanceMeters>920.7</DistanceMeters></Trackpoint><Trackpoint><Time>2026-01-01T17:05:33Z</Time><Position><LatitudeDegrees>55.931162</LatitudeDegrees><LongitudeDegrees>37.707720</LongitudeDegrees></Position><DistanceMeters>927.6</DistanceMeters></Trackpoint><Trackpoint><Time>2026-01-01T17:05:36Z</Time><Position><LatitudeDegrees>55.931230</LatitudeDegrees><LongitudeDegrees>37.707723</LongitudeDegrees></Position><DistanceMeters>935.2</DistanceMeters></Trackpoint><Trackpoint><Time>2026-01-01T17:05:38Z</Time><Position><LatitudeDegrees>55.931284</LatitudeDegrees><LongitudeDegrees>37.707729</LongitudeDegrees></Position><DistanceMeters>941.2</DistanceMeters></Trackpoint><Trackpoint><Time>2026-01-01T17:05:41Z</Time><Position><LatitudeDegrees>55.931340</LatitudeDegrees><LongitudeDegrees>37.707739</LongitudeDegrees></Position><DistanceMeters>947.5</DistanceMeters></Trackpoint><Trackpoint><Time>2026-01-01T17:05:43Z</Time><Position><LatitudeDegrees>55.931392</LatitudeDegrees><LongitudeDegrees>37.707751</LongitudeDegrees></Position><DistanceMeters>953.3</DistanceMeters></Trackpoint><Trackpoint><Time>2026-01-01T17:05:45Z</Time><Position><LatitudeDegrees>55.931446</LatitudeDegrees><LongitudeDegrees>37.707762</LongitudeDegrees></Position><DistanceMeters>959.3</DistanceMeters></Trackpoint><Trackpoint><Time>2026-01-01T17:05:48Z</Time><Position><LatitudeDegrees>55.931517</LatitudeDegrees><LongitudeDegrees>37.707774</LongitudeDegrees></Position><DistanceMeters>967.2</DistanceMeters></Trackpoint><Trackpoint><Time>2026-01-01T17:05:50Z</Time><Position><LatitudeDegrees>55.931566</LatitudeDegrees><LongitudeDegrees>37.707781</LongitudeDegrees></Position><DistanceMeters>972.7</DistanceMeters></Trackpoint><Trackpoint><Time>2026-01-01T17:05:52Z</Time><Position><LatitudeDegrees>55.931621</LatitudeDegrees><LongitudeDegrees>37.707786</LongitudeDegrees></Position><DistanceMeters>978.9</DistanceMeters></Trackpoint><Trackpoint><Time>2026-01-01T17:05:54Z</Time><Position><LatitudeDegrees>55.931675</LatitudeDegrees><LongitudeDegrees>37.707791</LongitudeDegrees></Position><DistanceMeters>984.9</DistanceMeters></Trackpoint><Trackpoint><Time>2026-01-01T17:05:56Z</Time><Position><LatitudeDegrees>55.931734</LatitudeDegrees><LongitudeDegrees>37.707795</LongitudeDegrees></Position><DistanceMeters>991.4</DistanceMeters></Trackpoint><Trackpoint><Time>2026-01-01T17:05:59Z</Time><Position><LatitudeDegrees>55.931789</LatitudeDegrees><LongitudeDegrees>37.707800</LongitudeDegrees></Position><DistanceMeters>997.6</DistanceMeters></Trackpoint><Trackpoint><Time>2026-01-01T17:06:01Z</Time><Position><LatitudeDegrees>55.931841</LatitudeDegrees><LongitudeDegrees>37.707804</LongitudeDegrees></Position><DistanceMeters>1003.3</DistanceMeters></Trackpoint><Trackpoint><Time>2026-01-01T17:06:03Z</Time><Position><LatitudeDegrees>55.931890</LatitudeDegrees><LongitudeDegrees>37.707809</LongitudeDegrees></Position><DistanceMeters>1008.8</DistanceMeters></Trackpoint><Trackpoint><Time>2026-01-01T17:06:05Z</Time><Position><LatitudeDegrees>55.931940</LatitudeDegrees><LongitudeDegrees>37.707815</LongitudeDegrees></Position><DistanceMeters>1014.3</DistanceMeters></Trackpoint><Trackpoint><Time>2026-01-01T17:06:07Z</Time><Position><LatitudeDegrees>55.931995</LatitudeDegrees><LongitudeDegrees>37.707822</LongitudeDegrees></Position><DistanceMeters>1020.5</DistanceMeters></Trackpoint><Trackpoint><Time>2026-01-01T17:06:09Z</Time><Position><LatitudeDegrees>55.932044</LatitudeDegrees><LongitudeDegrees>37.707828</LongitudeDegrees></Position><DistanceMeters>1025.9</DistanceMeters></Trackpoint><Trackpoint><Time>2026-01-01T17:06:12Z</Time><Position><LatitudeDegrees>55.932111</LatitudeDegrees><LongitudeDegrees>37.707835</LongitudeDegrees></Position><DistanceMeters>1033.4</DistanceMeters></Trackpoint><Trackpoint><Time>2026-01-01T17:06:14Z</Time><Position><LatitudeDegrees>55.932168</LatitudeDegrees><LongitudeDegrees>37.707834</LongitudeDegrees></Position><DistanceMeters>1039.8</DistanceMeters></Trackpoint><Trackpoint><Time>2026-01-01T17:06:16Z</Time><Position><LatitudeDegrees>55.932233</LatitudeDegrees><LongitudeDegrees>37.707824</LongitudeDegrees></Position><DistanceMeters>1047.0</DistanceMeters></Trackpoint><Trackpoint><Time>2026-01-01T17:06:19Z</Time><Position><LatitudeDegrees>55.932295</LatitudeDegrees><LongitudeDegrees>37.707809</LongitudeDegrees></Position><DistanceMeters>1053.9</DistanceMeters></Trackpoint><Trackpoint><Time>2026-01-01T17:06:21Z</Time><Position><LatitudeDegrees>55.932357</LatitudeDegrees><LongitudeDegrees>37.707796</LongitudeDegrees></Position><DistanceMeters>1060.9</DistanceMeters></Trackpoint><Trackpoint><Time>2026-01-01T17:06:23Z</Time><Position><LatitudeDegrees>55.932405</LatitudeDegrees><LongitudeDegrees>37.707786</LongitudeDegrees></Position><DistanceMeters>1066.3</DistanceMeters></Trackpoint><Trackpoint><Time>2026-01-01T17:06:26Z</Time><Position><LatitudeDegrees>55.932458</LatitudeDegrees><LongitudeDegrees>37.707767</LongitudeDegrees></Position><DistanceMeters>1072.3</DistanceMeters></Trackpoint><Trackpoint><Time>2026-01-01T17:06:28Z</Time><Position><LatitudeDegrees>55.932524</LatitudeDegrees><LongitudeDegrees>37.707744</LongitudeDegrees></Position><DistanceMeters>1079.8</DistanceMeters></Trackpoint><Trackpoint><Time>2026-01-01T17:06:30Z</Time><Position><LatitudeDegrees>55.932576</LatitudeDegrees><LongitudeDegrees>37.707739</LongitudeDegrees></Position><DistanceMeters>1085.6</DistanceMeters></Trackpoint><Trackpoint><Time>2026-01-01T17:06:32Z</Time><Position><LatitudeDegrees>55.932628</LatitudeDegrees><LongitudeDegrees>37.707742</LongitudeDegrees></Position><DistanceMeters>1091.3</DistanceMeters></Trackpoint><Trackpoint><Time>2026-01-01T17:06:34Z</Time><Position><LatitudeDegrees>55.932677</LatitudeDegrees><LongitudeDegrees>37.707748</LongitudeDegrees></Position><DistanceMeters>1096.8</DistanceMeters></Trackpoint><Trackpoint><Time>2026-01-01T17:06:36Z</Time><Position><LatitudeDegrees>55.932730</LatitudeDegrees><LongitudeDegrees>37.707753</LongitudeDegrees></Position><DistanceMeters>1102.7</DistanceMeters></Trackpoint><Trackpoint><Time>2026-01-01T17:06:38Z</Time><Position><LatitudeDegrees>55.932779</LatitudeDegrees><LongitudeDegrees>37.707752</LongitudeDegrees></Position><DistanceMeters>1108.2</DistanceMeters></Trackpoint><Trackpoint><Time>2026-01-01T17:06:41Z</Time><Position><LatitudeDegrees>55.932831</LatitudeDegrees><LongitudeDegrees>37.707748</LongitudeDegrees></Position><DistanceMeters>1114.0</DistanceMeters></Trackpoint><Trackpoint><Time>2026-01-01T17:06:43Z</Time><Position><LatitudeDegrees>55.932886</LatitudeDegrees><LongitudeDegrees>37.707745</LongitudeDegrees></Position><DistanceMeters>1120.0</DistanceMeters></Trackpoint><Trackpoint><Time>2026-01-01T17:06:45Z</Time><Position><LatitudeDegrees>55.932950</LatitudeDegrees><LongitudeDegrees>37.707740</LongitudeDegrees></Position><DistanceMeters>1127.2</DistanceMeters></Trackpoint><Trackpoint><Time>2026-01-01T17:06:48Z</Time><Position><LatitudeDegrees>55.933021</LatitudeDegrees><LongitudeDegrees>37.707730</LongitudeDegrees></Position><DistanceMeters>1135.2</DistanceMeters></Trackpoint><Trackpoint><Time>2026-01-01T17:06:52Z</Time><Position><LatitudeDegrees>55.933108</LatitudeDegrees><LongitudeDegrees>37.707720</LongitudeDegrees></Position><DistanceMeters>1144.8</DistanceMeters></Trackpoint><Trackpoint><Time>2026-01-01T17:06:55Z</Time><Position><LatitudeDegrees>55.933188</LatitudeDegrees><LongitudeDegrees>37.707713</LongitudeDegrees></Position><DistanceMeters>1153.8</DistanceMeters></Trackpoint><Trackpoint><Time>2026-01-01T17:06:58Z</Time><Position><LatitudeDegrees>55.933263</LatitudeDegrees><LongitudeDegrees>37.707715</LongitudeDegrees></Position><DistanceMeters>1162.1</DistanceMeters></Trackpoint><Trackpoint><Time>2026-01-01T17:07:01Z</Time><Position><LatitudeDegrees>55.933330</LatitudeDegrees><LongitudeDegrees>37.707728</LongitudeDegrees></Position><DistanceMeters>1169.5</DistanceMeters></Trackpoint><Trackpoint><Time>2026-01-01T17:07:03Z</Time><Position><LatitudeDegrees>55.933392</LatitudeDegrees><LongitudeDegrees>37.707746</LongitudeDegrees></Position><DistanceMeters>1176.6</DistanceMeters></Trackpoint><Trackpoint><Time>2026-01-01T17:07:05Z</Time><Position><LatitudeDegrees>55.933446</LatitudeDegrees><LongitudeDegrees>37.707762</LongitudeDegrees></Position><DistanceMeters>1182.7</DistanceMeters></Trackpoint><Trackpoint><Time>2026-01-01T17:07:08Z</Time><Position><LatitudeDegrees>55.933502</LatitudeDegrees><LongitudeDegrees>37.707772</LongitudeDegrees></Position><DistanceMeters>1189.0</DistanceMeters></Trackpoint><Trackpoint><Time>2026-01-01T17:07:10Z</Time><Position><LatitudeDegrees>55.933575</LatitudeDegrees><LongitudeDegrees>37.707784</LongitudeDegrees></Position><DistanceMeters>1197.1</DistanceMeters></Trackpoint><Trackpoint><Time>2026-01-01T17:07:12Z</Time><Position><LatitudeDegrees>55.933623</LatitudeDegrees><LongitudeDegrees>37.707792</LongitudeDegrees></Position><DistanceMeters>1202.4</DistanceMeters></Trackpoint><Trackpoint><Time>2026-01-01T17:07:15Z</Time><Position><LatitudeDegrees>55.933690</LatitudeDegrees><LongitudeDegrees>37.707802</LongitudeDegrees></Position><DistanceMeters>1209.9</DistanceMeters></Trackpoint><Trackpoint><Time>2026-01-01T17:07:17Z</Time><Position><LatitudeDegrees>55.933745</LatitudeDegrees><LongitudeDegrees>37.707811</LongitudeDegrees></Position><DistanceMeters>1216.0</DistanceMeters></Trackpoint><Trackpoint><Time>2026-01-01T17:07:19Z</Time><Position><LatitudeDegrees>55.933800</LatitudeDegrees><LongitudeDegrees>37.707818</LongitudeDegrees></Position><DistanceMeters>1222.2</DistanceMeters></Trackpoint><Trackpoint><Time>2026-01-01T17:07:22Z</Time><Position><LatitudeDegrees>55.933861</LatitudeDegrees><LongitudeDegrees>37.707817</LongitudeDegrees></Position><DistanceMeters>1229.0</DistanceMeters></Trackpoint><Trackpoint><Time>2026-01-01T17:07:25Z</Time><Position><LatitudeDegrees>55.933929</LatitudeDegrees><LongitudeDegrees>37.707811</LongitudeDegrees></Position><DistanceMeters>1236.5</DistanceMeters></Trackpoint><Trackpoint><Time>2026-01-01T17:07:27Z</Time><Position><LatitudeDegrees>55.933979</LatitudeDegrees><LongitudeDegrees>37.707805</LongitudeDegrees></Position><DistanceMeters>1242.1</DistanceMeters></Trackpoint><Trackpoint><Time>2026-01-01T17:07:29Z</Time><Position><LatitudeDegrees>55.934032</LatitudeDegrees><LongitudeDegrees>37.707800</LongitudeDegrees></Position><DistanceMeters>1248.0</DistanceMeters></Trackpoint><Trackpoint><Time>2026-01-01T17:07:31Z</Time><Position><LatitudeDegrees>55.934096</LatitudeDegrees><LongitudeDegrees>37.707801</LongitudeDegrees></Position><DistanceMeters>1255.1</DistanceMeters></Trackpoint><Trackpoint><Time>2026-01-01T17:07:33Z</Time><Position><LatitudeDegrees>55.934149</LatitudeDegrees><LongitudeDegrees>37.707803</LongitudeDegrees></Position><DistanceMeters>1261.0</DistanceMeters></Trackpoint><Trackpoint><Time>2026-01-01T17:07:36Z</Time><Position><LatitudeDegrees>55.934200</LatitudeDegrees><LongitudeDegrees>37.707809</LongitudeDegrees></Position><DistanceMeters>1266.7</DistanceMeters></Trackpoint><Trackpoint><Time>2026-01-01T17:07:38Z</Time><Position><LatitudeDegrees>55.934254</LatitudeDegrees><LongitudeDegrees>37.707818</LongitudeDegrees></Position><DistanceMeters>1272.7</DistanceMeters></Trackpoint><Trackpoint><Time>2026-01-01T17:07:40Z</Time><Position><LatitudeDegrees>55.934300</LatitudeDegrees><LongitudeDegrees>37.707830</LongitudeDegrees></Position><DistanceMeters>1277.9</DistanceMeters></Trackpoint><Trackpoint><Time>2026-01-01T17:07:43Z</Time><Position><LatitudeDegrees>55.934374</LatitudeDegrees><LongitudeDegrees>37.707865</LongitudeDegrees></Position><DistanceMeters>1286.5</DistanceMeters></Trackpoint><Trackpoint><Time>2026-01-01T17:07:45Z</Time><Position><LatitudeDegrees>55.934429</LatitudeDegrees><LongitudeDegrees>37.707897</LongitudeDegrees></Position><DistanceMeters>1292.9</DistanceMeters></Trackpoint><Trackpoint><Time>2026-01-01T17:07:47Z</Time><Position><LatitudeDegrees>55.934493</LatitudeDegrees><LongitudeDegrees>37.707902</LongitudeDegrees></Position><DistanceMeters>1300.0</DistanceMeters></Trackpoint><Trackpoint><Time>2026-01-01T17:07:50Z</Time><Position><LatitudeDegrees>55.934555</LatitudeDegrees><LongitudeDegrees>37.707899</LongitudeDegrees></Position><DistanceMeters>1306.9</DistanceMeters></Trackpoint><Trackpoint><Time>2026-01-01T17:07:53Z</Time><Position><LatitudeDegrees>55.934619</LatitudeDegrees><LongitudeDegrees>37.707889</LongitudeDegrees></Position><DistanceMeters>1314.1</DistanceMeters></Trackpoint><Trackpoint><Time>2026-01-01T17:07:55Z</Time><Position><LatitudeDegrees>55.934670</LatitudeDegrees><LongitudeDegrees>37.707877</LongitudeDegrees></Position><DistanceMeters>1319.7</DistanceMeters></Trackpoint><Trackpoint><Time>2026-01-01T17:07:57Z</Time><Position><LatitudeDegrees>55.934720</LatitudeDegrees><LongitudeDegrees>37.707866</LongitudeDegrees></Position><DistanceMeters>1325.3</DistanceMeters></Trackpoint><Trackpoint><Time>2026-01-01T17:07:59Z</Time><Position><LatitudeDegrees>55.934775</LatitudeDegrees><LongitudeDegrees>37.707855</LongitudeDegrees></Position><DistanceMeters>1331.5</DistanceMeters></Trackpoint><Trackpoint><Time>2026-01-01T17:08:01Z</Time><Position><LatitudeDegrees>55.934828</LatitudeDegrees><LongitudeDegrees>37.707846</LongitudeDegrees></Position><DistanceMeters>1337.4</DistanceMeters></Trackpoint><Trackpoint><Time>2026-01-01T17:08:03Z</Time><Position><LatitudeDegrees>55.934886</LatitudeDegrees><LongitudeDegrees>37.707841</LongitudeDegrees></Position><DistanceMeters>1343.8</DistanceMeters></Trackpoint><Trackpoint><Time>2026-01-01T17:08:06Z</Time><Position><LatitudeDegrees>55.934941</LatitudeDegrees><LongitudeDegrees>37.707840</LongitudeDegrees></Position><DistanceMeters>1350.0</DistanceMeters></Trackpoint><Trackpoint><Time>2026-01-01T17:08:08Z</Time><Position><LatitudeDegrees>55.934994</LatitudeDegrees><LongitudeDegrees>37.707842</LongitudeDegrees></Position><DistanceMeters>1355.9</DistanceMeters></Trackpoint><Trackpoint><Time>2026-01-01T17:08:10Z</Time><Position><LatitudeDegrees>55.935054</LatitudeDegrees><LongitudeDegrees>37.707846</LongitudeDegrees></Position><DistanceMeters>1362.6</DistanceMeters></Trackpoint><Trackpoint><Time>2026-01-01T17:08:12Z</Time><Position><LatitudeDegrees>55.935104</LatitudeDegrees><LongitudeDegrees>37.707850</LongitudeDegrees></Position><DistanceMeters>1368.1</DistanceMeters></Trackpoint><Trackpoint><Time>2026-01-01T17:08:14Z</Time><Position><LatitudeDegrees>55.935159</LatitudeDegrees><LongitudeDegrees>37.707852</LongitudeDegrees></Position><DistanceMeters>1374.2</DistanceMeters></Trackpoint><Trackpoint><Time>2026-01-01T17:08:16Z</Time><Position><LatitudeDegrees>55.935212</LatitudeDegrees><LongitudeDegrees>37.707855</LongitudeDegrees></Position><DistanceMeters>1380.2</DistanceMeters></Trackpoint><Trackpoint><Time>2026-01-01T17:08:20Z</Time><Position><LatitudeDegrees>55.935302</LatitudeDegrees><LongitudeDegrees>37.707865</LongitudeDegrees></Position><DistanceMeters>1390.2</DistanceMeters></Trackpoint><Trackpoint><Time>2026-01-01T17:08:22Z</Time><Position><LatitudeDegrees>55.935350</LatitudeDegrees><LongitudeDegrees>37.707869</LongitudeDegrees></Position><DistanceMeters>1395.5</DistanceMeters></Trackpoint><Trackpoint><Time>2026-01-01T17:08:24Z</Time><Position><LatitudeDegrees>55.935412</LatitudeDegrees><LongitudeDegrees>37.707872</LongitudeDegrees></Position><DistanceMeters>1402.4</DistanceMeters></Trackpoint><Trackpoint><Time>2026-01-01T17:08:26Z</Time><Position><LatitudeDegrees>55.935460</LatitudeDegrees><LongitudeDegrees>37.707875</LongitudeDegrees></Position><DistanceMeters>1407.7</DistanceMeters></Trackpoint><Trackpoint><Time>2026-01-01T17:08:28Z</Time><Position><LatitudeDegrees>55.935513</LatitudeDegrees><LongitudeDegrees>37.707879</LongitudeDegrees></Position><DistanceMeters>1413.6</DistanceMeters></Trackpoint><Trackpoint><Time>2026-01-01T17:08:30Z</Time><Position><LatitudeDegrees>55.935564</LatitudeDegrees><LongitudeDegrees>37.707885</LongitudeDegrees></Position><DistanceMeters>1419.4</DistanceMeters></Trackpoint><Trackpoint><Time>2026-01-01T17:08:33Z</Time><Position><LatitudeDegrees>55.935619</LatitudeDegrees><LongitudeDegrees>37.707891</LongitudeDegrees></Position><DistanceMeters>1425.5</DistanceMeters></Trackpoint><Trackpoint><Time>2026-01-01T17:08:35Z</Time><Position><LatitudeDegrees>55.935671</LatitudeDegrees><LongitudeDegrees>37.707899</LongitudeDegrees></Position><DistanceMeters>1431.3</DistanceMeters></Trackpoint><Trackpoint><Time>2026-01-01T17:08:37Z</Time><Position><LatitudeDegrees>55.935720</LatitudeDegrees><LongitudeDegrees>37.707906</LongitudeDegrees></Position><DistanceMeters>1436.8</DistanceMeters></Trackpoint><Trackpoint><Time>2026-01-01T17:08:39Z</Time><Position><LatitudeDegrees>55.935771</LatitudeDegrees><LongitudeDegrees>37.707911</LongitudeDegrees></Position><DistanceMeters>1442.4</DistanceMeters></Trackpoint><Trackpoint><Time>2026-01-01T17:08:41Z</Time><Position><LatitudeDegrees>55.935820</LatitudeDegrees><LongitudeDegrees>37.707913</LongitudeDegrees></Position><DistanceMeters>1447.9</DistanceMeters></Trackpoint><Trackpoint><Time>2026-01-01T17:08:43Z</Time><Position><LatitudeDegrees>55.935876</LatitudeDegrees><LongitudeDegrees>37.707910</LongitudeDegrees></Position><DistanceMeters>1454.1</DistanceMeters></Trackpoint><Trackpoint><Time>2026-01-01T17:08:45Z</Time><Position><LatitudeDegrees>55.935928</LatitudeDegrees><LongitudeDegrees>37.707906</LongitudeDegrees></Position><DistanceMeters>1459.9</DistanceMeters></Trackpoint><Trackpoint><Time>2026-01-01T17:08:47Z</Time><Position><LatitudeDegrees>55.935974</LatitudeDegrees><LongitudeDegrees>37.707902</LongitudeDegrees></Position><DistanceMeters>1465.0</DistanceMeters></Trackpoint><Trackpoint><Time>2026-01-01T17:08:50Z</Time><Position><LatitudeDegrees>55.936042</LatitudeDegrees><LongitudeDegrees>37.707894</LongitudeDegrees></Position><DistanceMeters>1472.5</DistanceMeters></Trackpoint><Trackpoint><Time>2026-01-01T17:08:52Z</Time><Position><LatitudeDegrees>55.936096</LatitudeDegrees><LongitudeDegrees>37.707888</LongitudeDegrees></Position><DistanceMeters>1478.6</DistanceMeters></Trackpoint><Trackpoint><Time>2026-01-01T17:08:54Z</Time><Position><LatitudeDegrees>55.936142</LatitudeDegrees><LongitudeDegrees>37.707882</LongitudeDegrees></Position><DistanceMeters>1483.8</DistanceMeters></Trackpoint><Trackpoint><Time>2026-01-01T17:08:56Z</Time><Position><LatitudeDegrees>55.936201</LatitudeDegrees><LongitudeDegrees>37.707876</LongitudeDegrees></Position><DistanceMeters>1490.3</DistanceMeters></Trackpoint><Trackpoint><Time>2026-01-01T17:08:59Z</Time><Position><LatitudeDegrees>55.936265</LatitudeDegrees><LongitudeDegrees>37.707871</LongitudeDegrees></Position><DistanceMeters>1497.4</DistanceMeters></Trackpoint><Trackpoint><Time>2026-01-01T17:09:01Z</Time><Position><LatitudeDegrees>55.936336</LatitudeDegrees><LongitudeDegrees>37.707867</LongitudeDegrees></Position><DistanceMeters>1505.3</DistanceMeters></Trackpoint><Trackpoint><Time>2026-01-01T17:09:04Z</Time><Position><LatitudeDegrees>55.936397</LatitudeDegrees><LongitudeDegrees>37.707864</LongitudeDegrees></Position><DistanceMeters>1512.1</DistanceMeters></Trackpoint><Trackpoint><Time>2026-01-01T17:09:07Z</Time><Position><LatitudeDegrees>55.936464</LatitudeDegrees><LongitudeDegrees>37.707863</LongitudeDegrees></Position><DistanceMeters>1519.5</DistanceMeters></Trackpoint><Trackpoint><Time>2026-01-01T17:09:09Z</Time><Position><LatitudeDegrees>55.936521</LatitudeDegrees><LongitudeDegrees>37.707865</LongitudeDegrees></Position><DistanceMeters>1525.8</DistanceMeters></Trackpoint><Trackpoint><Time>2026-01-01T17:09:11Z</Time><Position><LatitudeDegrees>55.936566</LatitudeDegrees><LongitudeDegrees>37.707868</LongitudeDegrees></Position><DistanceMeters>1530.9</DistanceMeters></Trackpoint><Trackpoint><Time>2026-01-01T17:09:13Z</Time><Position><LatitudeDegrees>55.936627</LatitudeDegrees><LongitudeDegrees>37.707873</LongitudeDegrees></Position><DistanceMeters>1537.7</DistanceMeters></Trackpoint><Trackpoint><Time>2026-01-01T17:09:15Z</Time><Position><LatitudeDegrees>55.936678</LatitudeDegrees><LongitudeDegrees>37.707877</LongitudeDegrees></Position><DistanceMeters>1543.4</DistanceMeters></Trackpoint><Trackpoint><Time>2026-01-01T17:09:18Z</Time><Position><LatitudeDegrees>55.936741</LatitudeDegrees><LongitudeDegrees>37.707888</LongitudeDegrees></Position><DistanceMeters>1550.4</DistanceMeters></Trackpoint><Trackpoint><Time>2026-01-01T17:09:20Z</Time><Position><LatitudeDegrees>55.936808</LatitudeDegrees><LongitudeDegrees>37.707894</LongitudeDegrees></Position><DistanceMeters>1557.9</DistanceMeters></Trackpoint><Trackpoint><Time>2026-01-01T17:09:23Z</Time><Position><LatitudeDegrees>55.936878</LatitudeDegrees><LongitudeDegrees>37.707891</LongitudeDegrees></Position><DistanceMeters>1565.7</DistanceMeters></Trackpoint><Trackpoint><Time>2026-01-01T17:09:25Z</Time><Position><LatitudeDegrees>55.936931</LatitudeDegrees><LongitudeDegrees>37.707887</LongitudeDegrees></Position><DistanceMeters>1571.5</DistanceMeters></Trackpoint><Trackpoint><Time>2026-01-01T17:09:28Z</Time><Position><LatitudeDegrees>55.936991</LatitudeDegrees><LongitudeDegrees>37.707882</LongitudeDegrees></Position><DistanceMeters>1578.2</DistanceMeters></Trackpoint><Trackpoint><Time>2026-01-01T17:09:30Z</Time><Position><LatitudeDegrees>55.937049</LatitudeDegrees><LongitudeDegrees>37.707874</LongitudeDegrees></Position><DistanceMeters>1584.7</DistanceMeters></Trackpoint><Trackpoint><Time>2026-01-01T17:09:32Z</Time><Position><LatitudeDegrees>55.937102</LatitudeDegrees><LongitudeDegrees>37.707867</LongitudeDegrees></Position><DistanceMeters>1590.6</DistanceMeters></Trackpoint><Trackpoint><Time>2026-01-01T17:09:34Z</Time><Position><LatitudeDegrees>55.937153</LatitudeDegrees><LongitudeDegrees>37.707863</LongitudeDegrees></Position><DistanceMeters>1596.3</DistanceMeters></Trackpoint><Trackpoint><Time>2026-01-01T17:09:36Z</Time><Position><LatitudeDegrees>55.937208</LatitudeDegrees><LongitudeDegrees>37.707864</LongitudeDegrees></Position><DistanceMeters>1602.4</DistanceMeters></Trackpoint><Trackpoint><Time>2026-01-01T17:09:38Z</Time><Position><LatitudeDegrees>55.937257</LatitudeDegrees><LongitudeDegrees>37.707869</LongitudeDegrees></Position><DistanceMeters>1607.8</DistanceMeters></Trackpoint><Trackpoint><Time>2026-01-01T17:09:40Z</Time><Position><LatitudeDegrees>55.937307</LatitudeDegrees><LongitudeDegrees>37.707877</LongitudeDegrees></Position><DistanceMeters>1613.4</DistanceMeters></Trackpoint><Trackpoint><Time>2026-01-01T17:09:42Z</Time><Position><LatitudeDegrees>55.937354</LatitudeDegrees><LongitudeDegrees>37.707886</LongitudeDegrees></Position><DistanceMeters>1618.7</DistanceMeters></Trackpoint><Trackpoint><Time>2026-01-01T17:09:44Z</Time><Position><LatitudeDegrees>55.937401</LatitudeDegrees><LongitudeDegrees>37.707896</LongitudeDegrees></Position><DistanceMeters>1624.0</DistanceMeters></Trackpoint><Trackpoint><Time>2026-01-01T17:09:47Z</Time><Position><LatitudeDegrees>55.937460</LatitudeDegrees><LongitudeDegrees>37.707911</LongitudeDegrees></Position><DistanceMeters>1630.6</DistanceMeters></Trackpoint><Trackpoint><Time>2026-01-01T17:09:49Z</Time><Position><LatitudeDegrees>55.937524</LatitudeDegrees><LongitudeDegrees>37.707926</LongitudeDegrees></Position><DistanceMeters>1637.7</DistanceMeters></Trackpoint><Trackpoint><Time>2026-01-01T17:09:52Z</Time><Position><LatitudeDegrees>55.937586</LatitudeDegrees><LongitudeDegrees>37.707939</LongitudeDegrees></Position><DistanceMeters>1644.7</DistanceMeters></Trackpoint><Trackpoint><Time>2026-01-01T17:09:54Z</Time><Position><LatitudeDegrees>55.937652</LatitudeDegrees><LongitudeDegrees>37.707951</LongitudeDegrees></Position><DistanceMeters>1652.1</DistanceMeters></Trackpoint><Trackpoint><Time>2026-01-01T17:09:56Z</Time><Position><LatitudeDegrees>55.937706</LatitudeDegrees><LongitudeDegrees>37.707956</LongitudeDegrees></Position><DistanceMeters>1658.1</DistanceMeters></Trackpoint><Trackpoint><Time>2026-01-01T17:09:59Z</Time><Position><LatitudeDegrees>55.937770</LatitudeDegrees><LongitudeDegrees>37.707961</LongitudeDegrees></Position><DistanceMeters>1665.2</DistanceMeters></Trackpoint><Trackpoint><Time>2026-01-01T17:10:02Z</Time><Position><LatitudeDegrees>55.937845</LatitudeDegrees><LongitudeDegrees>37.707974</LongitudeDegrees></Position><DistanceMeters>1673.6</DistanceMeters></Trackpoint><Trackpoint><Time>2026-01-01T17:10:05Z</Time><Position><LatitudeDegrees>55.937910</LatitudeDegrees><LongitudeDegrees>37.707997</LongitudeDegrees></Position><DistanceMeters>1681.0</DistanceMeters></Trackpoint><Trackpoint><Time>2026-01-01T17:10:07Z</Time><Position><LatitudeDegrees>55.937969</LatitudeDegrees><LongitudeDegrees>37.708023</LongitudeDegrees></Position><DistanceMeters>1687.8</DistanceMeters></Trackpoint><Trackpoint><Time>2026-01-01T17:10:10Z</Time><Position><LatitudeDegrees>55.938034</LatitudeDegrees><LongitudeDegrees>37.708050</LongitudeDegrees></Position><DistanceMeters>1695.2</DistanceMeters></Trackpoint><Trackpoint><Time>2026-01-01T17:10:12Z</Time><Position><LatitudeDegrees>55.938099</LatitudeDegrees><LongitudeDegrees>37.708068</LongitudeDegrees></Position><DistanceMeters>1702.4</DistanceMeters></Trackpoint><Trackpoint><Time>2026-01-01T17:10:15Z</Time><Position><LatitudeDegrees>55.938168</LatitudeDegrees><LongitudeDegrees>37.708067</LongitudeDegrees></Position><DistanceMeters>1710.1</DistanceMeters></Trackpoint><Trackpoint><Time>2026-01-01T17:10:18Z</Time><Position><LatitudeDegrees>55.938234</LatitudeDegrees><LongitudeDegrees>37.708058</LongitudeDegrees></Position><DistanceMeters>1717.5</DistanceMeters></Trackpoint><Trackpoint><Time>2026-01-01T17:10:21Z</Time><Position><LatitudeDegrees>55.938303</LatitudeDegrees><LongitudeDegrees>37.708048</LongitudeDegrees></Position><DistanceMeters>1725.2</DistanceMeters></Trackpoint><Trackpoint><Time>2026-01-01T17:10:24Z</Time><Position><LatitudeDegrees>55.938384</LatitudeDegrees><LongitudeDegrees>37.708035</LongitudeDegrees></Position><DistanceMeters>1734.2</DistanceMeters></Trackpoint><Trackpoint><Time>2026-01-01T17:10:26Z</Time><Position><LatitudeDegrees>55.938435</LatitudeDegrees><LongitudeDegrees>37.708027</LongitudeDegrees></Position><DistanceMeters>1739.9</DistanceMeters></Trackpoint><Trackpoint><Time>2026-01-01T17:10:29Z</Time><Position><LatitudeDegrees>55.938504</LatitudeDegrees><LongitudeDegrees>37.708021</LongitudeDegrees></Position><DistanceMeters>1747.7</DistanceMeters></Trackpoint><Trackpoint><Time>2026-01-01T17:10:31Z</Time><Position><LatitudeDegrees>55.938556</LatitudeDegrees><LongitudeDegrees>37.708019</LongitudeDegrees></Position><DistanceMeters>1753.4</DistanceMeters></Trackpoint><Trackpoint><Time>2026-01-01T17:10:33Z</Time><Position><LatitudeDegrees>55.938618</LatitudeDegrees><LongitudeDegrees>37.708019</LongitudeDegrees></Position><DistanceMeters>1760.3</DistanceMeters></Trackpoint><Trackpoint><Time>2026-01-01T17:10:36Z</Time><Position><LatitudeDegrees>55.938677</LatitudeDegrees><LongitudeDegrees>37.708021</LongitudeDegrees></Position><DistanceMeters>1766.9</DistanceMeters></Trackpoint><Trackpoint><Time>2026-01-01T17:10:38Z</Time><Position><LatitudeDegrees>55.938738</LatitudeDegrees><LongitudeDegrees>37.708025</LongitudeDegrees></Position><DistanceMeters>1773.7</DistanceMeters></Trackpoint><Trackpoint><Time>2026-01-01T17:10:40Z</Time><Position><LatitudeDegrees>55.938794</LatitudeDegrees><LongitudeDegrees>37.708029</LongitudeDegrees></Position><DistanceMeters>1779.9</DistanceMeters></Trackpoint><Trackpoint><Time>2026-01-01T17:10:43Z</Time><Position><LatitudeDegrees>55.938851</LatitudeDegrees><LongitudeDegrees>37.708032</LongitudeDegrees></Position><DistanceMeters>1786.3</DistanceMeters></Trackpoint><Trackpoint><Time>2026-01-01T17:10:45Z</Time><Position><LatitudeDegrees>55.938919</LatitudeDegrees><LongitudeDegrees>37.708031</LongitudeDegrees></Position><DistanceMeters>1793.7</DistanceMeters></Trackpoint><Trackpoint><Time>2026-01-01T17:10:47Z</Time><Position><LatitudeDegrees>55.938971</LatitudeDegrees><LongitudeDegrees>37.708029</LongitudeDegrees></Position><DistanceMeters>1799.6</DistanceMeters></Trackpoint><Trackpoint><Time>2026-01-01T17:10:49Z</Time><Position><LatitudeDegrees>55.939019</LatitudeDegrees><LongitudeDegrees>37.708027</LongitudeDegrees></Position><DistanceMeters>1804.9</DistanceMeters></Trackpoint><Trackpoint><Time>2026-01-01T17:10:51Z</Time><Position><LatitudeDegrees>55.939064</LatitudeDegrees><LongitudeDegrees>37.708026</LongitudeDegrees></Position><DistanceMeters>1809.9</DistanceMeters></Trackpoint><Trackpoint><Time>2026-01-01T17:10:53Z</Time><Position><LatitudeDegrees>55.939112</LatitudeDegrees><LongitudeDegrees>37.708026</LongitudeDegrees></Position><DistanceMeters>1815.2</DistanceMeters></Trackpoint><Trackpoint><Time>2026-01-01T17:10:55Z</Time><Position><LatitudeDegrees>55.939157</LatitudeDegrees><LongitudeDegrees>37.708025</LongitudeDegrees></Position><DistanceMeters>1820.3</DistanceMeters></Trackpoint><Trackpoint><Time>2026-01-01T17:10:57Z</Time><Position><LatitudeDegrees>55.939206</LatitudeDegrees><LongitudeDegrees>37.708023</LongitudeDegrees></Position><DistanceMeters>1825.7</DistanceMeters></Trackpoint><Trackpoint><Time>2026-01-01T17:10:59Z</Time><Position><LatitudeDegrees>55.939253</LatitudeDegrees><LongitudeDegrees>37.708021</LongitudeDegrees></Position><DistanceMeters>1830.9</DistanceMeters></Trackpoint><Trackpoint><Time>2026-01-01T17:11:01Z</Time><Position><LatitudeDegrees>55.939304</LatitudeDegrees><LongitudeDegrees>37.708017</LongitudeDegrees></Position><DistanceMeters>1836.6</DistanceMeters></Trackpoint><Trackpoint><Time>2026-01-01T17:11:03Z</Time><Position><LatitudeDegrees>55.939353</LatitudeDegrees><LongitudeDegrees>37.708014</LongitudeDegrees></Position><DistanceMeters>1842.0</DistanceMeters></Trackpoint><Trackpoint><Time>2026-01-01T17:11:05Z</Time><Position><LatitudeDegrees>55.939405</LatitudeDegrees><LongitudeDegrees>37.708012</LongitudeDegrees></Position><DistanceMeters>1847.9</DistanceMeters></Trackpoint><Trackpoint><Time>2026-01-01T17:11:07Z</Time><Position><LatitudeDegrees>55.939454</LatitudeDegrees><LongitudeDegrees>37.708010</LongitudeDegrees></Position><DistanceMeters>1853.2</DistanceMeters></Trackpoint><Trackpoint><Time>2026-01-01T17:11:09Z</Time><Position><LatitudeDegrees>55.939503</LatitudeDegrees><LongitudeDegrees>37.708007</LongitudeDegrees></Position><DistanceMeters>1858.7</DistanceMeters></Trackpoint><Trackpoint><Time>2026-01-01T17:11:10Z</Time><Position><LatitudeDegrees>55.939548</LatitudeDegrees><LongitudeDegrees>37.708005</LongitudeDegrees></Position><DistanceMeters>1863.7</DistanceMeters></Trackpoint><Trackpoint><Time>2026-01-01T17:11:13Z</Time><Position><LatitudeDegrees>55.939617</LatitudeDegrees><LongitudeDegrees>37.708004</LongitudeDegrees></Position><DistanceMeters>1871.4</DistanceMeters></Trackpoint><Trackpoint><Time>2026-01-01T17:11:16Z</Time><Position><LatitudeDegrees>55.939678</LatitudeDegrees><LongitudeDegrees>37.708004</LongitudeDegrees></Position><DistanceMeters>1878.2</DistanceMeters></Trackpoint><Trackpoint><Time>2026-01-01T17:11:19Z</Time><Position><LatitudeDegrees>55.939758</LatitudeDegrees><LongitudeDegrees>37.708004</LongitudeDegrees></Position><DistanceMeters>1887.1</DistanceMeters></Trackpoint><Trackpoint><Time>2026-01-01T17:11:21Z</Time><Position><LatitudeDegrees>55.939807</LatitudeDegrees><LongitudeDegrees>37.708005</LongitudeDegrees></Position><DistanceMeters>1892.5</DistanceMeters></Trackpoint><Trackpoint><Time>2026-01-01T17:11:23Z</Time><Position><LatitudeDegrees>55.939857</LatitudeDegrees><LongitudeDegrees>37.708005</LongitudeDegrees></Position><DistanceMeters>1898.1</DistanceMeters></Trackpoint><Trackpoint><Time>2026-01-01T17:11:25Z</Time><Position><LatitudeDegrees>55.939908</LatitudeDegrees><LongitudeDegrees>37.708005</LongitudeDegrees></Position><DistanceMeters>1903.8</DistanceMeters></Trackpoint><Trackpoint><Time>2026-01-01T17:11:27Z</Time><Position><LatitudeDegrees>55.939963</LatitudeDegrees><LongitudeDegrees>37.708004</LongitudeDegrees></Position><DistanceMeters>1909.9</DistanceMeters></Trackpoint><Trackpoint><Time>2026-01-01T17:11:29Z</Time><Position><LatitudeDegrees>55.940015</LatitudeDegrees><LongitudeDegrees>37.708003</LongitudeDegrees></Position><DistanceMeters>1915.7</DistanceMeters></Trackpoint><Trackpoint><Time>2026-01-01T17:11:31Z</Time><Position><LatitudeDegrees>55.940069</LatitudeDegrees><LongitudeDegrees>37.708002</LongitudeDegrees></Position><DistanceMeters>1921.7</DistanceMeters></Trackpoint><Trackpoint><Time>2026-01-01T17:11:33Z</Time><Position><LatitudeDegrees>55.940119</LatitudeDegrees><LongitudeDegrees>37.708003</LongitudeDegrees></Position><DistanceMeters>1927.2</DistanceMeters></Trackpoint><Trackpoint><Time>2026-01-01T17:11:35Z</Time><Position><LatitudeDegrees>55.940165</LatitudeDegrees><LongitudeDegrees>37.708004</LongitudeDegrees></Position><DistanceMeters>1932.4</DistanceMeters></Trackpoint><Trackpoint><Time>2026-01-01T17:11:37Z</Time><Position><LatitudeDegrees>55.940219</LatitudeDegrees><LongitudeDegrees>37.708004</LongitudeDegrees></Position><DistanceMeters>1938.3</DistanceMeters></Trackpoint><Trackpoint><Time>2026-01-01T17:11:40Z</Time><Position><LatitudeDegrees>55.940284</LatitudeDegrees><LongitudeDegrees>37.708002</LongitudeDegrees></Position><DistanceMeters>1945.6</DistanceMeters></Trackpoint><Trackpoint><Time>2026-01-01T17:11:42Z</Time><Position><LatitudeDegrees>55.940339</LatitudeDegrees><LongitudeDegrees>37.708001</LongitudeDegrees></Position><DistanceMeters>1951.7</DistanceMeters></Trackpoint><Trackpoint><Time>2026-01-01T17:11:44Z</Time><Position><LatitudeDegrees>55.940385</LatitudeDegrees><LongitudeDegrees>37.708001</LongitudeDegrees></Position><DistanceMeters>1956.8</DistanceMeters></Trackpoint><Trackpoint><Time>2026-01-01T17:11:46Z</Time><Position><LatitudeDegrees>55.940437</LatitudeDegrees><LongitudeDegrees>37.708002</LongitudeDegrees></Position><DistanceMeters>1962.6</DistanceMeters></Trackpoint><Trackpoint><Time>2026-01-01T17:11:48Z</Time><Position><LatitudeDegrees>55.940490</LatitudeDegrees><LongitudeDegrees>37.708005</LongitudeDegrees></Position><DistanceMeters>1968.5</DistanceMeters></Trackpoint><Trackpoint><Time>2026-01-01T17:11:50Z</Time><Position><LatitudeDegrees>55.940548</LatitudeDegrees><LongitudeDegrees>37.708008</LongitudeDegrees></Position><DistanceMeters>1974.9</DistanceMeters></Trackpoint><Trackpoint><Time>2026-01-01T17:11:53Z</Time><Position><LatitudeDegrees>55.940599</LatitudeDegrees><LongitudeDegrees>37.708009</LongitudeDegrees></Position><DistanceMeters>1980.6</DistanceMeters></Trackpoint><Trackpoint><Time>2026-01-01T17:11:55Z</Time><Position><LatitudeDegrees>55.940661</LatitudeDegrees><LongitudeDegrees>37.708011</LongitudeDegrees></Position><DistanceMeters>1987.5</DistanceMeters></Trackpoint><Trackpoint><Time>2026-01-01T17:11:57Z</Time><Position><LatitudeDegrees>55.940718</LatitudeDegrees><LongitudeDegrees>37.708013</LongitudeDegrees></Position><DistanceMeters>1993.9</DistanceMeters></Trackpoint><Trackpoint><Time>2026-01-01T17:11:59Z</Time><Position><LatitudeDegrees>55.940769</LatitudeDegrees><LongitudeDegrees>37.708014</LongitudeDegrees></Position><DistanceMeters>1999.6</DistanceMeters></Trackpoint><Trackpoint><Time>2026-01-01T17:12:01Z</Time><Position><LatitudeDegrees>55.940817</LatitudeDegrees><LongitudeDegrees>37.708015</LongitudeDegrees></Position><DistanceMeters>2004.8</DistanceMeters></Trackpoint><Trackpoint><Time>2026-01-01T17:12:03Z</Time><Position><LatitudeDegrees>55.940863</LatitudeDegrees><LongitudeDegrees>37.708017</LongitudeDegrees></Position><DistanceMeters>2010.0</DistanceMeters></Trackpoint><Trackpoint><Time>2026-01-01T17:12:05Z</Time><Position><LatitudeDegrees>55.940915</LatitudeDegrees><LongitudeDegrees>37.708018</LongitudeDegrees></Position><DistanceMeters>2015.8</DistanceMeters></Trackpoint><Trackpoint><Time>2026-01-01T17:12:08Z</Time><Position><LatitudeDegrees>55.940979</LatitudeDegrees><LongitudeDegrees>37.708023</LongitudeDegrees></Position><DistanceMeters>2022.9</DistanceMeters></Trackpoint><Trackpoint><Time>2026-01-01T17:12:10Z</Time><Position><LatitudeDegrees>55.941044</LatitudeDegrees><LongitudeDegrees>37.708035</LongitudeDegrees></Position><DistanceMeters>2030.2</DistanceMeters></Trackpoint><Trackpoint><Time>2026-01-01T17:12:13Z</Time><Position><LatitudeDegrees>55.941107</LatitudeDegrees><LongitudeDegrees>37.708052</LongitudeDegrees></Position><DistanceMeters>2037.2</DistanceMeters></Trackpoint><Trackpoint><Time>2026-01-01T17:12:15Z</Time><Position><LatitudeDegrees>55.941154</LatitudeDegrees><LongitudeDegrees>37.708051</LongitudeDegrees></Position><DistanceMeters>2042.5</DistanceMeters></Trackpoint><Trackpoint><Time>2026-01-01T17:12:17Z</Time><Position><LatitudeDegrees>55.941213</LatitudeDegrees><LongitudeDegrees>37.708073</LongitudeDegrees></Position><DistanceMeters>2049.2</DistanceMeters></Trackpoint><Trackpoint><Time>2026-01-01T17:12:19Z</Time><Position><LatitudeDegrees>55.941262</LatitudeDegrees><LongitudeDegrees>37.708058</LongitudeDegrees></Position><DistanceMeters>2054.7</DistanceMeters></Trackpoint><Trackpoint><Time>2026-01-01T17:12:22Z</Time><Position><LatitudeDegrees>55.941329</LatitudeDegrees><LongitudeDegrees>37.708044</LongitudeDegrees></Position><DistanceMeters>2062.2</DistanceMeters></Trackpoint><Trackpoint><Time>2026-01-01T17:12:25Z</Time><Position><LatitudeDegrees>55.941396</LatitudeDegrees><LongitudeDegrees>37.708026</LongitudeDegrees></Position><DistanceMeters>2069.8</DistanceMeters></Trackpoint><Trackpoint><Time>2026-01-01T17:12:27Z</Time><Position><LatitudeDegrees>55.941457</LatitudeDegrees><LongitudeDegrees>37.708014</LongitudeDegrees></Position><DistanceMeters>2076.6</DistanceMeters></Trackpoint><Trackpoint><Time>2026-01-01T17:12:29Z</Time><Position><LatitudeDegrees>55.941511</LatitudeDegrees><LongitudeDegrees>37.708005</LongitudeDegrees></Position><DistanceMeters>2082.6</DistanceMeters></Trackpoint><Trackpoint><Time>2026-01-01T17:12:31Z</Time><Position><LatitudeDegrees>55.941566</LatitudeDegrees><LongitudeDegrees>37.708000</LongitudeDegrees></Position><DistanceMeters>2088.7</DistanceMeters></Trackpoint><Trackpoint><Time>2026-01-01T17:12:34Z</Time><Position><LatitudeDegrees>55.941622</LatitudeDegrees><LongitudeDegrees>37.707998</LongitudeDegrees></Position><DistanceMeters>2094.9</DistanceMeters></Trackpoint><Trackpoint><Time>2026-01-01T17:12:36Z</Time><Position><LatitudeDegrees>55.941683</LatitudeDegrees><LongitudeDegrees>37.707997</LongitudeDegrees></Position><DistanceMeters>2101.8</DistanceMeters></Trackpoint><Trackpoint><Time>2026-01-01T17:12:38Z</Time><Position><LatitudeDegrees>55.941734</LatitudeDegrees><LongitudeDegrees>37.707995</LongitudeDegrees></Position><DistanceMeters>2107.4</DistanceMeters></Trackpoint><Trackpoint><Time>2026-01-01T17:12:40Z</Time><Position><LatitudeDegrees>55.941791</LatitudeDegrees><LongitudeDegrees>37.707991</LongitudeDegrees></Position><DistanceMeters>2113.7</DistanceMeters></Trackpoint><Trackpoint><Time>2026-01-01T17:12:42Z</Time><Position><LatitudeDegrees>55.941842</LatitudeDegrees><LongitudeDegrees>37.707987</LongitudeDegrees></Position><DistanceMeters>2119.4</DistanceMeters></Trackpoint><Trackpoint><Time>2026-01-01T17:12:44Z</Time><Position><LatitudeDegrees>55.941887</LatitudeDegrees><LongitudeDegrees>37.707981</LongitudeDegrees></Position><DistanceMeters>2124.5</DistanceMeters></Trackpoint><Trackpoint><Time>2026-01-01T17:12:47Z</Time><Position><LatitudeDegrees>55.941952</LatitudeDegrees><LongitudeDegrees>37.707968</LongitudeDegrees></Position><DistanceMeters>2131.7</DistanceMeters></Trackpoint><Trackpoint><Time>2026-01-01T17:12:49Z</Time><Position><LatitudeDegrees>55.942009</LatitudeDegrees><LongitudeDegrees>37.707959</LongitudeDegrees></Position><DistanceMeters>2138.1</DistanceMeters></Trackpoint><Trackpoint><Time>2026-01-01T17:12:51Z</Time><Position><LatitudeDegrees>55.942061</LatitudeDegrees><LongitudeDegrees>37.707960</LongitudeDegrees></Position><DistanceMeters>2143.8</DistanceMeters></Trackpoint><Trackpoint><Time>2026-01-01T17:12:54Z</Time><Position><LatitudeDegrees>55.942123</LatitudeDegrees><LongitudeDegrees>37.707965</LongitudeDegrees></Position><DistanceMeters>2150.8</DistanceMeters></Trackpoint><Trackpoint><Time>2026-01-01T17:12:56Z</Time><Position><LatitudeDegrees>55.942180</LatitudeDegrees><LongitudeDegrees>37.707970</LongitudeDegrees></Position><DistanceMeters>2157.2</DistanceMeters></Trackpoint><Trackpoint><Time>2026-01-01T17:12:59Z</Time><Position><LatitudeDegrees>55.942242</LatitudeDegrees><LongitudeDegrees>37.707973</LongitudeDegrees></Position><DistanceMeters>2164.0</DistanceMeters></Trackpoint><Trackpoint><Time>2026-01-01T17:13:01Z</Time><Position><LatitudeDegrees>55.942291</LatitudeDegrees><LongitudeDegrees>37.707974</LongitudeDegrees></Position><DistanceMeters>2169.5</DistanceMeters></Trackpoint><Trackpoint><Time>2026-01-01T17:13:03Z</Time><Position><LatitudeDegrees>55.942360</LatitudeDegrees><LongitudeDegrees>37.707978</LongitudeDegrees></Position><DistanceMeters>2177.2</DistanceMeters></Trackpoint><Trackpoint><Time>2026-01-01T17:13:05Z</Time><Position><LatitudeDegrees>55.942406</LatitudeDegrees><LongitudeDegrees>37.707981</LongitudeDegrees></Position><DistanceMeters>2182.3</DistanceMeters></Trackpoint><Trackpoint><Time>2026-01-01T17:13:08Z</Time><Position><LatitudeDegrees>55.942477</LatitudeDegrees><LongitudeDegrees>37.707987</LongitudeDegrees></Position><DistanceMeters>2190.2</DistanceMeters></Trackpoint><Trackpoint><Time>2026-01-01T17:13:10Z</Time><Position><LatitudeDegrees>55.942524</LatitudeDegrees><LongitudeDegrees>37.707991</LongitudeDegrees></Position><DistanceMeters>2195.5</DistanceMeters></Trackpoint><Trackpoint><Time>2026-01-01T17:13:12Z</Time><Position><LatitudeDegrees>55.942575</LatitudeDegrees><LongitudeDegrees>37.707996</LongitudeDegrees></Position><DistanceMeters>2201.1</DistanceMeters></Trackpoint><Trackpoint><Time>2026-01-01T17:13:14Z</Time><Position><LatitudeDegrees>55.942634</LatitudeDegrees><LongitudeDegrees>37.708003</LongitudeDegrees></Position><DistanceMeters>2207.7</DistanceMeters></Trackpoint><Trackpoint><Time>2026-01-01T17:13:17Z</Time><Position><LatitudeDegrees>55.942697</LatitudeDegrees><LongitudeDegrees>37.708007</LongitudeDegrees></Position><DistanceMeters>2214.7</DistanceMeters></Trackpoint><Trackpoint><Time>2026-01-01T17:13:20Z</Time><Position><LatitudeDegrees>55.942772</LatitudeDegrees><LongitudeDegrees>37.708008</LongitudeDegrees></Position><DistanceMeters>2223.0</DistanceMeters></Trackpoint><Trackpoint><Time>2026-01-01T17:13:22Z</Time><Position><LatitudeDegrees>55.942827</LatitudeDegrees><LongitudeDegrees>37.708009</LongitudeDegrees></Position><DistanceMeters>2229.1</DistanceMeters></Trackpoint><Trackpoint><Time>2026-01-01T17:13:25Z</Time><Position><LatitudeDegrees>55.942892</LatitudeDegrees><LongitudeDegrees>37.708005</LongitudeDegrees></Position><DistanceMeters>2236.4</DistanceMeters></Trackpoint><Trackpoint><Time>2026-01-01T17:13:26Z</Time><Position><LatitudeDegrees>55.942938</LatitudeDegrees><LongitudeDegrees>37.708000</LongitudeDegrees></Position><DistanceMeters>2241.5</DistanceMeters></Trackpoint><Trackpoint><Time>2026-01-01T17:13:28Z</Time><Position><LatitudeDegrees>55.942984</LatitudeDegrees><LongitudeDegrees>37.707994</LongitudeDegrees></Position><DistanceMeters>2246.6</DistanceMeters></Trackpoint><Trackpoint><Time>2026-01-01T17:13:30Z</Time><Position><LatitudeDegrees>55.943032</LatitudeDegrees><LongitudeDegrees>37.707987</LongitudeDegrees></Position><DistanceMeters>2252.0</DistanceMeters></Trackpoint><Trackpoint><Time>2026-01-01T17:13:33Z</Time><Position><LatitudeDegrees>55.943095</LatitudeDegrees><LongitudeDegrees>37.707979</LongitudeDegrees></Position><DistanceMeters>2259.0</DistanceMeters></Trackpoint><Trackpoint><Time>2026-01-01T17:13:35Z</Time><Position><LatitudeDegrees>55.943154</LatitudeDegrees><LongitudeDegrees>37.707972</LongitudeDegrees></Position><DistanceMeters>2265.6</DistanceMeters></Trackpoint><Trackpoint><Time>2026-01-01T17:13:38Z</Time><Position><LatitudeDegrees>55.943217</LatitudeDegrees><LongitudeDegrees>37.707970</LongitudeDegrees></Position><DistanceMeters>2272.6</DistanceMeters></Trackpoint><Trackpoint><Time>2026-01-01T17:13:40Z</Time><Position><LatitudeDegrees>55.943284</LatitudeDegrees><LongitudeDegrees>37.707972</LongitudeDegrees></Position><DistanceMeters>2280.0</DistanceMeters></Trackpoint><Trackpoint><Time>2026-01-01T17:13:43Z</Time><Position><LatitudeDegrees>55.943356</LatitudeDegrees><LongitudeDegrees>37.707975</LongitudeDegrees></Position><DistanceMeters>2288.0</DistanceMeters></Trackpoint><Trackpoint><Time>2026-01-01T17:13:46Z</Time><Position><LatitudeDegrees>55.943423</LatitudeDegrees><LongitudeDegrees>37.707979</LongitudeDegrees></Position><DistanceMeters>2295.5</DistanceMeters></Trackpoint><Trackpoint><Time>2026-01-01T17:13:49Z</Time><Position><LatitudeDegrees>55.943490</LatitudeDegrees><LongitudeDegrees>37.707982</LongitudeDegrees></Position><DistanceMeters>2303.0</DistanceMeters></Trackpoint><Trackpoint><Time>2026-01-01T17:13:51Z</Time><Position><LatitudeDegrees>55.943555</LatitudeDegrees><LongitudeDegrees>37.707984</LongitudeDegrees></Position><DistanceMeters>2310.2</DistanceMeters></Trackpoint><Trackpoint><Time>2026-01-01T17:13:54Z</Time><Position><LatitudeDegrees>55.943623</LatitudeDegrees><LongitudeDegrees>37.707985</LongitudeDegrees></Position><DistanceMeters>2317.7</DistanceMeters></Trackpoint><Trackpoint><Time>2026-01-01T17:13:56Z</Time><Position><LatitudeDegrees>55.943681</LatitudeDegrees><LongitudeDegrees>37.707987</LongitudeDegrees></Position><DistanceMeters>2324.2</DistanceMeters></Trackpoint><Trackpoint><Time>2026-01-01T17:13:59Z</Time><Position><LatitudeDegrees>55.943748</LatitudeDegrees><LongitudeDegrees>37.707989</LongitudeDegrees></Position><DistanceMeters>2331.6</DistanceMeters></Trackpoint><Trackpoint><Time>2026-01-01T17:14:02Z</Time><Position><LatitudeDegrees>55.943815</LatitudeDegrees><LongitudeDegrees>37.707991</LongitudeDegrees></Position><DistanceMeters>2339.1</DistanceMeters></Trackpoint><Trackpoint><Time>2026-01-01T17:14:04Z</Time><Position><LatitudeDegrees>55.943886</LatitudeDegrees><LongitudeDegrees>37.707994</LongitudeDegrees></Position><DistanceMeters>2347.0</DistanceMeters></Trackpoint><Trackpoint><Time>2026-01-01T17:14:07Z</Time><Position><LatitudeDegrees>55.943951</LatitudeDegrees><LongitudeDegrees>37.707999</LongitudeDegrees></Position><DistanceMeters>2354.2</DistanceMeters></Trackpoint><Trackpoint><Time>2026-01-01T17:14:09Z</Time><Position><LatitudeDegrees>55.944009</LatitudeDegrees><LongitudeDegrees>37.708006</LongitudeDegrees></Position><DistanceMeters>2360.7</DistanceMeters></Trackpoint><Trackpoint><Time>2026-01-01T17:14:11Z</Time><Position><LatitudeDegrees>55.944056</LatitudeDegrees><LongitudeDegrees>37.708014</LongitudeDegrees></Position><DistanceMeters>2366.0</DistanceMeters></Trackpoint><Trackpoint><Time>2026-01-01T17:14:13Z</Time><Position><LatitudeDegrees>55.944103</LatitudeDegrees><LongitudeDegrees>37.708022</LongitudeDegrees></Position><DistanceMeters>2371.2</DistanceMeters></Trackpoint><Trackpoint><Time>2026-01-01T17:14:15Z</Time><Position><LatitudeDegrees>55.944156</LatitudeDegrees><LongitudeDegrees>37.708040</LongitudeDegrees></Position><DistanceMeters>2377.2</DistanceMeters></Trackpoint><Trackpoint><Time>2026-01-01T17:14:18Z</Time><Position><LatitudeDegrees>55.944220</LatitudeDegrees><LongitudeDegrees>37.708078</LongitudeDegrees></Position><DistanceMeters>2384.6</DistanceMeters></Trackpoint><Trackpoint><Time>2026-01-01T17:14:20Z</Time><Position><LatitudeDegrees>55.944276</LatitudeDegrees><LongitudeDegrees>37.708090</LongitudeDegrees></Position><DistanceMeters>2390.9</DistanceMeters></Trackpoint><Trackpoint><Time>2026-01-01T17:14:23Z</Time><Position><LatitudeDegrees>55.944334</LatitudeDegrees><LongitudeDegrees>37.708091</LongitudeDegrees></Position><DistanceMeters>2397.5</DistanceMeters></Trackpoint><Trackpoint><Time>2026-01-01T17:14:25Z</Time><Position><LatitudeDegrees>55.944402</LatitudeDegrees><LongitudeDegrees>37.708089</LongitudeDegrees></Position><DistanceMeters>2405.0</DistanceMeters></Trackpoint><Trackpoint><Time>2026-01-01T17:14:27Z</Time><Position><LatitudeDegrees>55.944447</LatitudeDegrees><LongitudeDegrees>37.708087</LongitudeDegrees></Position><DistanceMeters>2410.1</DistanceMeters></Trackpoint><Trackpoint><Time>2026-01-01T17:14:29Z</Time><Position><LatitudeDegrees>55.944496</LatitudeDegrees><LongitudeDegrees>37.708088</LongitudeDegrees></Position><DistanceMeters>2415.4</DistanceMeters></Trackpoint><Trackpoint><Time>2026-01-01T17:14:31Z</Time><Position><LatitudeDegrees>55.944556</LatitudeDegrees><LongitudeDegrees>37.708089</LongitudeDegrees></Position><DistanceMeters>2422.1</DistanceMeters></Trackpoint><Trackpoint><Time>2026-01-01T17:14:34Z</Time><Position><LatitudeDegrees>55.944609</LatitudeDegrees><LongitudeDegrees>37.708089</LongitudeDegrees></Position><DistanceMeters>2428.1</DistanceMeters></Trackpoint><Trackpoint><Time>2026-01-01T17:14:36Z</Time><Position><LatitudeDegrees>55.944672</LatitudeDegrees><LongitudeDegrees>37.708087</LongitudeDegrees></Position><DistanceMeters>2435.1</DistanceMeters></Trackpoint><Trackpoint><Time>2026-01-01T17:14:38Z</Time><Position><LatitudeDegrees>55.944726</LatitudeDegrees><LongitudeDegrees>37.708083</LongitudeDegrees></Position><DistanceMeters>2441.1</DistanceMeters></Trackpoint><Trackpoint><Time>2026-01-01T17:14:41Z</Time><Position><LatitudeDegrees>55.944787</LatitudeDegrees><LongitudeDegrees>37.708077</LongitudeDegrees></Position><DistanceMeters>2447.8</DistanceMeters></Trackpoint><Trackpoint><Time>2026-01-01T17:14:43Z</Time><Position><LatitudeDegrees>55.944837</LatitudeDegrees><LongitudeDegrees>37.708070</LongitudeDegrees></Position><DistanceMeters>2453.4</DistanceMeters></Trackpoint><Trackpoint><Time>2026-01-01T17:14:45Z</Time><Position><LatitudeDegrees>55.944887</LatitudeDegrees><LongitudeDegrees>37.708062</LongitudeDegrees></Position><DistanceMeters>2459.0</DistanceMeters></Trackpoint><Trackpoint><Time>2026-01-01T17:14:47Z</Time><Position><LatitudeDegrees>55.944940</LatitudeDegrees><LongitudeDegrees>37.708055</LongitudeDegrees></Position><DistanceMeters>2464.9</DistanceMeters></Trackpoint><Trackpoint><Time>2026-01-01T17:14:49Z</Time><Position><LatitudeDegrees>55.945001</LatitudeDegrees><LongitudeDegrees>37.708048</LongitudeDegrees></Position><DistanceMeters>2471.7</DistanceMeters></Trackpoint><Trackpoint><Time>2026-01-01T17:14:52Z</Time><Position><LatitudeDegrees>55.945059</LatitudeDegrees><LongitudeDegrees>37.708044</LongitudeDegrees></Position><DistanceMeters>2478.1</DistanceMeters></Trackpoint><Trackpoint><Time>2026-01-01T17:14:54Z</Time><Position><LatitudeDegrees>55.945119</LatitudeDegrees><LongitudeDegrees>37.708042</LongitudeDegrees></Position><DistanceMeters>2484.8</DistanceMeters></Trackpoint><Trackpoint><Time>2026-01-01T17:14:56Z</Time><Position><LatitudeDegrees>55.945175</LatitudeDegrees><LongitudeDegrees>37.708041</LongitudeDegrees></Position><DistanceMeters>2491.0</DistanceMeters></Trackpoint><Trackpoint><Time>2026-01-01T17:14:59Z</Time><Position><LatitudeDegrees>55.945231</LatitudeDegrees><LongitudeDegrees>37.708040</LongitudeDegrees></Position><DistanceMeters>2497.3</DistanceMeters></Trackpoint><Trackpoint><Time>2026-01-01T17:15:00Z</Time><Position><LatitudeDegrees>55.945278</LatitudeDegrees><LongitudeDegrees>37.708037</LongitudeDegrees></Position><DistanceMeters>2502.5</DistanceMeters></Trackpoint><Trackpoint><Time>2026-01-01T17:15:03Z</Time><Position><LatitudeDegrees>55.945347</LatitudeDegrees><LongitudeDegrees>37.708029</LongitudeDegrees></Position><DistanceMeters>2510.2</DistanceMeters></Trackpoint><Trackpoint><Time>2026-01-01T17:15:06Z</Time><Position><LatitudeDegrees>55.945409</LatitudeDegrees><LongitudeDegrees>37.708017</LongitudeDegrees></Position><DistanceMeters>2517.2</DistanceMeters></Trackpoint><Trackpoint><Time>2026-01-01T17:15:08Z</Time><Position><LatitudeDegrees>55.945465</LatitudeDegrees><LongitudeDegrees>37.708016</LongitudeDegrees></Position><DistanceMeters>2523.3</DistanceMeters></Trackpoint><Trackpoint><Time>2026-01-01T17:15:10Z</Time><Position><LatitudeDegrees>55.945517</LatitudeDegrees><LongitudeDegrees>37.708018</LongitudeDegrees></Position><DistanceMeters>2529.2</DistanceMeters></Trackpoint><Trackpoint><Time>2026-01-01T17:15:12Z</Time><Position><LatitudeDegrees>55.945579</LatitudeDegrees><LongitudeDegrees>37.708022</LongitudeDegrees></Position><DistanceMeters>2536.0</DistanceMeters></Trackpoint><Trackpoint><Time>2026-01-01T17:15:15Z</Time><Position><LatitudeDegrees>55.945637</LatitudeDegrees><LongitudeDegrees>37.708026</LongitudeDegrees></Position><DistanceMeters>2542.5</DistanceMeters></Trackpoint><Trackpoint><Time>2026-01-01T17:15:17Z</Time><Position><LatitudeDegrees>55.945693</LatitudeDegrees><LongitudeDegrees>37.708029</LongitudeDegrees></Position><DistanceMeters>2548.7</DistanceMeters></Trackpoint><Trackpoint><Time>2026-01-01T17:15:19Z</Time><Position><LatitudeDegrees>55.945738</LatitudeDegrees><LongitudeDegrees>37.708032</LongitudeDegrees></Position><DistanceMeters>2553.8</DistanceMeters></Trackpoint><Trackpoint><Time>2026-01-01T17:15:21Z</Time><Position><LatitudeDegrees>55.945798</LatitudeDegrees><LongitudeDegrees>37.708031</LongitudeDegrees></Position><DistanceMeters>2560.4</DistanceMeters></Trackpoint><Trackpoint><Time>2026-01-01T17:15:24Z</Time><Position><LatitudeDegrees>55.945857</LatitudeDegrees><LongitudeDegrees>37.708026</LongitudeDegrees></Position><DistanceMeters>2567.0</DistanceMeters></Trackpoint><Trackpoint><Time>2026-01-01T17:15:26Z</Time><Position><LatitudeDegrees>55.945906</LatitudeDegrees><LongitudeDegrees>37.708021</LongitudeDegrees></Position><DistanceMeters>2572.4</DistanceMeters></Trackpoint><Trackpoint><Time>2026-01-01T17:15:28Z</Time><Position><LatitudeDegrees>55.945969</LatitudeDegrees><LongitudeDegrees>37.708010</LongitudeDegrees></Position><DistanceMeters>2579.5</DistanceMeters></Trackpoint><Trackpoint><Time>2026-01-01T17:15:30Z</Time><Position><LatitudeDegrees>55.946022</LatitudeDegrees><LongitudeDegrees>37.708006</LongitudeDegrees></Position><DistanceMeters>2585.3</DistanceMeters></Trackpoint><Trackpoint><Time>2026-01-01T17:15:33Z</Time><Position><LatitudeDegrees>55.946091</LatitudeDegrees><LongitudeDegrees>37.708005</LongitudeDegrees></Position><DistanceMeters>2593.1</DistanceMeters></Trackpoint><Trackpoint><Time>2026-01-01T17:15:36Z</Time><Position><LatitudeDegrees>55.946156</LatitudeDegrees><LongitudeDegrees>37.708007</LongitudeDegrees></Position><DistanceMeters>2600.3</DistanceMeters></Trackpoint><Trackpoint><Time>2026-01-01T17:15:38Z</Time><Position><LatitudeDegrees>55.946206</LatitudeDegrees><LongitudeDegrees>37.708011</LongitudeDegrees></Position><DistanceMeters>2605.8</DistanceMeters></Trackpoint><Trackpoint><Time>2026-01-01T17:15:40Z</Time><Position><LatitudeDegrees>55.946259</LatitudeDegrees><LongitudeDegrees>37.708018</LongitudeDegrees></Position><DistanceMeters>2611.8</DistanceMeters></Trackpoint><Trackpoint><Time>2026-01-01T17:15:43Z</Time><Position><LatitudeDegrees>55.946332</LatitudeDegrees><LongitudeDegrees>37.708031</LongitudeDegrees></Position><DistanceMeters>2619.9</DistanceMeters></Trackpoint><Trackpoint><Time>2026-01-01T17:15:45Z</Time><Position><LatitudeDegrees>55.946391</LatitudeDegrees><LongitudeDegrees>37.708044</LongitudeDegrees></Position><DistanceMeters>2626.5</DistanceMeters></Trackpoint><Trackpoint><Time>2026-01-01T17:15:47Z</Time><Position><LatitudeDegrees>55.946449</LatitudeDegrees><LongitudeDegrees>37.708061</LongitudeDegrees></Position><DistanceMeters>2633.1</DistanceMeters></Trackpoint><Trackpoint><Time>2026-01-01T17:15:50Z</Time><Position><LatitudeDegrees>55.946523</LatitudeDegrees><LongitudeDegrees>37.708081</LongitudeDegrees></Position><DistanceMeters>2641.4</DistanceMeters></Trackpoint><Trackpoint><Time>2026-01-01T17:15:53Z</Time><Position><LatitudeDegrees>55.946591</LatitudeDegrees><LongitudeDegrees>37.708099</LongitudeDegrees></Position><DistanceMeters>2649.0</DistanceMeters></Trackpoint><Trackpoint><Time>2026-01-01T17:15:55Z</Time><Position><LatitudeDegrees>55.946637</LatitudeDegrees><LongitudeDegrees>37.708110</LongitudeDegrees></Position><DistanceMeters>2654.2</DistanceMeters></Trackpoint><Trackpoint><Time>2026-01-01T17:15:57Z</Time><Position><LatitudeDegrees>55.946696</LatitudeDegrees><LongitudeDegrees>37.708115</LongitudeDegrees></Position><DistanceMeters>2660.7</DistanceMeters></Trackpoint><Trackpoint><Time>2026-01-01T17:15:59Z</Time><Position><LatitudeDegrees>55.946747</LatitudeDegrees><LongitudeDegrees>37.708120</LongitudeDegrees></Position><DistanceMeters>2666.4</DistanceMeters></Trackpoint><Trackpoint><Time>2026-01-01T17:16:01Z</Time><Position><LatitudeDegrees>55.946798</LatitudeDegrees><LongitudeDegrees>37.708126</LongitudeDegrees></Position><DistanceMeters>2672.1</DistanceMeters></Trackpoint><Trackpoint><Time>2026-01-01T17:16:04Z</Time><Position><LatitudeDegrees>55.946856</LatitudeDegrees><LongitudeDegrees>37.708132</LongitudeDegrees></Position><DistanceMeters>2678.6</DistanceMeters></Trackpoint><Trackpoint><Time>2026-01-01T17:16:06Z</Time><Position><LatitudeDegrees>55.946905</LatitudeDegrees><LongitudeDegrees>37.708135</LongitudeDegrees></Position><DistanceMeters>2684.0</DistanceMeters></Trackpoint><Trackpoint><Time>2026-01-01T17:16:08Z</Time><Position><LatitudeDegrees>55.946962</LatitudeDegrees><LongitudeDegrees>37.708137</LongitudeDegrees></Position><DistanceMeters>2690.4</DistanceMeters></Trackpoint><Trackpoint><Time>2026-01-01T17:16:10Z</Time><Position><LatitudeDegrees>55.947007</LatitudeDegrees><LongitudeDegrees>37.708137</LongitudeDegrees></Position><DistanceMeters>2695.4</DistanceMeters></Trackpoint><Trackpoint><Time>2026-01-01T17:16:12Z</Time><Position><LatitudeDegrees>55.947060</LatitudeDegrees><LongitudeDegrees>37.708138</LongitudeDegrees></Position><DistanceMeters>2701.2</DistanceMeters></Trackpoint><Trackpoint><Time>2026-01-01T17:16:14Z</Time><Position><LatitudeDegrees>55.947110</LatitudeDegrees><LongitudeDegrees>37.708138</LongitudeDegrees></Position><DistanceMeters>2706.9</DistanceMeters></Trackpoint><Trackpoint><Time>2026-01-01T17:16:16Z</Time><Position><LatitudeDegrees>55.947164</LatitudeDegrees><LongitudeDegrees>37.708139</LongitudeDegrees></Position><DistanceMeters>2712.8</DistanceMeters></Trackpoint><Trackpoint><Time>2026-01-01T17:16:18Z</Time><Position><LatitudeDegrees>55.947210</LatitudeDegrees><LongitudeDegrees>37.708141</LongitudeDegrees></Position><DistanceMeters>2717.9</DistanceMeters></Trackpoint><Trackpoint><Time>2026-01-01T17:16:20Z</Time><Position><LatitudeDegrees>55.947264</LatitudeDegrees><LongitudeDegrees>37.708146</LongitudeDegrees></Position><DistanceMeters>2723.9</DistanceMeters></Trackpoint><Trackpoint><Time>2026-01-01T17:16:23Z</Time><Position><LatitudeDegrees>55.947331</LatitudeDegrees><LongitudeDegrees>37.708156</LongitudeDegrees></Position><DistanceMeters>2731.4</DistanceMeters></Trackpoint><Trackpoint><Time>2026-01-01T17:16:25Z</Time><Position><LatitudeDegrees>55.947384</LatitudeDegrees><LongitudeDegrees>37.708164</LongitudeDegrees></Position><DistanceMeters>2737.3</DistanceMeters></Trackpoint><Trackpoint><Time>2026-01-01T17:16:27Z</Time><Position><LatitudeDegrees>55.947446</LatitudeDegrees><LongitudeDegrees>37.708173</LongitudeDegrees></Position><DistanceMeters>2744.2</DistanceMeters></Trackpoint><Trackpoint><Time>2026-01-01T17:16:29Z</Time><Position><LatitudeDegrees>55.947494</LatitudeDegrees><LongitudeDegrees>37.708174</LongitudeDegrees></Position><DistanceMeters>2749.6</DistanceMeters></Trackpoint><Trackpoint><Time>2026-01-01T17:16:32Z</Time><Position><LatitudeDegrees>55.947553</LatitudeDegrees><LongitudeDegrees>37.708168</LongitudeDegrees></Position><DistanceMeters>2756.2</DistanceMeters></Trackpoint><Trackpoint><Time>2026-01-01T17:16:34Z</Time><Position><LatitudeDegrees>55.947612</LatitudeDegrees><LongitudeDegrees>37.708153</LongitudeDegrees></Position><DistanceMeters>2762.8</DistanceMeters></Trackpoint><Trackpoint><Time>2026-01-01T17:16:36Z</Time><Position><LatitudeDegrees>55.947659</LatitudeDegrees><LongitudeDegrees>37.708141</LongitudeDegrees></Position><DistanceMeters>2768.1</DistanceMeters></Trackpoint><Trackpoint><Time>2026-01-01T17:16:39Z</Time><Position><LatitudeDegrees>55.947723</LatitudeDegrees><LongitudeDegrees>37.708122</LongitudeDegrees></Position><DistanceMeters>2775.3</DistanceMeters></Trackpoint><Trackpoint><Time>2026-01-01T17:16:41Z</Time><Position><LatitudeDegrees>55.947784</LatitudeDegrees><LongitudeDegrees>37.708106</LongitudeDegrees></Position><DistanceMeters>2782.2</DistanceMeters></Trackpoint><Trackpoint><Time>2026-01-01T17:16:43Z</Time><Position><LatitudeDegrees>55.947830</LatitudeDegrees><LongitudeDegrees>37.708099</LongitudeDegrees></Position><DistanceMeters>2787.3</DistanceMeters></Trackpoint><Trackpoint><Time>2026-01-01T17:16:45Z</Time><Position><LatitudeDegrees>55.947894</LatitudeDegrees><LongitudeDegrees>37.708094</LongitudeDegrees></Position><DistanceMeters>2794.4</DistanceMeters></Trackpoint><Trackpoint><Time>2026-01-01T17:16:47Z</Time><Position><LatitudeDegrees>55.947942</LatitudeDegrees><LongitudeDegrees>37.708093</LongitudeDegrees></Position><DistanceMeters>2799.7</DistanceMeters></Trackpoint><Trackpoint><Time>2026-01-01T17:16:50Z</Time><Position><LatitudeDegrees>55.948005</LatitudeDegrees><LongitudeDegrees>37.708094</LongitudeDegrees></Position><DistanceMeters>2806.7</DistanceMeters></Trackpoint><Trackpoint><Time>2026-01-01T17:16:52Z</Time><Position><LatitudeDegrees>55.948063</LatitudeDegrees><LongitudeDegrees>37.708100</LongitudeDegrees></Position><DistanceMeters>2813.2</DistanceMeters></Trackpoint><Trackpoint><Time>2026-01-01T17:16:54Z</Time><Position><LatitudeDegrees>55.948108</LatitudeDegrees><LongitudeDegrees>37.708106</LongitudeDegrees></Position><DistanceMeters>2818.2</DistanceMeters></Trackpoint><Trackpoint><Time>2026-01-01T17:16:56Z</Time><Position><LatitudeDegrees>55.948168</LatitudeDegrees><LongitudeDegrees>37.708118</LongitudeDegrees></Position><DistanceMeters>2824.9</DistanceMeters></Trackpoint><Trackpoint><Time>2026-01-01T17:16:59Z</Time><Position><LatitudeDegrees>55.948222</LatitudeDegrees><LongitudeDegrees>37.708126</LongitudeDegrees></Position><DistanceMeters>2831.0</DistanceMeters></Trackpoint><Trackpoint><Time>2026-01-01T17:17:01Z</Time><Position><LatitudeDegrees>55.948272</LatitudeDegrees><LongitudeDegrees>37.708135</LongitudeDegrees></Position><DistanceMeters>2836.5</DistanceMeters></Trackpoint><Trackpoint><Time>2026-01-01T17:17:03Z</Time><Position><LatitudeDegrees>55.948333</LatitudeDegrees><LongitudeDegrees>37.708145</LongitudeDegrees></Position><DistanceMeters>2843.3</DistanceMeters></Trackpoint><Trackpoint><Time>2026-01-01T17:17:05Z</Time><Position><LatitudeDegrees>55.948387</LatitudeDegrees><LongitudeDegrees>37.708153</LongitudeDegrees></Position><DistanceMeters>2849.4</DistanceMeters></Trackpoint><Trackpoint><Time>2026-01-01T17:17:08Z</Time><Position><LatitudeDegrees>55.948450</LatitudeDegrees><LongitudeDegrees>37.708161</LongitudeDegrees></Position><DistanceMeters>2856.4</DistanceMeters></Trackpoint><Trackpoint><Time>2026-01-01T17:17:10Z</Time><Position><LatitudeDegrees>55.948511</LatitudeDegrees><LongitudeDegrees>37.708168</LongitudeDegrees></Position><DistanceMeters>2863.2</DistanceMeters></Trackpoint><Trackpoint><Time>2026-01-01T17:17:13Z</Time><Position><LatitudeDegrees>55.948575</LatitudeDegrees><LongitudeDegrees>37.708174</LongitudeDegrees></Position><DistanceMeters>2870.4</DistanceMeters></Trackpoint><Trackpoint><Time>2026-01-01T17:17:15Z</Time><Position><LatitudeDegrees>55.948637</LatitudeDegrees><LongitudeDegrees>37.708181</LongitudeDegrees></Position><DistanceMeters>2877.2</DistanceMeters></Trackpoint><Trackpoint><Time>2026-01-01T17:17:18Z</Time><Position><LatitudeDegrees>55.948693</LatitudeDegrees><LongitudeDegrees>37.708188</LongitudeDegrees></Position><DistanceMeters>2883.4</DistanceMeters></Trackpoint><Trackpoint><Time>2026-01-01T17:17:20Z</Time><Position><LatitudeDegrees>55.948752</LatitudeDegrees><LongitudeDegrees>37.708195</LongitudeDegrees></Position><DistanceMeters>2890.1</DistanceMeters></Trackpoint><Trackpoint><Time>2026-01-01T17:17:23Z</Time><Position><LatitudeDegrees>55.948820</LatitudeDegrees><LongitudeDegrees>37.708200</LongitudeDegrees></Position><DistanceMeters>2897.6</DistanceMeters></Trackpoint><Trackpoint><Time>2026-01-01T17:17:25Z</Time><Position><LatitudeDegrees>55.948872</LatitudeDegrees><LongitudeDegrees>37.708198</LongitudeDegrees></Position><DistanceMeters>2903.4</DistanceMeters></Trackpoint><Trackpoint><Time>2026-01-01T17:17:27Z</Time><Position><LatitudeDegrees>55.948923</LatitudeDegrees><LongitudeDegrees>37.708192</LongitudeDegrees></Position><DistanceMeters>2909.1</DistanceMeters></Trackpoint><Trackpoint><Time>2026-01-01T17:17:29Z</Time><Position><LatitudeDegrees>55.948981</LatitudeDegrees><LongitudeDegrees>37.708184</LongitudeDegrees></Position><DistanceMeters>2915.6</DistanceMeters></Trackpoint><Trackpoint><Time>2026-01-01T17:17:31Z</Time><Position><LatitudeDegrees>55.949039</LatitudeDegrees><LongitudeDegrees>37.708175</LongitudeDegrees></Position><DistanceMeters>2922.0</DistanceMeters></Trackpoint><Trackpoint><Time>2026-01-01T17:17:33Z</Time><Position><LatitudeDegrees>55.949090</LatitudeDegrees><LongitudeDegrees>37.708170</LongitudeDegrees></Position><DistanceMeters>2927.8</DistanceMeters></Trackpoint><Trackpoint><Time>2026-01-01T17:17:36Z</Time><Position><LatitudeDegrees>55.949159</LatitudeDegrees><LongitudeDegrees>37.708165</LongitudeDegrees></Position><DistanceMeters>2935.3</DistanceMeters></Trackpoint><Trackpoint><Time>2026-01-01T17:17:39Z</Time><Position><LatitudeDegrees>55.949216</LatitudeDegrees><LongitudeDegrees>37.708164</LongitudeDegrees></Position><DistanceMeters>2941.8</DistanceMeters></Trackpoint><Trackpoint><Time>2026-01-01T17:17:40Z</Time><Position><LatitudeDegrees>55.949265</LatitudeDegrees><LongitudeDegrees>37.708163</LongitudeDegrees></Position><DistanceMeters>2947.2</DistanceMeters></Trackpoint><Trackpoint><Time>2026-01-01T17:17:43Z</Time><Position><LatitudeDegrees>55.949315</LatitudeDegrees><LongitudeDegrees>37.708163</LongitudeDegrees></Position><DistanceMeters>2952.8</DistanceMeters></Trackpoint><Trackpoint><Time>2026-01-01T17:17:45Z</Time><Position><LatitudeDegrees>55.949370</LatitudeDegrees><LongitudeDegrees>37.708163</LongitudeDegrees></Position><DistanceMeters>2958.9</DistanceMeters></Trackpoint><Trackpoint><Time>2026-01-01T17:17:47Z</Time><Position><LatitudeDegrees>55.949433</LatitudeDegrees><LongitudeDegrees>37.708162</LongitudeDegrees></Position><DistanceMeters>2965.9</DistanceMeters></Trackpoint><Trackpoint><Time>2026-01-01T17:17:49Z</Time><Position><LatitudeDegrees>55.949483</LatitudeDegrees><LongitudeDegrees>37.708162</LongitudeDegrees></Position><DistanceMeters>2971.4</DistanceMeters></Trackpoint><Trackpoint><Time>2026-01-01T17:17:51Z</Time><Position><LatitudeDegrees>55.949532</LatitudeDegrees><LongitudeDegrees>37.708161</LongitudeDegrees></Position><DistanceMeters>2976.9</DistanceMeters></Trackpoint><Trackpoint><Time>2026-01-01T17:17:53Z</Time><Position><LatitudeDegrees>55.949582</LatitudeDegrees><LongitudeDegrees>37.708161</LongitudeDegrees></Position><DistanceMeters>2982.5</DistanceMeters></Trackpoint><Trackpoint><Time>2026-01-01T17:17:57Z</Time><Position><LatitudeDegrees>55.949666</LatitudeDegrees><LongitudeDegrees>37.708164</LongitudeDegrees></Position><DistanceMeters>2991.8</DistanceMeters></Trackpoint><Trackpoint><Time>2026-01-01T17:17:59Z</Time><Position><LatitudeDegrees>55.949723</LatitudeDegrees><LongitudeDegrees>37.708165</LongitudeDegrees></Position><DistanceMeters>2998.2</DistanceMeters></Trackpoint><Trackpoint><Time>2026-01-01T17:18:01Z</Time><Position><LatitudeDegrees>55.949786</LatitudeDegrees><LongitudeDegrees>37.708146</LongitudeDegrees></Position><DistanceMeters>3005.3</DistanceMeters></Trackpoint><Trackpoint><Time>2026-01-01T17:18:04Z</Time><Position><LatitudeDegrees>55.949813</LatitudeDegrees><LongitudeDegrees>37.708052</LongitudeDegrees></Position><DistanceMeters>3011.8</DistanceMeters></Trackpoint><Trackpoint><Time>2026-01-01T17:18:06Z</Time><Position><LatitudeDegrees>55.949836</LatitudeDegrees><LongitudeDegrees>37.707954</LongitudeDegrees></Position><DistanceMeters>3018.5</DistanceMeters></Trackpoint><Trackpoint><Time>2026-01-01T17:18:09Z</Time><Position><LatitudeDegrees>55.949856</LatitudeDegrees><LongitudeDegrees>37.707853</LongitudeDegrees></Position><DistanceMeters>3025.2</DistanceMeters></Trackpoint><Trackpoint><Time>2026-01-01T17:18:10Z</Time><Position><LatitudeDegrees>55.949872</LatitudeDegrees><LongitudeDegrees>37.707775</LongitudeDegrees></Position><DistanceMeters>3030.3</DistanceMeters></Trackpoint><Trackpoint><Time>2026-01-01T17:18:13Z</Time><Position><LatitudeDegrees>55.949895</LatitudeDegrees><LongitudeDegrees>37.707671</LongitudeDegrees></Position><DistanceMeters>3037.3</DistanceMeters></Trackpoint><Trackpoint><Time>2026-01-01T17:18:16Z</Time><Position><LatitudeDegrees>55.949917</LatitudeDegrees><LongitudeDegrees>37.707555</LongitudeDegrees></Position><DistanceMeters>3044.9</DistanceMeters></Trackpoint><Trackpoint><Time>2026-01-01T17:18:17Z</Time><Position><LatitudeDegrees>55.949929</LatitudeDegrees><LongitudeDegrees>37.707477</LongitudeDegrees></Position><DistanceMeters>3049.9</DistanceMeters></Trackpoint><Trackpoint><Time>2026-01-01T17:18:19Z</Time><Position><LatitudeDegrees>55.949939</LatitudeDegrees><LongitudeDegrees>37.707394</LongitudeDegrees></Position><DistanceMeters>3055.2</DistanceMeters></Trackpoint><Trackpoint><Time>2026-01-01T17:18:22Z</Time><Position><LatitudeDegrees>55.949950</LatitudeDegrees><LongitudeDegrees>37.707279</LongitudeDegrees></Position><DistanceMeters>3062.5</DistanceMeters></Trackpoint><Trackpoint><Time>2026-01-01T17:18:24Z</Time><Position><LatitudeDegrees>55.949959</LatitudeDegrees><LongitudeDegrees>37.707191</LongitudeDegrees></Position><DistanceMeters>3068.1</DistanceMeters></Trackpoint><Trackpoint><Time>2026-01-01T17:18:26Z</Time><Position><LatitudeDegrees>55.949968</LatitudeDegrees><LongitudeDegrees>37.707081</LongitudeDegrees></Position><DistanceMeters>3075.0</DistanceMeters></Trackpoint><Trackpoint><Time>2026-01-01T17:18:28Z</Time><Position><LatitudeDegrees>55.949976</LatitudeDegrees><LongitudeDegrees>37.706994</LongitudeDegrees></Position><DistanceMeters>3080.4</DistanceMeters></Trackpoint><Trackpoint><Time>2026-01-01T17:18:31Z</Time><Position><LatitudeDegrees>55.949981</LatitudeDegrees><LongitudeDegrees>37.706884</LongitudeDegrees></Position><DistanceMeters>3087.4</DistanceMeters></Trackpoint><Trackpoint><Time>2026-01-01T17:18:34Z</Time><Position><LatitudeDegrees>55.949979</LatitudeDegrees><LongitudeDegrees>37.706766</LongitudeDegrees></Position><DistanceMeters>3094.7</DistanceMeters></Trackpoint><Trackpoint><Time>2026-01-01T17:18:36Z</Time><Position><LatitudeDegrees>55.949985</LatitudeDegrees><LongitudeDegrees>37.706681</LongitudeDegrees></Position><DistanceMeters>3100.1</DistanceMeters></Trackpoint><Trackpoint><Time>2026-01-01T17:18:38Z</Time><Position><LatitudeDegrees>55.950000</LatitudeDegrees><LongitudeDegrees>37.706558</LongitudeDegrees></Position><DistanceMeters>3107.9</DistanceMeters></Trackpoint><Trackpoint><Time>2026-01-01T17:18:41Z</Time><Position><LatitudeDegrees>55.950010</LatitudeDegrees><LongitudeDegrees>37.706451</LongitudeDegrees></Position><DistanceMeters>3114.6</DistanceMeters></Trackpoint><Trackpoint><Time>2026-01-01T17:18:43Z</Time><Position><LatitudeDegrees>55.950016</LatitudeDegrees><LongitudeDegrees>37.706348</LongitudeDegrees></Position><DistanceMeters>3121.1</DistanceMeters></Trackpoint><Trackpoint><Time>2026-01-01T17:18:46Z</Time><Position><LatitudeDegrees>55.950021</LatitudeDegrees><LongitudeDegrees>37.706239</LongitudeDegrees></Position><DistanceMeters>3127.9</DistanceMeters></Trackpoint><Trackpoint><Time>2026-01-01T17:18:48Z</Time><Position><LatitudeDegrees>55.950022</LatitudeDegrees><LongitudeDegrees>37.706141</LongitudeDegrees></Position><DistanceMeters>3134.0</DistanceMeters></Trackpoint><Trackpoint><Time>2026-01-01T17:18:50Z</Time><Position><LatitudeDegrees>55.950014</LatitudeDegrees><LongitudeDegrees>37.706042</LongitudeDegrees></Position><DistanceMeters>3140.2</DistanceMeters></Trackpoint><Trackpoint><Time>2026-01-01T17:18:52Z</Time><Position><LatitudeDegrees>55.950006</LatitudeDegrees><LongitudeDegrees>37.705952</LongitudeDegrees></Position><DistanceMeters>3145.9</DistanceMeters></Trackpoint><Trackpoint><Time>2026-01-01T17:18:54Z</Time><Position><LatitudeDegrees>55.949997</LatitudeDegrees><LongitudeDegrees>37.705847</LongitudeDegrees></Position><DistanceMeters>3152.5</DistanceMeters></Trackpoint><Trackpoint><Time>2026-01-01T17:18:57Z</Time><Position><LatitudeDegrees>55.949992</LatitudeDegrees><LongitudeDegrees>37.705744</LongitudeDegrees></Position><DistanceMeters>3159.0</DistanceMeters></Trackpoint><Trackpoint><Time>2026-01-01T17:18:59Z</Time><Position><LatitudeDegrees>55.949999</LatitudeDegrees><LongitudeDegrees>37.705642</LongitudeDegrees></Position><DistanceMeters>3165.3</DistanceMeters></Trackpoint><Trackpoint><Time>2026-01-01T17:19:01Z</Time><Position><LatitudeDegrees>55.950016</LatitudeDegrees><LongitudeDegrees>37.705545</LongitudeDegrees></Position><DistanceMeters>3171.7</DistanceMeters></Trackpoint><Trackpoint><Time>2026-01-01T17:19:04Z</Time><Position><LatitudeDegrees>55.950032</LatitudeDegrees><LongitudeDegrees>37.705446</LongitudeDegrees></Position><DistanceMeters>3178.1</DistanceMeters></Trackpoint><Trackpoint><Time>2026-01-01T17:19:06Z</Time><Position><LatitudeDegrees>55.950043</LatitudeDegrees><LongitudeDegrees>37.705340</LongitudeDegrees></Position><DistanceMeters>3184.8</DistanceMeters></Trackpoint><Trackpoint><Time>2026-01-01T17:19:08Z</Time><Position><LatitudeDegrees>55.950048</LatitudeDegrees><LongitudeDegrees>37.705241</LongitudeDegrees></Position><DistanceMeters>3191.0</DistanceMeters></Trackpoint><Trackpoint><Time>2026-01-01T17:19:10Z</Time><Position><LatitudeDegrees>55.950054</LatitudeDegrees><LongitudeDegrees>37.705152</LongitudeDegrees></Position><DistanceMeters>3196.6</DistanceMeters></Trackpoint><Trackpoint><Time>2026-01-01T17:19:12Z</Time><Position><LatitudeDegrees>55.950058</LatitudeDegrees><LongitudeDegrees>37.705071</LongitudeDegrees></Position><DistanceMeters>3201.7</DistanceMeters></Trackpoint><Trackpoint><Time>2026-01-01T17:19:14Z</Time><Position><LatitudeDegrees>55.950058</LatitudeDegrees><LongitudeDegrees>37.704978</LongitudeDegrees></Position><DistanceMeters>3207.4</DistanceMeters></Trackpoint><Trackpoint><Time>2026-01-01T17:19:16Z</Time><Position><LatitudeDegrees>55.950055</LatitudeDegrees><LongitudeDegrees>37.704883</LongitudeDegrees></Position><DistanceMeters>3213.4</DistanceMeters></Trackpoint><Trackpoint><Time>2026-01-01T17:19:18Z</Time><Position><LatitudeDegrees>55.950051</LatitudeDegrees><LongitudeDegrees>37.704788</LongitudeDegrees></Position><DistanceMeters>3219.3</DistanceMeters></Trackpoint><Trackpoint><Time>2026-01-01T17:19:21Z</Time><Position><LatitudeDegrees>55.950052</LatitudeDegrees><LongitudeDegrees>37.704694</LongitudeDegrees></Position><DistanceMeters>3225.2</DistanceMeters></Trackpoint><Trackpoint><Time>2026-01-01T17:19:23Z</Time><Position><LatitudeDegrees>55.950056</LatitudeDegrees><LongitudeDegrees>37.704598</LongitudeDegrees></Position><DistanceMeters>3231.2</DistanceMeters></Trackpoint><Trackpoint><Time>2026-01-01T17:19:25Z</Time><Position><LatitudeDegrees>55.950058</LatitudeDegrees><LongitudeDegrees>37.704505</LongitudeDegrees></Position><DistanceMeters>3236.9</DistanceMeters></Trackpoint><Trackpoint><Time>2026-01-01T17:19:27Z</Time><Position><LatitudeDegrees>55.950053</LatitudeDegrees><LongitudeDegrees>37.704415</LongitudeDegrees></Position><DistanceMeters>3242.6</DistanceMeters></Trackpoint><Trackpoint><Time>2026-01-01T17:19:29Z</Time><Position><LatitudeDegrees>55.950042</LatitudeDegrees><LongitudeDegrees>37.704324</LongitudeDegrees></Position><DistanceMeters>3248.4</DistanceMeters></Trackpoint><Trackpoint><Time>2026-01-01T17:19:31Z</Time><Position><LatitudeDegrees>55.950032</LatitudeDegrees><LongitudeDegrees>37.704238</LongitudeDegrees></Position><DistanceMeters>3253.8</DistanceMeters></Trackpoint><Trackpoint><Time>2026-01-01T17:19:33Z</Time><Position><LatitudeDegrees>55.950019</LatitudeDegrees><LongitudeDegrees>37.704154</LongitudeDegrees></Position><DistanceMeters>3259.3</DistanceMeters></Trackpoint><Trackpoint><Time>2026-01-01T17:19:35Z</Time><Position><LatitudeDegrees>55.950011</LatitudeDegrees><LongitudeDegrees>37.704063</LongitudeDegrees></Position><DistanceMeters>3265.0</DistanceMeters></Trackpoint><Trackpoint><Time>2026-01-01T17:19:38Z</Time><Position><LatitudeDegrees>55.950013</LatitudeDegrees><LongitudeDegrees>37.703939</LongitudeDegrees></Position><DistanceMeters>3272.7</DistanceMeters></Trackpoint><Trackpoint><Time>2026-01-01T17:19:40Z</Time><Position><LatitudeDegrees>55.950009</LatitudeDegrees><LongitudeDegrees>37.703835</LongitudeDegrees></Position><DistanceMeters>3279.2</DistanceMeters></Trackpoint><Trackpoint><Time>2026-01-01T17:19:43Z</Time><Position><LatitudeDegrees>55.950002</LatitudeDegrees><LongitudeDegrees>37.703712</LongitudeDegrees></Position><DistanceMeters>3286.9</DistanceMeters></Trackpoint><Trackpoint><Time>2026-01-01T17:19:45Z</Time><Position><LatitudeDegrees>55.949997</LatitudeDegrees><LongitudeDegrees>37.703591</LongitudeDegrees></Position><DistanceMeters>3294.4</DistanceMeters></Trackpoint><Trackpoint><Time>2026-01-01T17:19:48Z</Time><Position><LatitudeDegrees>55.949996</LatitudeDegrees><LongitudeDegrees>37.703491</LongitudeDegrees></Position><DistanceMeters>3300.7</DistanceMeters></Trackpoint><Trackpoint><Time>2026-01-01T17:19:50Z</Time><Position><LatitudeDegrees>55.950001</LatitudeDegrees><LongitudeDegrees>37.703408</LongitudeDegrees></Position><DistanceMeters>3305.9</DistanceMeters></Trackpoint><Trackpoint><Time>2026-01-01T17:19:52Z</Time><Position><LatitudeDegrees>55.950010</LatitudeDegrees><LongitudeDegrees>37.703322</LongitudeDegrees></Position><DistanceMeters>3311.3</DistanceMeters></Trackpoint><Trackpoint><Time>2026-01-01T17:19:54Z</Time><Position><LatitudeDegrees>55.950021</LatitudeDegrees><LongitudeDegrees>37.703223</LongitudeDegrees></Position><DistanceMeters>3317.6</DistanceMeters></Trackpoint><Trackpoint><Time>2026-01-01T17:19:56Z</Time><Position><LatitudeDegrees>55.950028</LatitudeDegrees><LongitudeDegrees>37.703137</LongitudeDegrees></Position><DistanceMeters>3323.1</DistanceMeters></Trackpoint><Trackpoint><Time>2026-01-01T17:19:58Z</Time><Position><LatitudeDegrees>55.950029</LatitudeDegrees><LongitudeDegrees>37.703045</LongitudeDegrees></Position><DistanceMeters>3328.8</DistanceMeters></Trackpoint><Trackpoint><Time>2026-01-01T17:20:00Z</Time><Position><LatitudeDegrees>55.950025</LatitudeDegrees><LongitudeDegrees>37.702955</LongitudeDegrees></Position><DistanceMeters>3334.4</DistanceMeters></Trackpoint><Trackpoint><Time>2026-01-01T17:20:03Z</Time><Position><LatitudeDegrees>55.950011</LatitudeDegrees><LongitudeDegrees>37.702834</LongitudeDegrees></Position><DistanceMeters>3342.1</DistanceMeters></Trackpoint><Trackpoint><Time>2026-01-01T17:20:05Z</Time><Position><LatitudeDegrees>55.950001</LatitudeDegrees><LongitudeDegrees>37.702730</LongitudeDegrees></Position><DistanceMeters>3348.6</DistanceMeters></Trackpoint><Trackpoint><Time>2026-01-01T17:20:07Z</Time><Position><LatitudeDegrees>55.950008</LatitudeDegrees><LongitudeDegrees>37.702639</LongitudeDegrees></Position><DistanceMeters>3354.4</DistanceMeters></Trackpoint><Trackpoint><Time>2026-01-01T17:20:09Z</Time><Position><LatitudeDegrees>55.950017</LatitudeDegrees><LongitudeDegrees>37.702554</LongitudeDegrees></Position><DistanceMeters>3359.8</DistanceMeters></Trackpoint><Trackpoint><Time>2026-01-01T17:20:11Z</Time><Position><LatitudeDegrees>55.950023</LatitudeDegrees><LongitudeDegrees>37.702462</LongitudeDegrees></Position><DistanceMeters>3365.6</DistanceMeters></Trackpoint><Trackpoint><Time>2026-01-01T17:20:13Z</Time><Position><LatitudeDegrees>55.950025</LatitudeDegrees><LongitudeDegrees>37.702380</LongitudeDegrees></Position><DistanceMeters>3370.6</DistanceMeters></Trackpoint><Trackpoint><Time>2026-01-01T17:20:15Z</Time><Position><LatitudeDegrees>55.950025</LatitudeDegrees><LongitudeDegrees>37.702285</LongitudeDegrees></Position><DistanceMeters>3376.6</DistanceMeters></Trackpoint><Trackpoint><Time>2026-01-01T17:20:17Z</Time><Position><LatitudeDegrees>55.950024</LatitudeDegrees><LongitudeDegrees>37.702193</LongitudeDegrees></Position><DistanceMeters>3382.3</DistanceMeters></Trackpoint><Trackpoint><Time>2026-01-01T17:20:19Z</Time><Position><LatitudeDegrees>55.950020</LatitudeDegrees><LongitudeDegrees>37.702090</LongitudeDegrees></Position><DistanceMeters>3388.7</DistanceMeters></Trackpoint><Trackpoint><Time>2026-01-01T17:20:22Z</Time><Position><LatitudeDegrees>55.950017</LatitudeDegrees><LongitudeDegrees>37.701980</LongitudeDegrees></Position><DistanceMeters>3395.5</DistanceMeters></Trackpoint><Trackpoint><Time>2026-01-01T17:20:24Z</Time><Position><LatitudeDegrees>55.950017</LatitudeDegrees><LongitudeDegrees>37.701887</LongitudeDegrees></Position><DistanceMeters>3401.4</DistanceMeters></Trackpoint><Trackpoint><Time>2026-01-01T17:20:27Z</Time><Position><LatitudeDegrees>55.950016</LatitudeDegrees><LongitudeDegrees>37.701767</LongitudeDegrees></Position><DistanceMeters>3408.8</DistanceMeters></Trackpoint><Trackpoint><Time>2026-01-01T17:20:29Z</Time><Position><LatitudeDegrees>55.950016</LatitudeDegrees><LongitudeDegrees>37.701672</LongitudeDegrees></Position><DistanceMeters>3414.7</DistanceMeters></Trackpoint><Trackpoint><Time>2026-01-01T17:20:31Z</Time><Position><LatitudeDegrees>55.950015</LatitudeDegrees><LongitudeDegrees>37.701591</LongitudeDegrees></Position><DistanceMeters>3419.8</DistanceMeters></Trackpoint><Trackpoint><Time>2026-01-01T17:20:33Z</Time><Position><LatitudeDegrees>55.950015</LatitudeDegrees><LongitudeDegrees>37.701495</LongitudeDegrees></Position><DistanceMeters>3425.8</DistanceMeters></Trackpoint><Trackpoint><Time>2026-01-01T17:20:36Z</Time><Position><LatitudeDegrees>55.950017</LatitudeDegrees><LongitudeDegrees>37.701368</LongitudeDegrees></Position><DistanceMeters>3433.7</DistanceMeters></Trackpoint><Trackpoint><Time>2026-01-01T17:20:37Z</Time><Position><LatitudeDegrees>55.950018</LatitudeDegrees><LongitudeDegrees>37.701287</LongitudeDegrees></Position><DistanceMeters>3438.7</DistanceMeters></Trackpoint><Trackpoint><Time>2026-01-01T17:20:39Z</Time><Position><LatitudeDegrees>55.950019</LatitudeDegrees><LongitudeDegrees>37.701202</LongitudeDegrees></Position><DistanceMeters>3444.0</DistanceMeters></Trackpoint><Trackpoint><Time>2026-01-01T17:20:41Z</Time><Position><LatitudeDegrees>55.950018</LatitudeDegrees><LongitudeDegrees>37.701121</LongitudeDegrees></Position><DistanceMeters>3449.1</DistanceMeters></Trackpoint><Trackpoint><Time>2026-01-01T17:20:44Z</Time><Position><LatitudeDegrees>55.950014</LatitudeDegrees><LongitudeDegrees>37.700992</LongitudeDegrees></Position><DistanceMeters>3457.1</DistanceMeters></Trackpoint><Trackpoint><Time>2026-01-01T17:20:46Z</Time><Position><LatitudeDegrees>55.950011</LatitudeDegrees><LongitudeDegrees>37.700908</LongitudeDegrees></Position><DistanceMeters>3462.3</DistanceMeters></Trackpoint><Trackpoint><Time>2026-01-01T17:20:48Z</Time><Position><LatitudeDegrees>55.950007</LatitudeDegrees><LongitudeDegrees>37.700799</LongitudeDegrees></Position><DistanceMeters>3469.1</DistanceMeters></Trackpoint><Trackpoint><Time>2026-01-01T17:20:51Z</Time><Position><LatitudeDegrees>55.950005</LatitudeDegrees><LongitudeDegrees>37.700664</LongitudeDegrees></Position><DistanceMeters>3477.6</DistanceMeters></Trackpoint><Trackpoint><Time>2026-01-01T17:20:54Z</Time><Position><LatitudeDegrees>55.950009</LatitudeDegrees><LongitudeDegrees>37.700557</LongitudeDegrees></Position><DistanceMeters>3484.2</DistanceMeters></Trackpoint><Trackpoint><Time>2026-01-01T17:20:56Z</Time><Position><LatitudeDegrees>55.950016</LatitudeDegrees><LongitudeDegrees>37.700465</LongitudeDegrees></Position><DistanceMeters>3490.0</DistanceMeters></Trackpoint><Trackpoint><Time>2026-01-01T17:20:58Z</Time><Position><LatitudeDegrees>55.950021</LatitudeDegrees><LongitudeDegrees>37.700376</LongitudeDegrees></Position><DistanceMeters>3495.6</DistanceMeters></Trackpoint><Trackpoint><Time>2026-01-01T17:21:00Z</Time><Position><LatitudeDegrees>55.950032</LatitudeDegrees><LongitudeDegrees>37.700293</LongitudeDegrees></Position><DistanceMeters>3501.0</DistanceMeters></Trackpoint><Trackpoint><Time>2026-01-01T17:21:02Z</Time><Position><LatitudeDegrees>55.950075</LatitudeDegrees><LongitudeDegrees>37.700204</LongitudeDegrees></Position><DistanceMeters>3508.3</DistanceMeters></Trackpoint><Trackpoint><Time>2026-01-01T17:21:05Z</Time><Position><LatitudeDegrees>55.950136</LatitudeDegrees><LongitudeDegrees>37.700168</LongitudeDegrees></Position><DistanceMeters>3515.5</DistanceMeters></Trackpoint><Trackpoint><Time>2026-01-01T17:21:08Z</Time><Position><LatitudeDegrees>55.950201</LatitudeDegrees><LongitudeDegrees>37.700142</LongitudeDegrees></Position><DistanceMeters>3522.9</DistanceMeters></Trackpoint><Trackpoint><Time>2026-01-01T17:21:10Z</Time><Position><LatitudeDegrees>55.950260</LatitudeDegrees><LongitudeDegrees>37.700122</LongitudeDegrees></Position><DistanceMeters>3529.6</DistanceMeters></Trackpoint><Trackpoint><Time>2026-01-01T17:21:12Z</Time><Position><LatitudeDegrees>55.950311</LatitudeDegrees><LongitudeDegrees>37.700103</LongitudeDegrees></Position><DistanceMeters>3535.4</DistanceMeters></Trackpoint><Trackpoint><Time>2026-01-01T17:21:15Z</Time><Position><LatitudeDegrees>55.950380</LatitudeDegrees><LongitudeDegrees>37.700075</LongitudeDegrees></Position><DistanceMeters>3543.2</DistanceMeters></Trackpoint><Trackpoint><Time>2026-01-01T17:21:17Z</Time><Position><LatitudeDegrees>55.950427</LatitudeDegrees><LongitudeDegrees>37.700055</LongitudeDegrees></Position><DistanceMeters>3548.7</DistanceMeters></Trackpoint><Trackpoint><Time>2026-01-01T17:21:19Z</Time><Position><LatitudeDegrees>55.950474</LatitudeDegrees><LongitudeDegrees>37.700038</LongitudeDegrees></Position><DistanceMeters>3553.9</DistanceMeters></Trackpoint><Trackpoint><Time>2026-01-01T17:21:21Z</Time><Position><LatitudeDegrees>55.950529</LatitudeDegrees><LongitudeDegrees>37.700019</LongitudeDegrees></Position><DistanceMeters>3560.2</DistanceMeters></Trackpoint><Trackpoint><Time>2026-01-01T17:21:23Z</Time><Position><LatitudeDegrees>55.950576</LatitudeDegrees><LongitudeDegrees>37.700004</LongitudeDegrees></Position><DistanceMeters>3565.4</DistanceMeters></Trackpoint><Trackpoint><Time>2026-01-01T17:21:25Z</Time><Position><LatitudeDegrees>55.950628</LatitudeDegrees><LongitudeDegrees>37.699989</LongitudeDegrees></Position><DistanceMeters>3571.3</DistanceMeters></Trackpoint><Trackpoint><Time>2026-01-01T17:21:28Z</Time><Position><LatitudeDegrees>55.950695</LatitudeDegrees><LongitudeDegrees>37.699970</LongitudeDegrees></Position><DistanceMeters>3578.8</DistanceMeters></Trackpoint><Trackpoint><Time>2026-01-01T17:21:30Z</Time><Position><LatitudeDegrees>55.950758</LatitudeDegrees><LongitudeDegrees>37.699954</LongitudeDegrees></Position><DistanceMeters>3585.9</DistanceMeters></Trackpoint><Trackpoint><Time>2026-01-01T17:21:33Z</Time><Position><LatitudeDegrees>55.950822</LatitudeDegrees><LongitudeDegrees>37.699947</LongitudeDegrees></Position><DistanceMeters>3593.1</DistanceMeters></Trackpoint><Trackpoint><Time>2026-01-01T17:21:35Z</Time><Position><LatitudeDegrees>55.950872</LatitudeDegrees><LongitudeDegrees>37.699949</LongitudeDegrees></Position><DistanceMeters>3598.6</DistanceMeters></Trackpoint><Trackpoint><Time>2026-01-01T17:21:37Z</Time><Position><LatitudeDegrees>55.950933</LatitudeDegrees><LongitudeDegrees>37.699963</LongitudeDegrees></Position><DistanceMeters>3605.5</DistanceMeters></Trackpoint><Trackpoint><Time>2026-01-01T17:21:40Z</Time><Position><LatitudeDegrees>55.950996</LatitudeDegrees><LongitudeDegrees>37.699979</LongitudeDegrees></Position><DistanceMeters>3612.5</DistanceMeters></Trackpoint><Trackpoint><Time>2026-01-01T17:21:42Z</Time><Position><LatitudeDegrees>55.951041</LatitudeDegrees><LongitudeDegrees>37.699989</LongitudeDegrees></Position><DistanceMeters>3617.7</DistanceMeters></Trackpoint><Trackpoint><Time>2026-01-01T17:21:44Z</Time><Position><LatitudeDegrees>55.951093</LatitudeDegrees><LongitudeDegrees>37.700000</LongitudeDegrees></Position><DistanceMeters>3623.4</DistanceMeters></Trackpoint><Trackpoint><Time>2026-01-01T17:21:46Z</Time><Position><LatitudeDegrees>55.951145</LatitudeDegrees><LongitudeDegrees>37.700009</LongitudeDegrees></Position><DistanceMeters>3629.3</DistanceMeters></Trackpoint><Trackpoint><Time>2026-01-01T17:21:48Z</Time><Position><LatitudeDegrees>55.951204</LatitudeDegrees><LongitudeDegrees>37.700017</LongitudeDegrees></Position><DistanceMeters>3635.8</DistanceMeters></Trackpoint><Trackpoint><Time>2026-01-01T17:21:51Z</Time><Position><LatitudeDegrees>55.951261</LatitudeDegrees><LongitudeDegrees>37.700023</LongitudeDegrees></Position><DistanceMeters>3642.2</DistanceMeters></Trackpoint><Trackpoint><Time>2026-01-01T17:21:53Z</Time><Position><LatitudeDegrees>55.951317</LatitudeDegrees><LongitudeDegrees>37.700026</LongitudeDegrees></Position><DistanceMeters>3648.4</DistanceMeters></Trackpoint><Trackpoint><Time>2026-01-01T17:21:56Z</Time><Position><LatitudeDegrees>55.951382</LatitudeDegrees><LongitudeDegrees>37.700028</LongitudeDegrees></Position><DistanceMeters>3655.7</DistanceMeters></Trackpoint><Trackpoint><Time>2026-01-01T17:21:58Z</Time><Position><LatitudeDegrees>55.951443</LatitudeDegrees><LongitudeDegrees>37.700028</LongitudeDegrees></Position><DistanceMeters>3662.4</DistanceMeters></Trackpoint><Trackpoint><Time>2026-01-01T17:22:00Z</Time><Position><LatitudeDegrees>55.951498</LatitudeDegrees><LongitudeDegrees>37.700029</LongitudeDegrees></Position><DistanceMeters>3668.6</DistanceMeters></Trackpoint><Trackpoint><Time>2026-01-01T17:22:02Z</Time><Position><LatitudeDegrees>55.951548</LatitudeDegrees><LongitudeDegrees>37.700030</LongitudeDegrees></Position><DistanceMeters>3674.1</DistanceMeters></Trackpoint><Trackpoint><Time>2026-01-01T17:22:05Z</Time><Position><LatitudeDegrees>55.951606</LatitudeDegrees><LongitudeDegrees>37.700032</LongitudeDegrees></Position><DistanceMeters>3680.6</DistanceMeters></Trackpoint><Trackpoint><Time>2026-01-01T17:22:07Z</Time><Position><LatitudeDegrees>55.951661</LatitudeDegrees><LongitudeDegrees>37.700036</LongitudeDegrees></Position><DistanceMeters>3686.6</DistanceMeters></Trackpoint><Trackpoint><Time>2026-01-01T17:22:09Z</Time><Position><LatitudeDegrees>55.951713</LatitudeDegrees><LongitudeDegrees>37.700043</LongitudeDegrees></Position><DistanceMeters>3692.5</DistanceMeters></Trackpoint><Trackpoint><Time>2026-01-01T17:22:11Z</Time><Position><LatitudeDegrees>55.951765</LatitudeDegrees><LongitudeDegrees>37.700050</LongitudeDegrees></Position><DistanceMeters>3698.3</DistanceMeters></Trackpoint><Trackpoint><Time>2026-01-01T17:22:13Z</Time><Position><LatitudeDegrees>55.951826</LatitudeDegrees><LongitudeDegrees>37.700057</LongitudeDegrees></Position><DistanceMeters>3705.1</DistanceMeters></Trackpoint><Trackpoint><Time>2026-01-01T17:22:15Z</Time><Position><LatitudeDegrees>55.951876</LatitudeDegrees><LongitudeDegrees>37.700062</LongitudeDegrees></Position><DistanceMeters>3710.6</DistanceMeters></Trackpoint><Trackpoint><Time>2026-01-01T17:22:17Z</Time><Position><LatitudeDegrees>55.951923</LatitudeDegrees><LongitudeDegrees>37.700066</LongitudeDegrees></Position><DistanceMeters>3715.9</DistanceMeters></Trackpoint><Trackpoint><Time>2026-01-01T17:22:19Z</Time><Position><LatitudeDegrees>55.951972</LatitudeDegrees><LongitudeDegrees>37.700071</LongitudeDegrees></Position><DistanceMeters>3721.3</DistanceMeters></Trackpoint><Trackpoint><Time>2026-01-01T17:22:22Z</Time><Position><LatitudeDegrees>55.952048</LatitudeDegrees><LongitudeDegrees>37.700076</LongitudeDegrees></Position><DistanceMeters>3729.8</DistanceMeters></Trackpoint><Trackpoint><Time>2026-01-01T17:22:24Z</Time><Position><LatitudeDegrees>55.952093</LatitudeDegrees><LongitudeDegrees>37.700077</LongitudeDegrees></Position><DistanceMeters>3734.8</DistanceMeters></Trackpoint><Trackpoint><Time>2026-01-01T17:22:27Z</Time><Position><LatitudeDegrees>55.952162</LatitudeDegrees><LongitudeDegrees>37.700074</LongitudeDegrees></Position><DistanceMeters>3742.4</DistanceMeters></Trackpoint><Trackpoint><Time>2026-01-01T17:22:29Z</Time><Position><LatitudeDegrees>55.952209</LatitudeDegrees><LongitudeDegrees>37.700074</LongitudeDegrees></Position><DistanceMeters>3747.7</DistanceMeters></Trackpoint><Trackpoint><Time>2026-01-01T17:22:31Z</Time><Position><LatitudeDegrees>55.952277</LatitudeDegrees><LongitudeDegrees>37.700072</LongitudeDegrees></Position><DistanceMeters>3755.3</DistanceMeters></Trackpoint><Trackpoint><Time>2026-01-01T17:22:34Z</Time><Position><LatitudeDegrees>55.952339</LatitudeDegrees><LongitudeDegrees>37.700072</LongitudeDegrees></Position><DistanceMeters>3762.2</DistanceMeters></Trackpoint><Trackpoint><Time>2026-01-01T17:22:36Z</Time><Position><LatitudeDegrees>55.952392</LatitudeDegrees><LongitudeDegrees>37.700072</LongitudeDegrees></Position><DistanceMeters>3768.1</DistanceMeters></Trackpoint><Trackpoint><Time>2026-01-01T17:22:38Z</Time><Position><LatitudeDegrees>55.952438</LatitudeDegrees><LongitudeDegrees>37.700071</LongitudeDegrees></Position><DistanceMeters>3773.2</DistanceMeters></Trackpoint><Trackpoint><Time>2026-01-01T17:22:40Z</Time><Position><LatitudeDegrees>55.952493</LatitudeDegrees><LongitudeDegrees>37.700070</LongitudeDegrees></Position><DistanceMeters>3779.3</DistanceMeters></Trackpoint><Trackpoint><Time>2026-01-01T17:22:42Z</Time><Position><LatitudeDegrees>55.952541</LatitudeDegrees><LongitudeDegrees>37.700070</LongitudeDegrees></Position><DistanceMeters>3784.6</DistanceMeters></Trackpoint><Trackpoint><Time>2026-01-01T17:22:44Z</Time><Position><LatitudeDegrees>55.952598</LatitudeDegrees><LongitudeDegrees>37.700075</LongitudeDegrees></Position><DistanceMeters>3790.9</DistanceMeters></Trackpoint><Trackpoint><Time>2026-01-01T17:22:46Z</Time><Position><LatitudeDegrees>55.952647</LatitudeDegrees><LongitudeDegrees>37.700083</LongitudeDegrees></Position><DistanceMeters>3796.4</DistanceMeters></Trackpoint><Trackpoint><Time>2026-01-01T17:22:49Z</Time><Position><LatitudeDegrees>55.952706</LatitudeDegrees><LongitudeDegrees>37.700096</LongitudeDegrees></Position><DistanceMeters>3803.0</DistanceMeters></Trackpoint><Trackpoint><Time>2026-01-01T17:22:51Z</Time><Position><LatitudeDegrees>55.952767</LatitudeDegrees><LongitudeDegrees>37.700110</LongitudeDegrees></Position><DistanceMeters>3809.9</DistanceMeters></Trackpoint><Trackpoint><Time>2026-01-01T17:22:54Z</Time><Position><LatitudeDegrees>55.952833</LatitudeDegrees><LongitudeDegrees>37.700126</LongitudeDegrees></Position><DistanceMeters>3817.2</DistanceMeters></Trackpoint><Trackpoint><Time>2026-01-01T17:22:56Z</Time><Position><LatitudeDegrees>55.952894</LatitudeDegrees><LongitudeDegrees>37.700139</LongitudeDegrees></Position><DistanceMeters>3824.1</DistanceMeters></Trackpoint><Trackpoint><Time>2026-01-01T17:22:59Z</Time><Position><LatitudeDegrees>55.952958</LatitudeDegrees><LongitudeDegrees>37.700150</LongitudeDegrees></Position><DistanceMeters>3831.2</DistanceMeters></Trackpoint><Trackpoint><Time>2026-01-01T17:23:01Z</Time><Position><LatitudeDegrees>55.953017</LatitudeDegrees><LongitudeDegrees>37.700159</LongitudeDegrees></Position><DistanceMeters>3837.9</DistanceMeters></Trackpoint><Trackpoint><Time>2026-01-01T17:23:04Z</Time><Position><LatitudeDegrees>55.953080</LatitudeDegrees><LongitudeDegrees>37.700169</LongitudeDegrees></Position><DistanceMeters>3844.8</DistanceMeters></Trackpoint><Trackpoint><Time>2026-01-01T17:23:06Z</Time><Position><LatitudeDegrees>55.953138</LatitudeDegrees><LongitudeDegrees>37.700178</LongitudeDegrees></Position><DistanceMeters>3851.3</DistanceMeters></Trackpoint><Trackpoint><Time>2026-01-01T17:23:08Z</Time><Position><LatitudeDegrees>55.953193</LatitudeDegrees><LongitudeDegrees>37.700185</LongitudeDegrees></Position><DistanceMeters>3857.5</DistanceMeters></Trackpoint><Trackpoint><Time>2026-01-01T17:23:11Z</Time><Position><LatitudeDegrees>55.953254</LatitudeDegrees><LongitudeDegrees>37.700191</LongitudeDegrees></Position><DistanceMeters>3864.2</DistanceMeters></Trackpoint><Trackpoint><Time>2026-01-01T17:23:13Z</Time><Position><LatitudeDegrees>55.953301</LatitudeDegrees><LongitudeDegrees>37.700194</LongitudeDegrees></Position><DistanceMeters>3869.5</DistanceMeters></Trackpoint><Trackpoint><Time>2026-01-01T17:23:14Z</Time><Position><LatitudeDegrees>55.953347</LatitudeDegrees><LongitudeDegrees>37.700195</LongitudeDegrees></Position><DistanceMeters>3874.6</DistanceMeters></Trackpoint><Trackpoint><Time>2026-01-01T17:23:16Z</Time><Position><LatitudeDegrees>55.953392</LatitudeDegrees><LongitudeDegrees>37.700196</LongitudeDegrees></Position><DistanceMeters>3879.6</DistanceMeters></Trackpoint><Trackpoint><Time>2026-01-01T17:23:18Z</Time><Position><LatitudeDegrees>55.953442</LatitudeDegrees><LongitudeDegrees>37.700197</LongitudeDegrees></Position><DistanceMeters>3885.2</DistanceMeters></Trackpoint><Trackpoint><Time>2026-01-01T17:23:21Z</Time><Position><LatitudeDegrees>55.953508</LatitudeDegrees><LongitudeDegrees>37.700198</LongitudeDegrees></Position><DistanceMeters>3892.5</DistanceMeters></Trackpoint><Trackpoint><Time>2026-01-01T17:23:23Z</Time><Position><LatitudeDegrees>55.953571</LatitudeDegrees><LongitudeDegrees>37.700199</LongitudeDegrees></Position><DistanceMeters>3899.6</DistanceMeters></Trackpoint><Trackpoint><Time>2026-01-01T17:23:25Z</Time><Position><LatitudeDegrees>55.953623</LatitudeDegrees><LongitudeDegrees>37.700202</LongitudeDegrees></Position><DistanceMeters>3905.3</DistanceMeters></Trackpoint><Trackpoint><Time>2026-01-01T17:23:28Z</Time><Position><LatitudeDegrees>55.953687</LatitudeDegrees><LongitudeDegrees>37.700212</LongitudeDegrees></Position><DistanceMeters>3912.5</DistanceMeters></Trackpoint><Trackpoint><Time>2026-01-01T17:23:30Z</Time><Position><LatitudeDegrees>55.953735</LatitudeDegrees><LongitudeDegrees>37.700226</LongitudeDegrees></Position><DistanceMeters>3917.8</DistanceMeters></Trackpoint><Trackpoint><Time>2026-01-01T17:23:32Z</Time><Position><LatitudeDegrees>55.953794</LatitudeDegrees><LongitudeDegrees>37.700246</LongitudeDegrees></Position><DistanceMeters>3924.6</DistanceMeters></Trackpoint><Trackpoint><Time>2026-01-01T17:23:35Z</Time><Position><LatitudeDegrees>55.953867</LatitudeDegrees><LongitudeDegrees>37.700272</LongitudeDegrees></Position><DistanceMeters>3932.9</DistanceMeters></Trackpoint><Trackpoint><Time>2026-01-01T17:23:38Z</Time><Position><LatitudeDegrees>55.953932</LatitudeDegrees><LongitudeDegrees>37.700287</LongitudeDegrees></Position><DistanceMeters>3940.1</DistanceMeters></Trackpoint><Trackpoint><Time>2026-01-01T17:23:40Z</Time><Position><LatitudeDegrees>55.953995</LatitudeDegrees><LongitudeDegrees>37.700295</LongitudeDegrees></Position><DistanceMeters>3947.1</DistanceMeters></Trackpoint><Trackpoint><Time>2026-01-01T17:23:42Z</Time><Position><LatitudeDegrees>55.954044</LatitudeDegrees><LongitudeDegrees>37.700303</LongitudeDegrees></Position><DistanceMeters>3952.6</DistanceMeters></Trackpoint><Trackpoint><Time>2026-01-01T17:23:45Z</Time><Position><LatitudeDegrees>55.954107</LatitudeDegrees><LongitudeDegrees>37.700314</LongitudeDegrees></Position><DistanceMeters>3959.7</DistanceMeters></Trackpoint><Trackpoint><Time>2026-01-01T17:23:47Z</Time><Position><LatitudeDegrees>55.954162</LatitudeDegrees><LongitudeDegrees>37.700321</LongitudeDegrees></Position><DistanceMeters>3965.8</DistanceMeters></Trackpoint><Trackpoint><Time>2026-01-01T17:23:49Z</Time><Position><LatitudeDegrees>55.954208</LatitudeDegrees><LongitudeDegrees>37.700326</LongitudeDegrees></Position><DistanceMeters>3970.9</DistanceMeters></Trackpoint><Trackpoint><Time>2026-01-01T17:23:52Z</Time><Position><LatitudeDegrees>55.954275</LatitudeDegrees><LongitudeDegrees>37.700333</LongitudeDegrees></Position><DistanceMeters>3978.4</DistanceMeters></Trackpoint><Trackpoint><Time>2026-01-01T17:23:54Z</Time><Position><LatitudeDegrees>55.954334</LatitudeDegrees><LongitudeDegrees>37.700339</LongitudeDegrees></Position><DistanceMeters>3984.9</DistanceMeters></Trackpoint><Trackpoint><Time>2026-01-01T17:23:56Z</Time><Position><LatitudeDegrees>55.954389</LatitudeDegrees><LongitudeDegrees>37.700345</LongitudeDegrees></Position><DistanceMeters>3991.1</DistanceMeters></Trackpoint><Trackpoint><Time>2026-01-01T17:23:59Z</Time><Position><LatitudeDegrees>55.954445</LatitudeDegrees><LongitudeDegrees>37.700351</LongitudeDegrees></Position><DistanceMeters>3997.3</DistanceMeters></Trackpoint><Trackpoint><Time>2026-01-01T17:24:01Z</Time><Position><LatitudeDegrees>55.954495</LatitudeDegrees><LongitudeDegrees>37.700355</LongitudeDegrees></Position><DistanceMeters>4002.9</DistanceMeters></Trackpoint><Trackpoint><Time>2026-01-01T17:24:02Z</Time><Position><LatitudeDegrees>55.954544</LatitudeDegrees><LongitudeDegrees>37.700356</LongitudeDegrees></Position><DistanceMeters>4008.3</DistanceMeters></Trackpoint><Trackpoint><Time>2026-01-01T17:24:05Z</Time><Position><LatitudeDegrees>55.954609</LatitudeDegrees><LongitudeDegrees>37.700353</LongitudeDegrees></Position><DistanceMeters>4015.6</DistanceMeters></Trackpoint><Trackpoint><Time>2026-01-01T17:24:07Z</Time><Position><LatitudeDegrees>55.954664</LatitudeDegrees><LongitudeDegrees>37.700346</LongitudeDegrees></Position><DistanceMeters>4021.7</DistanceMeters></Trackpoint><Trackpoint><Time>2026-01-01T17:24:10Z</Time><Position><LatitudeDegrees>55.954739</LatitudeDegrees><LongitudeDegrees>37.700321</LongitudeDegrees></Position><DistanceMeters>4030.1</DistanceMeters></Trackpoint><Trackpoint><Time>2026-01-01T17:24:13Z</Time><Position><LatitudeDegrees>55.954788</LatitudeDegrees><LongitudeDegrees>37.700284</LongitudeDegrees></Position><DistanceMeters>4036.8</DistanceMeters></Trackpoint><Trackpoint><Time>2026-01-01T17:24:15Z</Time><Position><LatitudeDegrees>55.954809</LatitudeDegrees><LongitudeDegrees>37.700196</LongitudeDegrees></Position><DistanceMeters>4042.7</DistanceMeters></Trackpoint><Trackpoint><Time>2026-01-01T17:24:17Z</Time><Position><LatitudeDegrees>55.954824</LatitudeDegrees><LongitudeDegrees>37.700102</LongitudeDegrees></Position><DistanceMeters>4048.8</DistanceMeters></Trackpoint><Trackpoint><Time>2026-01-01T17:24:20Z</Time><Position><LatitudeDegrees>55.954832</LatitudeDegrees><LongitudeDegrees>37.699992</LongitudeDegrees></Position><DistanceMeters>4055.7</DistanceMeters></Trackpoint><Trackpoint><Time>2026-01-01T17:24:22Z</Time><Position><LatitudeDegrees>55.954837</LatitudeDegrees><LongitudeDegrees>37.699877</LongitudeDegrees></Position><DistanceMeters>4062.9</DistanceMeters></Trackpoint><Trackpoint><Time>2026-01-01T17:24:25Z</Time><Position><LatitudeDegrees>55.954840</LatitudeDegrees><LongitudeDegrees>37.699765</LongitudeDegrees></Position><DistanceMeters>4069.9</DistanceMeters></Trackpoint><Trackpoint><Time>2026-01-01T17:24:27Z</Time><Position><LatitudeDegrees>55.954844</LatitudeDegrees><LongitudeDegrees>37.699653</LongitudeDegrees></Position><DistanceMeters>4076.9</DistanceMeters></Trackpoint><Trackpoint><Time>2026-01-01T17:24:29Z</Time><Position><LatitudeDegrees>55.954848</LatitudeDegrees><LongitudeDegrees>37.699564</LongitudeDegrees></Position><DistanceMeters>4082.4</DistanceMeters></Trackpoint><Trackpoint><Time>2026-01-01T17:24:32Z</Time><Position><LatitudeDegrees>55.954853</LatitudeDegrees><LongitudeDegrees>37.699441</LongitudeDegrees></Position><DistanceMeters>4090.1</DistanceMeters></Trackpoint><Trackpoint><Time>2026-01-01T17:24:34Z</Time><Position><LatitudeDegrees>55.954856</LatitudeDegrees><LongitudeDegrees>37.699358</LongitudeDegrees></Position><DistanceMeters>4095.3</DistanceMeters></Trackpoint><Trackpoint><Time>2026-01-01T17:24:37Z</Time><Position><LatitudeDegrees>55.954859</LatitudeDegrees><LongitudeDegrees>37.699235</LongitudeDegrees></Position><DistanceMeters>4103.0</DistanceMeters></Trackpoint><Trackpoint><Time>2026-01-01T17:24:38Z</Time><Position><LatitudeDegrees>55.954860</LatitudeDegrees><LongitudeDegrees>37.699149</LongitudeDegrees></Position><DistanceMeters>4108.3</DistanceMeters></Trackpoint><Trackpoint><Time>2026-01-01T17:24:41Z</Time><Position><LatitudeDegrees>55.954861</LatitudeDegrees><LongitudeDegrees>37.699023</LongitudeDegrees></Position><DistanceMeters>4116.2</DistanceMeters></Trackpoint><Trackpoint><Time>2026-01-01T17:24:44Z</Time><Position><LatitudeDegrees>55.954864</LatitudeDegrees><LongitudeDegrees>37.698904</LongitudeDegrees></Position><DistanceMeters>4123.6</DistanceMeters></Trackpoint><Trackpoint><Time>2026-01-01T17:24:47Z</Time><Position><LatitudeDegrees>55.954873</LatitudeDegrees><LongitudeDegrees>37.698786</LongitudeDegrees></Position><DistanceMeters>4131.0</DistanceMeters></Trackpoint><Trackpoint><Time>2026-01-01T17:24:49Z</Time><Position><LatitudeDegrees>55.954888</LatitudeDegrees><LongitudeDegrees>37.698689</LongitudeDegrees></Position><DistanceMeters>4137.3</DistanceMeters></Trackpoint><Trackpoint><Time>2026-01-01T17:24:51Z</Time><Position><LatitudeDegrees>55.954906</LatitudeDegrees><LongitudeDegrees>37.698591</LongitudeDegrees></Position><DistanceMeters>4143.7</DistanceMeters></Trackpoint><Trackpoint><Time>2026-01-01T17:24:53Z</Time><Position><LatitudeDegrees>55.954920</LatitudeDegrees><LongitudeDegrees>37.698507</LongitudeDegrees></Position><DistanceMeters>4149.1</DistanceMeters></Trackpoint><Trackpoint><Time>2026-01-01T17:24:55Z</Time><Position><LatitudeDegrees>55.954927</LatitudeDegrees><LongitudeDegrees>37.698426</LongitudeDegrees></Position><DistanceMeters>4154.2</DistanceMeters></Trackpoint><Trackpoint><Time>2026-01-01T17:24:57Z</Time><Position><LatitudeDegrees>55.954932</LatitudeDegrees><LongitudeDegrees>37.698341</LongitudeDegrees></Position><DistanceMeters>4159.5</DistanceMeters></Trackpoint><Trackpoint><Time>2026-01-01T17:24:59Z</Time><Position><LatitudeDegrees>55.954932</LatitudeDegrees><LongitudeDegrees>37.698259</LongitudeDegrees></Position><DistanceMeters>4164.7</DistanceMeters></Trackpoint><Trackpoint><Time>2026-01-01T17:25:01Z</Time><Position><LatitudeDegrees>55.954926</LatitudeDegrees><LongitudeDegrees>37.698175</LongitudeDegrees></Position><DistanceMeters>4169.9</DistanceMeters></Trackpoint><Trackpoint><Time>2026-01-01T17:25:03Z</Time><Position><LatitudeDegrees>55.954918</LatitudeDegrees><LongitudeDegrees>37.698092</LongitudeDegrees></Position><DistanceMeters>4175.2</DistanceMeters></Trackpoint><Trackpoint><Time>2026-01-01T17:25:05Z</Time><Position><LatitudeDegrees>55.954909</LatitudeDegrees><LongitudeDegrees>37.698005</LongitudeDegrees></Position><DistanceMeters>4180.7</DistanceMeters></Trackpoint><Trackpoint><Time>2026-01-01T17:25:06Z</Time><Position><LatitudeDegrees>55.954901</LatitudeDegrees><LongitudeDegrees>37.697924</LongitudeDegrees></Position><DistanceMeters>4185.8</DistanceMeters></Trackpoint><Trackpoint><Time>2026-01-01T17:25:09Z</Time><Position><LatitudeDegrees>55.954890</LatitudeDegrees><LongitudeDegrees>37.697827</LongitudeDegrees></Position><DistanceMeters>4192.0</DistanceMeters></Trackpoint><Trackpoint><Time>2026-01-01T17:25:11Z</Time><Position><LatitudeDegrees>55.954880</LatitudeDegrees><LongitudeDegrees>37.697726</LongitudeDegrees></Position><DistanceMeters>4198.4</DistanceMeters></Trackpoint><Trackpoint><Time>2026-01-01T17:25:13Z</Time><Position><LatitudeDegrees>55.954874</LatitudeDegrees><LongitudeDegrees>37.697621</LongitudeDegrees></Position><DistanceMeters>4204.9</DistanceMeters></Trackpoint><Trackpoint><Time>2026-01-01T17:25:15Z</Time><Position><LatitudeDegrees>55.954872</LatitudeDegrees><LongitudeDegrees>37.697526</LongitudeDegrees></Position><DistanceMeters>4210.8</DistanceMeters></Trackpoint><Trackpoint><Time>2026-01-01T17:25:17Z</Time><Position><LatitudeDegrees>55.954871</LatitudeDegrees><LongitudeDegrees>37.697436</LongitudeDegrees></Position><DistanceMeters>4216.4</DistanceMeters></Trackpoint><Trackpoint><Time>2026-01-01T17:25:20Z</Time><Position><LatitudeDegrees>55.954872</LatitudeDegrees><LongitudeDegrees>37.697342</LongitudeDegrees></Position><DistanceMeters>4222.3</DistanceMeters></Trackpoint><Trackpoint><Time>2026-01-01T17:25:21Z</Time><Position><LatitudeDegrees>55.954879</LatitudeDegrees><LongitudeDegrees>37.697256</LongitudeDegrees></Position><DistanceMeters>4227.8</DistanceMeters></Trackpoint><Trackpoint><Time>2026-01-01T17:25:23Z</Time><Position><LatitudeDegrees>55.954882</LatitudeDegrees><LongitudeDegrees>37.697172</LongitudeDegrees></Position><DistanceMeters>4233.0</DistanceMeters></Trackpoint><Trackpoint><Time>2026-01-01T17:25:25Z</Time><Position><LatitudeDegrees>55.954875</LatitudeDegrees><LongitudeDegrees>37.697082</LongitudeDegrees></Position><DistanceMeters>4238.6</DistanceMeters></Trackpoint><Trackpoint><Time>2026-01-01T17:25:28Z</Time><Position><LatitudeDegrees>55.954878</LatitudeDegrees><LongitudeDegrees>37.696981</LongitudeDegrees></Position><DistanceMeters>4244.9</DistanceMeters></Trackpoint><Trackpoint><Time>2026-01-01T17:25:30Z</Time><Position><LatitudeDegrees>55.954888</LatitudeDegrees><LongitudeDegrees>37.696898</LongitudeDegrees></Position><DistanceMeters>4250.2</DistanceMeters></Trackpoint><Trackpoint><Time>2026-01-01T17:25:31Z</Time><Position><LatitudeDegrees>55.954903</LatitudeDegrees><LongitudeDegrees>37.696817</LongitudeDegrees></Position><DistanceMeters>4255.5</DistanceMeters></Trackpoint><Trackpoint><Time>2026-01-01T17:25:33Z</Time><Position><LatitudeDegrees>55.954915</LatitudeDegrees><LongitudeDegrees>37.696734</LongitudeDegrees></Position><DistanceMeters>4260.9</DistanceMeters></Trackpoint><Trackpoint><Time>2026-01-01T17:25:36Z</Time><Position><LatitudeDegrees>55.954930</LatitudeDegrees><LongitudeDegrees>37.696629</LongitudeDegrees></Position><DistanceMeters>4267.6</DistanceMeters></Trackpoint><Trackpoint><Time>2026-01-01T17:25:38Z</Time><Position><LatitudeDegrees>55.954941</LatitudeDegrees><LongitudeDegrees>37.696518</LongitudeDegrees></Position><DistanceMeters>4274.6</DistanceMeters></Trackpoint><Trackpoint><Time>2026-01-01T17:25:41Z</Time><Position><LatitudeDegrees>55.954943</LatitudeDegrees><LongitudeDegrees>37.696402</LongitudeDegrees></Position><DistanceMeters>4281.8</DistanceMeters></Trackpoint><Trackpoint><Time>2026-01-01T17:25:43Z</Time><Position><LatitudeDegrees>55.954944</LatitudeDegrees><LongitudeDegrees>37.696320</LongitudeDegrees></Position><DistanceMeters>4287.0</DistanceMeters></Trackpoint><Trackpoint><Time>2026-01-01T17:25:45Z</Time><Position><LatitudeDegrees>55.954945</LatitudeDegrees><LongitudeDegrees>37.696222</LongitudeDegrees></Position><DistanceMeters>4293.1</DistanceMeters></Trackpoint><Trackpoint><Time>2026-01-01T17:25:48Z</Time><Position><LatitudeDegrees>55.954947</LatitudeDegrees><LongitudeDegrees>37.696104</LongitudeDegrees></Position><DistanceMeters>4300.4</DistanceMeters></Trackpoint><Trackpoint><Time>2026-01-01T17:25:50Z</Time><Position><LatitudeDegrees>55.954945</LatitudeDegrees><LongitudeDegrees>37.696020</LongitudeDegrees></Position><DistanceMeters>4305.6</DistanceMeters></Trackpoint><Trackpoint><Time>2026-01-01T17:25:52Z</Time><Position><LatitudeDegrees>55.954942</LatitudeDegrees><LongitudeDegrees>37.695922</LongitudeDegrees></Position><DistanceMeters>4311.8</DistanceMeters></Trackpoint><Trackpoint><Time>2026-01-01T17:25:54Z</Time><Position><LatitudeDegrees>55.954937</LatitudeDegrees><LongitudeDegrees>37.695838</LongitudeDegrees></Position><DistanceMeters>4317.0</DistanceMeters></Trackpoint><Trackpoint><Time>2026-01-01T17:25:56Z</Time><Position><LatitudeDegrees>55.954932</LatitudeDegrees><LongitudeDegrees>37.695738</LongitudeDegrees></Position><DistanceMeters>4323.3</DistanceMeters></Trackpoint><Trackpoint><Time>2026-01-01T17:25:58Z</Time><Position><LatitudeDegrees>55.954929</LatitudeDegrees><LongitudeDegrees>37.695657</LongitudeDegrees></Position><DistanceMeters>4328.3</DistanceMeters></Trackpoint><Trackpoint><Time>2026-01-01T17:26:00Z</Time><Position><LatitudeDegrees>55.954929</LatitudeDegrees><LongitudeDegrees>37.695564</LongitudeDegrees></Position><DistanceMeters>4334.1</DistanceMeters></Trackpoint><Trackpoint><Time>2026-01-01T17:26:02Z</Time><Position><LatitudeDegrees>55.954929</LatitudeDegrees><LongitudeDegrees>37.695447</LongitudeDegrees></Position><DistanceMeters>4341.4</DistanceMeters></Trackpoint><Trackpoint><Time>2026-01-01T17:26:04Z</Time><Position><LatitudeDegrees>55.954930</LatitudeDegrees><LongitudeDegrees>37.695354</LongitudeDegrees></Position><DistanceMeters>4347.2</DistanceMeters></Trackpoint><Trackpoint><Time>2026-01-01T17:26:06Z</Time><Position><LatitudeDegrees>55.954932</LatitudeDegrees><LongitudeDegrees>37.695268</LongitudeDegrees></Position><DistanceMeters>4352.5</DistanceMeters></Trackpoint><Trackpoint><Time>2026-01-01T17:26:09Z</Time><Position><LatitudeDegrees>55.954936</LatitudeDegrees><LongitudeDegrees>37.695153</LongitudeDegrees></Position><DistanceMeters>4359.7</DistanceMeters></Trackpoint><Trackpoint><Time>2026-01-01T17:26:11Z</Time><Position><LatitudeDegrees>55.954939</LatitudeDegrees><LongitudeDegrees>37.695068</LongitudeDegrees></Position><DistanceMeters>4365.0</DistanceMeters></Trackpoint><Trackpoint><Time>2026-01-01T17:26:14Z</Time><Position><LatitudeDegrees>55.954942</LatitudeDegrees><LongitudeDegrees>37.694946</LongitudeDegrees></Position><DistanceMeters>4372.6</DistanceMeters></Trackpoint><Trackpoint><Time>2026-01-01T17:26:17Z</Time><Position><LatitudeDegrees>55.954942</LatitudeDegrees><LongitudeDegrees>37.694814</LongitudeDegrees></Position><DistanceMeters>4380.8</DistanceMeters></Trackpoint><Trackpoint><Time>2026-01-01T17:26:19Z</Time><Position><LatitudeDegrees>55.954935</LatitudeDegrees><LongitudeDegrees>37.694721</LongitudeDegrees></Position><DistanceMeters>4386.7</DistanceMeters></Trackpoint><Trackpoint><Time>2026-01-01T17:26:21Z</Time><Position><LatitudeDegrees>55.954921</LatitudeDegrees><LongitudeDegrees>37.694632</LongitudeDegrees></Position><DistanceMeters>4392.4</DistanceMeters></Trackpoint><Trackpoint><Time>2026-01-01T17:26:24Z</Time><Position><LatitudeDegrees>55.954907</LatitudeDegrees><LongitudeDegrees>37.694512</LongitudeDegrees></Position><DistanceMeters>4400.1</DistanceMeters></Trackpoint><Trackpoint><Time>2026-01-01T17:26:25Z</Time><Position><LatitudeDegrees>55.954901</LatitudeDegrees><LongitudeDegrees>37.694427</LongitudeDegrees></Position><DistanceMeters>4405.5</DistanceMeters></Trackpoint><Trackpoint><Time>2026-01-01T17:26:28Z</Time><Position><LatitudeDegrees>55.954892</LatitudeDegrees><LongitudeDegrees>37.694336</LongitudeDegrees></Position><DistanceMeters>4411.2</DistanceMeters></Trackpoint><Trackpoint><Time>2026-01-01T17:26:29Z</Time><Position><LatitudeDegrees>55.954889</LatitudeDegrees><LongitudeDegrees>37.694251</LongitudeDegrees></Position><DistanceMeters>4416.5</DistanceMeters></Trackpoint><Trackpoint><Time>2026-01-01T17:26:31Z</Time><Position><LatitudeDegrees>55.954891</LatitudeDegrees><LongitudeDegrees>37.694166</LongitudeDegrees></Position><DistanceMeters>4421.8</DistanceMeters></Trackpoint><Trackpoint><Time>2026-01-01T17:26:33Z</Time><Position><LatitudeDegrees>55.954897</LatitudeDegrees><LongitudeDegrees>37.694072</LongitudeDegrees></Position><DistanceMeters>4427.7</DistanceMeters></Trackpoint><Trackpoint><Time>2026-01-01T17:26:35Z</Time><Position><LatitudeDegrees>55.954906</LatitudeDegrees><LongitudeDegrees>37.693985</LongitudeDegrees></Position><DistanceMeters>4433.2</DistanceMeters></Trackpoint><Trackpoint><Time>2026-01-01T17:26:38Z</Time><Position><LatitudeDegrees>55.954915</LatitudeDegrees><LongitudeDegrees>37.693889</LongitudeDegrees></Position><DistanceMeters>4439.2</DistanceMeters></Trackpoint><Trackpoint><Time>2026-01-01T17:26:40Z</Time><Position><LatitudeDegrees>55.954924</LatitudeDegrees><LongitudeDegrees>37.693790</LongitudeDegrees></Position><DistanceMeters>4445.5</DistanceMeters></Trackpoint><Trackpoint><Time>2026-01-01T17:26:42Z</Time><Position><LatitudeDegrees>55.954929</LatitudeDegrees><LongitudeDegrees>37.693679</LongitudeDegrees></Position><DistanceMeters>4452.4</DistanceMeters></Trackpoint><Trackpoint><Time>2026-01-01T17:26:44Z</Time><Position><LatitudeDegrees>55.954932</LatitudeDegrees><LongitudeDegrees>37.693590</LongitudeDegrees></Position><DistanceMeters>4457.9</DistanceMeters></Trackpoint><Trackpoint><Time>2026-01-01T17:26:47Z</Time><Position><LatitudeDegrees>55.954951</LatitudeDegrees><LongitudeDegrees>37.693500</LongitudeDegrees></Position><DistanceMeters>4464.0</DistanceMeters></Trackpoint><Trackpoint><Time>2026-01-01T17:26:49Z</Time><Position><LatitudeDegrees>55.954966</LatitudeDegrees><LongitudeDegrees>37.693395</LongitudeDegrees></Position><DistanceMeters>4470.7</DistanceMeters></Trackpoint><Trackpoint><Time>2026-01-01T17:26:51Z</Time><Position><LatitudeDegrees>55.954983</LatitudeDegrees><LongitudeDegrees>37.693292</LongitudeDegrees></Position><DistanceMeters>4477.4</DistanceMeters></Trackpoint><Trackpoint><Time>2026-01-01T17:26:53Z</Time><Position><LatitudeDegrees>55.954999</LatitudeDegrees><LongitudeDegrees>37.693205</LongitudeDegrees></Position><DistanceMeters>4483.1</DistanceMeters></Trackpoint><Trackpoint><Time>2026-01-01T17:26:56Z</Time><Position><LatitudeDegrees>55.955008</LatitudeDegrees><LongitudeDegrees>37.693106</LongitudeDegrees></Position><DistanceMeters>4489.3</DistanceMeters></Trackpoint><Trackpoint><Time>2026-01-01T17:26:58Z</Time><Position><LatitudeDegrees>55.955008</LatitudeDegrees><LongitudeDegrees>37.693005</LongitudeDegrees></Position><DistanceMeters>4495.7</DistanceMeters></Trackpoint><Trackpoint><Time>2026-01-01T17:27:00Z</Time><Position><LatitudeDegrees>55.955000</LatitudeDegrees><LongitudeDegrees>37.692896</LongitudeDegrees></Position><DistanceMeters>4502.5</DistanceMeters></Trackpoint><Trackpoint><Time>2026-01-01T17:27:03Z</Time><Position><LatitudeDegrees>55.954988</LatitudeDegrees><LongitudeDegrees>37.692782</LongitudeDegrees></Position><DistanceMeters>4509.7</DistanceMeters></Trackpoint><Trackpoint><Time>2026-01-01T17:27:05Z</Time><Position><LatitudeDegrees>55.954979</LatitudeDegrees><LongitudeDegrees>37.692688</LongitudeDegrees></Position><DistanceMeters>4515.7</DistanceMeters></Trackpoint><Trackpoint><Time>2026-01-01T17:27:07Z</Time><Position><LatitudeDegrees>55.954969</LatitudeDegrees><LongitudeDegrees>37.692604</LongitudeDegrees></Position><DistanceMeters>4521.0</DistanceMeters></Trackpoint><Trackpoint><Time>2026-01-01T17:27:09Z</Time><Position><LatitudeDegrees>55.954958</LatitudeDegrees><LongitudeDegrees>37.692500</LongitudeDegrees></Position><DistanceMeters>4527.6</DistanceMeters></Trackpoint><Trackpoint><Time>2026-01-01T17:27:11Z</Time><Position><LatitudeDegrees>55.954947</LatitudeDegrees><LongitudeDegrees>37.692411</LongitudeDegrees></Position><DistanceMeters>4533.3</DistanceMeters></Trackpoint><Trackpoint><Time>2026-01-01T17:27:14Z</Time><Position><LatitudeDegrees>55.954936</LatitudeDegrees><LongitudeDegrees>37.692306</LongitudeDegrees></Position><DistanceMeters>4539.9</DistanceMeters></Trackpoint><Trackpoint><Time>2026-01-01T17:27:16Z</Time><Position><LatitudeDegrees>55.954927</LatitudeDegrees><LongitudeDegrees>37.692218</LongitudeDegrees></Position><DistanceMeters>4545.5</DistanceMeters></Trackpoint><Trackpoint><Time>2026-01-01T17:27:18Z</Time><Position><LatitudeDegrees>55.954918</LatitudeDegrees><LongitudeDegrees>37.692117</LongitudeDegrees></Position><DistanceMeters>4551.9</DistanceMeters></Trackpoint><Trackpoint><Time>2026-01-01T17:27:20Z</Time><Position><LatitudeDegrees>55.954912</LatitudeDegrees><LongitudeDegrees>37.692033</LongitudeDegrees></Position><DistanceMeters>4557.1</DistanceMeters></Trackpoint><Trackpoint><Time>2026-01-01T17:27:22Z</Time><Position><LatitudeDegrees>55.954910</LatitudeDegrees><LongitudeDegrees>37.691936</LongitudeDegrees></Position><DistanceMeters>4563.2</DistanceMeters></Trackpoint><Trackpoint><Time>2026-01-01T17:27:24Z</Time><Position><LatitudeDegrees>55.954910</LatitudeDegrees><LongitudeDegrees>37.691854</LongitudeDegrees></Position><DistanceMeters>4568.3</DistanceMeters></Trackpoint><Trackpoint><Time>2026-01-01T17:27:26Z</Time><Position><LatitudeDegrees>55.954911</LatitudeDegrees><LongitudeDegrees>37.691758</LongitudeDegrees></Position><DistanceMeters>4574.2</DistanceMeters></Trackpoint><Trackpoint><Time>2026-01-01T17:27:29Z</Time><Position><LatitudeDegrees>55.954916</LatitudeDegrees><LongitudeDegrees>37.691641</LongitudeDegrees></Position><DistanceMeters>4581.6</DistanceMeters></Trackpoint><Trackpoint><Time>2026-01-01T17:27:31Z</Time><Position><LatitudeDegrees>55.954920</LatitudeDegrees><LongitudeDegrees>37.691559</LongitudeDegrees></Position><DistanceMeters>4586.7</DistanceMeters></Trackpoint><Trackpoint><Time>2026-01-01T17:27:33Z</Time><Position><LatitudeDegrees>55.954923</LatitudeDegrees><LongitudeDegrees>37.691463</LongitudeDegrees></Position><DistanceMeters>4592.7</DistanceMeters></Trackpoint><Trackpoint><Time>2026-01-01T17:27:35Z</Time><Position><LatitudeDegrees>55.954926</LatitudeDegrees><LongitudeDegrees>37.691372</LongitudeDegrees></Position><DistanceMeters>4598.3</DistanceMeters></Trackpoint><Trackpoint><Time>2026-01-01T17:27:37Z</Time><Position><LatitudeDegrees>55.954930</LatitudeDegrees><LongitudeDegrees>37.691287</LongitudeDegrees></Position><DistanceMeters>4603.6</DistanceMeters></Trackpoint><Trackpoint><Time>2026-01-01T17:27:39Z</Time><Position><LatitudeDegrees>55.954935</LatitudeDegrees><LongitudeDegrees>37.691190</LongitudeDegrees></Position><DistanceMeters>4609.7</DistanceMeters></Trackpoint><Trackpoint><Time>2026-01-01T17:27:42Z</Time><Position><LatitudeDegrees>55.954941</LatitudeDegrees><LongitudeDegrees>37.691065</LongitudeDegrees></Position><DistanceMeters>4617.6</DistanceMeters></Trackpoint><Trackpoint><Time>2026-01-01T17:27:44Z</Time><Position><LatitudeDegrees>55.954944</LatitudeDegrees><LongitudeDegrees>37.690984</LongitudeDegrees></Position><DistanceMeters>4622.6</DistanceMeters></Trackpoint><Trackpoint><Time>2026-01-01T17:27:46Z</Time><Position><LatitudeDegrees>55.954949</LatitudeDegrees><LongitudeDegrees>37.690879</LongitudeDegrees></Position><DistanceMeters>4629.2</DistanceMeters></Trackpoint><Trackpoint><Time>2026-01-01T17:27:48Z</Time><Position><LatitudeDegrees>55.954951</LatitudeDegrees><LongitudeDegrees>37.690768</LongitudeDegrees></Position><DistanceMeters>4636.1</DistanceMeters></Trackpoint><Trackpoint><Time>2026-01-01T17:27:50Z</Time><Position><LatitudeDegrees>55.954946</LatitudeDegrees><LongitudeDegrees>37.690687</LongitudeDegrees></Position><DistanceMeters>4641.1</DistanceMeters></Trackpoint><Trackpoint><Time>2026-01-01T17:27:52Z</Time><Position><LatitudeDegrees>55.954939</LatitudeDegrees><LongitudeDegrees>37.690604</LongitudeDegrees></Position><DistanceMeters>4646.3</DistanceMeters></Trackpoint><Trackpoint><Time>2026-01-01T17:27:55Z</Time><Position><LatitudeDegrees>55.954916</LatitudeDegrees><LongitudeDegrees>37.690483</LongitudeDegrees></Position><DistanceMeters>4654.3</DistanceMeters></Trackpoint><Trackpoint><Time>2026-01-01T17:27:57Z</Time><Position><LatitudeDegrees>55.954900</LatitudeDegrees><LongitudeDegrees>37.690391</LongitudeDegrees></Position><DistanceMeters>4660.3</DistanceMeters></Trackpoint><Trackpoint><Time>2026-01-01T17:27:59Z</Time><Position><LatitudeDegrees>55.954893</LatitudeDegrees><LongitudeDegrees>37.690300</LongitudeDegrees></Position><DistanceMeters>4666.1</DistanceMeters></Trackpoint><Trackpoint><Time>2026-01-01T17:28:01Z</Time><Position><LatitudeDegrees>55.954899</LatitudeDegrees><LongitudeDegrees>37.690214</LongitudeDegrees></Position><DistanceMeters>4671.4</DistanceMeters></Trackpoint><Trackpoint><Time>2026-01-01T17:28:03Z</Time><Position><LatitudeDegrees>55.954911</LatitudeDegrees><LongitudeDegrees>37.690131</LongitudeDegrees></Position><DistanceMeters>4676.8</DistanceMeters></Trackpoint><Trackpoint><Time>2026-01-01T17:28:06Z</Time><Position><LatitudeDegrees>55.954931</LatitudeDegrees><LongitudeDegrees>37.690026</LongitudeDegrees></Position><DistanceMeters>4683.7</DistanceMeters></Trackpoint><Trackpoint><Time>2026-01-01T17:28:08Z</Time><Position><LatitudeDegrees>55.954931</LatitudeDegrees><LongitudeDegrees>37.689911</LongitudeDegrees></Position><DistanceMeters>4690.9</DistanceMeters></Trackpoint><Trackpoint><Time>2026-01-01T17:28:11Z</Time><Position><LatitudeDegrees>55.954909</LatitudeDegrees><LongitudeDegrees>37.689795</LongitudeDegrees></Position><DistanceMeters>4698.6</DistanceMeters></Trackpoint><Trackpoint><Time>2026-01-01T17:28:13Z</Time><Position><LatitudeDegrees>55.954880</LatitudeDegrees><LongitudeDegrees>37.689718</LongitudeDegrees></Position><DistanceMeters>4704.3</DistanceMeters></Trackpoint><Trackpoint><Time>2026-01-01T17:28:15Z</Time><Position><LatitudeDegrees>55.954848</LatitudeDegrees><LongitudeDegrees>37.689659</LongitudeDegrees></Position><DistanceMeters>4709.4</DistanceMeters></Trackpoint><Trackpoint><Time>2026-01-01T17:28:17Z</Time><Position><LatitudeDegrees>55.954811</LatitudeDegrees><LongitudeDegrees>37.689601</LongitudeDegrees></Position><DistanceMeters>4714.9</DistanceMeters></Trackpoint><Trackpoint><Time>2026-01-01T17:28:19Z</Time><Position><LatitudeDegrees>55.954770</LatitudeDegrees><LongitudeDegrees>37.689554</LongitudeDegrees></Position><DistanceMeters>4720.3</DistanceMeters></Trackpoint><Trackpoint><Time>2026-01-01T17:28:21Z</Time><Position><LatitudeDegrees>55.954720</LatitudeDegrees><LongitudeDegrees>37.689538</LongitudeDegrees></Position><DistanceMeters>4726.1</DistanceMeters></Trackpoint><Trackpoint><Time>2026-01-01T17:28:23Z</Time><Position><LatitudeDegrees>55.954671</LatitudeDegrees><LongitudeDegrees>37.689553</LongitudeDegrees></Position><DistanceMeters>4731.6</DistanceMeters></Trackpoint><Trackpoint><Time>2026-01-01T17:28:25Z</Time><Position><LatitudeDegrees>55.954624</LatitudeDegrees><LongitudeDegrees>37.689582</LongitudeDegrees></Position><DistanceMeters>4737.1</DistanceMeters></Trackpoint><Trackpoint><Time>2026-01-01T17:28:28Z</Time><Position><LatitudeDegrees>55.954560</LatitudeDegrees><LongitudeDegrees>37.689611</LongitudeDegrees></Position><DistanceMeters>4744.5</DistanceMeters></Trackpoint><Trackpoint><Time>2026-01-01T17:28:30Z</Time><Position><LatitudeDegrees>55.954507</LatitudeDegrees><LongitudeDegrees>37.689622</LongitudeDegrees></Position><DistanceMeters>4750.4</DistanceMeters></Trackpoint><Trackpoint><Time>2026-01-01T17:28:32Z</Time><Position><LatitudeDegrees>55.954454</LatitudeDegrees><LongitudeDegrees>37.689611</LongitudeDegrees></Position><DistanceMeters>4756.3</DistanceMeters></Trackpoint><Trackpoint><Time>2026-01-01T17:28:34Z</Time><Position><LatitudeDegrees>55.954396</LatitudeDegrees><LongitudeDegrees>37.689575</LongitudeDegrees></Position><DistanceMeters>4763.2</DistanceMeters></Trackpoint><Trackpoint><Time>2026-01-01T17:28:37Z</Time><Position><LatitudeDegrees>55.954335</LatitudeDegrees><LongitudeDegrees>37.689538</LongitudeDegrees></Position><DistanceMeters>4770.3</DistanceMeters></Trackpoint><Trackpoint><Time>2026-01-01T17:28:39Z</Time><Position><LatitudeDegrees>55.954278</LatitudeDegrees><LongitudeDegrees>37.689505</LongitudeDegrees></Position><DistanceMeters>4777.0</DistanceMeters></Trackpoint><Trackpoint><Time>2026-01-01T17:28:42Z</Time><Position><LatitudeDegrees>55.954223</LatitudeDegrees><LongitudeDegrees>37.689456</LongitudeDegrees></Position><DistanceMeters>4783.8</DistanceMeters></Trackpoint><Trackpoint><Time>2026-01-01T17:28:45Z</Time><Position><LatitudeDegrees>55.954164</LatitudeDegrees><LongitudeDegrees>37.689383</LongitudeDegrees></Position><DistanceMeters>4791.8</DistanceMeters></Trackpoint><Trackpoint><Time>2026-01-01T17:28:48Z</Time><Position><LatitudeDegrees>55.954096</LatitudeDegrees><LongitudeDegrees>37.689291</LongitudeDegrees></Position><DistanceMeters>4801.3</DistanceMeters></Trackpoint><Trackpoint><Time>2026-01-01T17:28:50Z</Time><Position><LatitudeDegrees>55.954064</LatitudeDegrees><LongitudeDegrees>37.689209</LongitudeDegrees></Position><DistanceMeters>4807.6</DistanceMeters></Trackpoint><Trackpoint><Time>2026-01-01T17:28:53Z</Time><Position><LatitudeDegrees>55.954033</LatitudeDegrees><LongitudeDegrees>37.689105</LongitudeDegrees></Position><DistanceMeters>4815.0</DistanceMeters></Trackpoint><Trackpoint><Time>2026-01-01T17:28:55Z</Time><Position><LatitudeDegrees>55.954010</LatitudeDegrees><LongitudeDegrees>37.689024</LongitudeDegrees></Position><DistanceMeters>4820.6</DistanceMeters></Trackpoint><Trackpoint><Time>2026-01-01T17:28:57Z</Time><Position><LatitudeDegrees>55.953988</LatitudeDegrees><LongitudeDegrees>37.688946</LongitudeDegrees></Position><DistanceMeters>4826.0</DistanceMeters></Trackpoint><Trackpoint><Time>2026-01-01T17:28:59Z</Time><Position><LatitudeDegrees>55.953969</LatitudeDegrees><LongitudeDegrees>37.688860</LongitudeDegrees></Position><DistanceMeters>4831.8</DistanceMeters></Trackpoint><Trackpoint><Time>2026-01-01T17:29:01Z</Time><Position><LatitudeDegrees>55.953951</LatitudeDegrees><LongitudeDegrees>37.688775</LongitudeDegrees></Position><DistanceMeters>4837.4</DistanceMeters></Trackpoint><Trackpoint><Time>2026-01-01T17:29:03Z</Time><Position><LatitudeDegrees>55.953931</LatitudeDegrees><LongitudeDegrees>37.688682</LongitudeDegrees></Position><DistanceMeters>4843.6</DistanceMeters></Trackpoint><Trackpoint><Time>2026-01-01T17:29:05Z</Time><Position><LatitudeDegrees>55.953912</LatitudeDegrees><LongitudeDegrees>37.688606</LongitudeDegrees></Position><DistanceMeters>4848.8</DistanceMeters></Trackpoint><Trackpoint><Time>2026-01-01T17:29:07Z</Time><Position><LatitudeDegrees>55.953891</LatitudeDegrees><LongitudeDegrees>37.688515</LongitudeDegrees></Position><DistanceMeters>4855.0</DistanceMeters></Trackpoint><Trackpoint><Time>2026-01-01T17:29:09Z</Time><Position><LatitudeDegrees>55.953871</LatitudeDegrees><LongitudeDegrees>37.688427</LongitudeDegrees></Position><DistanceMeters>4860.9</DistanceMeters></Trackpoint><Trackpoint><Time>2026-01-01T17:29:12Z</Time><Position><LatitudeDegrees>55.953854</LatitudeDegrees><LongitudeDegrees>37.688334</LongitudeDegrees></Position><DistanceMeters>4867.0</DistanceMeters></Trackpoint><Trackpoint><Time>2026-01-01T17:29:14Z</Time><Position><LatitudeDegrees>55.953840</LatitudeDegrees><LongitudeDegrees>37.688246</LongitudeDegrees></Position><DistanceMeters>4872.6</DistanceMeters></Trackpoint><Trackpoint><Time>2026-01-01T17:29:16Z</Time><Position><LatitudeDegrees>55.953830</LatitudeDegrees><LongitudeDegrees>37.688153</LongitudeDegrees></Position><DistanceMeters>4878.5</DistanceMeters></Trackpoint><Trackpoint><Time>2026-01-01T17:29:18Z</Time><Position><LatitudeDegrees>55.953826</LatitudeDegrees><LongitudeDegrees>37.688067</LongitudeDegrees></Position><DistanceMeters>4883.9</DistanceMeters></Trackpoint><Trackpoint><Time>2026-01-01T17:29:20Z</Time><Position><LatitudeDegrees>55.953829</LatitudeDegrees><LongitudeDegrees>37.687976</LongitudeDegrees></Position><DistanceMeters>4889.6</DistanceMeters></Trackpoint><Trackpoint><Time>2026-01-01T17:29:22Z</Time><Position><LatitudeDegrees>55.953838</LatitudeDegrees><LongitudeDegrees>37.687893</LongitudeDegrees></Position><DistanceMeters>4894.9</DistanceMeters></Trackpoint><Trackpoint><Time>2026-01-01T17:29:23Z</Time><Position><LatitudeDegrees>55.953856</LatitudeDegrees><LongitudeDegrees>37.687818</LongitudeDegrees></Position><DistanceMeters>4900.0</DistanceMeters></Trackpoint><Trackpoint><Time>2026-01-01T17:29:26Z</Time><Position><LatitudeDegrees>55.953882</LatitudeDegrees><LongitudeDegrees>37.687733</LongitudeDegrees></Position><DistanceMeters>4906.0</DistanceMeters></Trackpoint><Trackpoint><Time>2026-01-01T17:29:28Z</Time><Position><LatitudeDegrees>55.953911</LatitudeDegrees><LongitudeDegrees>37.687659</LongitudeDegrees></Position><DistanceMeters>4911.6</DistanceMeters></Trackpoint><Trackpoint><Time>2026-01-01T17:29:30Z</Time><Position><LatitudeDegrees>55.953940</LatitudeDegrees><LongitudeDegrees>37.687591</LongitudeDegrees></Position><DistanceMeters>4917.0</DistanceMeters></Trackpoint><Trackpoint><Time>2026-01-01T17:29:32Z</Time><Position><LatitudeDegrees>55.953979</LatitudeDegrees><LongitudeDegrees>37.687498</LongitudeDegrees></Position><DistanceMeters>4924.2</DistanceMeters></Trackpoint><Trackpoint><Time>2026-01-01T17:29:35Z</Time><Position><LatitudeDegrees>55.954018</LatitudeDegrees><LongitudeDegrees>37.687390</LongitudeDegrees></Position><DistanceMeters>4932.2</DistanceMeters></Trackpoint><Trackpoint><Time>2026-01-01T17:29:38Z</Time><Position><LatitudeDegrees>55.954081</LatitudeDegrees><LongitudeDegrees>37.687307</LongitudeDegrees></Position><DistanceMeters>4940.9</DistanceMeters></Trackpoint><Trackpoint><Time>2026-01-01T17:29:40Z</Time><Position><LatitudeDegrees>55.954121</LatitudeDegrees><LongitudeDegrees>37.687238</LongitudeDegrees></Position><DistanceMeters>4947.1</DistanceMeters></Trackpoint><Trackpoint><Time>2026-01-01T17:29:43Z</Time><Position><LatitudeDegrees>55.954151</LatitudeDegrees><LongitudeDegrees>37.687160</LongitudeDegrees></Position><DistanceMeters>4953.0</DistanceMeters></Trackpoint><Trackpoint><Time>2026-01-01T17:29:45Z</Time><Position><LatitudeDegrees>55.954179</LatitudeDegrees><LongitudeDegrees>37.687089</LongitudeDegrees></Position><DistanceMeters>4958.4</DistanceMeters></Trackpoint><Trackpoint><Time>2026-01-01T17:29:47Z</Time><Position><LatitudeDegrees>55.954210</LatitudeDegrees><LongitudeDegrees>37.687011</LongitudeDegrees></Position><DistanceMeters>4964.4</DistanceMeters></Trackpoint><Trackpoint><Time>2026-01-01T17:29:49Z</Time><Position><LatitudeDegrees>55.954247</LatitudeDegrees><LongitudeDegrees>37.686946</LongitudeDegrees></Position><DistanceMeters>4970.1</DistanceMeters></Trackpoint><Trackpoint><Time>2026-01-01T17:29:51Z</Time><Position><LatitudeDegrees>55.954294</LatitudeDegrees><LongitudeDegrees>37.686883</LongitudeDegrees></Position><DistanceMeters>4976.7</DistanceMeters></Trackpoint><Trackpoint><Time>2026-01-01T17:29:53Z</Time><Position><LatitudeDegrees>55.954344</LatitudeDegrees><LongitudeDegrees>37.686846</LongitudeDegrees></Position><DistanceMeters>4982.7</DistanceMeters></Trackpoint><Trackpoint><Time>2026-01-01T17:29:56Z</Time><Position><LatitudeDegrees>55.954406</LatitudeDegrees><LongitudeDegrees>37.686817</LongitudeDegrees></Position><DistanceMeters>4989.8</DistanceMeters></Trackpoint><Trackpoint><Time>2026-01-01T17:29:58Z</Time><Position><LatitudeDegrees>55.954464</LatitudeDegrees><LongitudeDegrees>37.686798</LongitudeDegrees></Position><DistanceMeters>4996.4</DistanceMeters></Trackpoint><Trackpoint><Time>2026-01-01T17:30:01Z</Time><Position><LatitudeDegrees>55.954526</LatitudeDegrees><LongitudeDegrees>37.686783</LongitudeDegrees></Position><DistanceMeters>5003.4</DistanceMeters></Trackpoint><Trackpoint><Time>2026-01-01T17:30:03Z</Time><Position><LatitudeDegrees>55.954580</LatitudeDegrees><LongitudeDegrees>37.686791</LongitudeDegrees></Position><DistanceMeters>5009.5</DistanceMeters></Trackpoint><Trackpoint><Time>2026-01-01T17:30:05Z</Time><Position><LatitudeDegrees>55.954617</LatitudeDegrees><LongitudeDegrees>37.686850</LongitudeDegrees></Position><DistanceMeters>5015.0</DistanceMeters></Trackpoint><Trackpoint><Time>2026-01-01T17:30:07Z</Time><Position><LatitudeDegrees>55.954631</LatitudeDegrees><LongitudeDegrees>37.686952</LongitudeDegrees></Position><DistanceMeters>5021.6</DistanceMeters></Trackpoint><Trackpoint><Time>2026-01-01T17:30:10Z</Time><Position><LatitudeDegrees>55.954634</LatitudeDegrees><LongitudeDegrees>37.687056</LongitudeDegrees></Position><DistanceMeters>5028.1</DistanceMeters></Trackpoint><Trackpoint><Time>2026-01-01T17:30:12Z</Time><Position><LatitudeDegrees>55.954638</LatitudeDegrees><LongitudeDegrees>37.687184</LongitudeDegrees></Position><DistanceMeters>5036.0</DistanceMeters></Trackpoint><Trackpoint><Time>2026-01-01T17:30:15Z</Time><Position><LatitudeDegrees>55.954639</LatitudeDegrees><LongitudeDegrees>37.687288</LongitudeDegrees></Position><DistanceMeters>5042.5</DistanceMeters></Trackpoint><Trackpoint><Time>2026-01-01T17:30:17Z</Time><Position><LatitudeDegrees>55.954631</LatitudeDegrees><LongitudeDegrees>37.687403</LongitudeDegrees></Position><DistanceMeters>5049.8</DistanceMeters></Trackpoint><Trackpoint><Time>2026-01-01T17:30:19Z</Time><Position><LatitudeDegrees>55.954625</LatitudeDegrees><LongitudeDegrees>37.687486</LongitudeDegrees></Position><DistanceMeters>5055.0</DistanceMeters></Trackpoint><Trackpoint><Time>2026-01-01T17:30:22Z</Time><Position><LatitudeDegrees>55.954613</LatitudeDegrees><LongitudeDegrees>37.687590</LongitudeDegrees></Position><DistanceMeters>5061.6</DistanceMeters></Trackpoint><Trackpoint><Time>2026-01-01T17:30:24Z</Time><Position><LatitudeDegrees>55.954600</LatitudeDegrees><LongitudeDegrees>37.687687</LongitudeDegrees></Position><DistanceMeters>5067.8</DistanceMeters></Trackpoint><Trackpoint><Time>2026-01-01T17:30:26Z</Time><Position><LatitudeDegrees>55.954584</LatitudeDegrees><LongitudeDegrees>37.687785</LongitudeDegrees></Position><DistanceMeters>5074.2</DistanceMeters></Trackpoint><Trackpoint><Time>2026-01-01T17:30:28Z</Time><Position><LatitudeDegrees>55.954565</LatitudeDegrees><LongitudeDegrees>37.687877</LongitudeDegrees></Position><DistanceMeters>5080.3</DistanceMeters></Trackpoint><Trackpoint><Time>2026-01-01T17:30:31Z</Time><Position><LatitudeDegrees>55.954543</LatitudeDegrees><LongitudeDegrees>37.687972</LongitudeDegrees></Position><DistanceMeters>5086.7</DistanceMeters></Trackpoint><Trackpoint><Time>2026-01-01T17:30:33Z</Time><Position><LatitudeDegrees>55.954523</LatitudeDegrees><LongitudeDegrees>37.688053</LongitudeDegrees></Position><DistanceMeters>5092.2</DistanceMeters></Trackpoint><Trackpoint><Time>2026-01-01T17:30:35Z</Time><Position><LatitudeDegrees>55.954498</LatitudeDegrees><LongitudeDegrees>37.688149</LongitudeDegrees></Position><DistanceMeters>5098.8</DistanceMeters></Trackpoint><Trackpoint><Time>2026-01-01T17:30:37Z</Time><Position><LatitudeDegrees>55.954476</LatitudeDegrees><LongitudeDegrees>37.688231</LongitudeDegrees></Position><DistanceMeters>5104.4</DistanceMeters></Trackpoint><Trackpoint><Time>2026-01-01T17:30:39Z</Time><Position><LatitudeDegrees>55.954451</LatitudeDegrees><LongitudeDegrees>37.688325</LongitudeDegrees></Position><DistanceMeters>5110.9</DistanceMeters></Trackpoint><Trackpoint><Time>2026-01-01T17:30:41Z</Time><Position><LatitudeDegrees>55.954429</LatitudeDegrees><LongitudeDegrees>37.688402</LongitudeDegrees></Position><DistanceMeters>5116.3</DistanceMeters></Trackpoint><Trackpoint><Time>2026-01-01T17:30:44Z</Time><Position><LatitudeDegrees>55.954404</LatitudeDegrees><LongitudeDegrees>37.688490</LongitudeDegrees></Position><DistanceMeters>5122.4</DistanceMeters></Trackpoint><Trackpoint><Time>2026-01-01T17:30:46Z</Time><Position><LatitudeDegrees>55.954375</LatitudeDegrees><LongitudeDegrees>37.688589</LongitudeDegrees></Position><DistanceMeters>5129.4</DistanceMeters></Trackpoint><Trackpoint><Time>2026-01-01T17:30:49Z</Time><Position><LatitudeDegrees>55.954334</LatitudeDegrees><LongitudeDegrees>37.688687</LongitudeDegrees></Position><DistanceMeters>5137.0</DistanceMeters></Trackpoint><Trackpoint><Time>2026-01-01T17:30:52Z</Time><Position><LatitudeDegrees>55.954286</LatitudeDegrees><LongitudeDegrees>37.688770</LongitudeDegrees></Position><DistanceMeters>5144.5</DistanceMeters></Trackpoint><Trackpoint><Time>2026-01-01T17:30:54Z</Time><Position><LatitudeDegrees>55.954237</LatitudeDegrees><LongitudeDegrees>37.688824</LongitudeDegrees></Position><DistanceMeters>5150.9</DistanceMeters></Trackpoint><Trackpoint><Time>2026-01-01T17:30:56Z</Time><Position><LatitudeDegrees>55.954183</LatitudeDegrees><LongitudeDegrees>37.688854</LongitudeDegrees></Position><DistanceMeters>5157.2</DistanceMeters></Trackpoint><Trackpoint><Time>2026-01-01T17:30:58Z</Time><Position><LatitudeDegrees>55.954133</LatitudeDegrees><LongitudeDegrees>37.688853</LongitudeDegrees></Position><DistanceMeters>5162.8</DistanceMeters></Trackpoint><Trackpoint><Time>2026-01-01T17:31:00Z</Time><Position><LatitudeDegrees>55.954086</LatitudeDegrees><LongitudeDegrees>37.688859</LongitudeDegrees></Position><DistanceMeters>5168.0</DistanceMeters></Trackpoint><Trackpoint><Time>2026-01-01T17:31:02Z</Time><Position><LatitudeDegrees>55.954060</LatitudeDegrees><LongitudeDegrees>37.688950</LongitudeDegrees></Position><DistanceMeters>5174.8</DistanceMeters></Trackpoint><Trackpoint><Time>2026-01-01T17:31:05Z</Time><Position><LatitudeDegrees>55.954080</LatitudeDegrees><LongitudeDegrees>37.689050</LongitudeDegrees></Position><DistanceMeters>5181.4</DistanceMeters></Trackpoint><Trackpoint><Time>2026-01-01T17:31:07Z</Time><Position><LatitudeDegrees>55.954107</LatitudeDegrees><LongitudeDegrees>37.689122</LongitudeDegrees></Position><DistanceMeters>5186.8</DistanceMeters></Trackpoint><Trackpoint><Time>2026-01-01T17:31:10Z</Time><Position><LatitudeDegrees>55.954160</LatitudeDegrees><LongitudeDegrees>37.689229</LongitudeDegrees></Position><DistanceMeters>5195.8</DistanceMeters></Trackpoint><Trackpoint><Time>2026-01-01T17:31:13Z</Time><Position><LatitudeDegrees>55.954206</LatitudeDegrees><LongitudeDegrees>37.689325</LongitudeDegrees></Position><DistanceMeters>5203.6</DistanceMeters></Trackpoint><Trackpoint><Time>2026-01-01T17:31:15Z</Time><Position><LatitudeDegrees>55.954248</LatitudeDegrees><LongitudeDegrees>37.689389</LongitudeDegrees></Position><DistanceMeters>5209.8</DistanceMeters></Trackpoint><Trackpoint><Time>2026-01-01T17:31:17Z</Time><Position><LatitudeDegrees>55.954300</LatitudeDegrees><LongitudeDegrees>37.689437</LongitudeDegrees></Position><DistanceMeters>5216.3</DistanceMeters></Trackpoint><Trackpoint><Time>2026-01-01T17:31:19Z</Time><Position><LatitudeDegrees>55.954346</LatitudeDegrees><LongitudeDegrees>37.689463</LongitudeDegrees></Position><DistanceMeters>5221.6</DistanceMeters></Trackpoint><Trackpoint><Time>2026-01-01T17:31:21Z</Time><Position><LatitudeDegrees>55.954399</LatitudeDegrees><LongitudeDegrees>37.689487</LongitudeDegrees></Position><DistanceMeters>5227.7</DistanceMeters></Trackpoint><Trackpoint><Time>2026-01-01T17:31:23Z</Time><Position><LatitudeDegrees>55.954446</LatitudeDegrees><LongitudeDegrees>37.689507</LongitudeDegrees></Position><DistanceMeters>5233.1</DistanceMeters></Trackpoint><Trackpoint><Time>2026-01-01T17:31:25Z</Time><Position><LatitudeDegrees>55.954493</LatitudeDegrees><LongitudeDegrees>37.689521</LongitudeDegrees></Position><DistanceMeters>5238.4</DistanceMeters></Trackpoint><Trackpoint><Time>2026-01-01T17:31:27Z</Time><Position><LatitudeDegrees>55.954543</LatitudeDegrees><LongitudeDegrees>37.689524</LongitudeDegrees></Position><DistanceMeters>5244.0</DistanceMeters></Trackpoint><Trackpoint><Time>2026-01-01T17:31:29Z</Time><Position><LatitudeDegrees>55.954590</LatitudeDegrees><LongitudeDegrees>37.689513</LongitudeDegrees></Position><DistanceMeters>5249.2</DistanceMeters></Trackpoint><Trackpoint><Time>2026-01-01T17:31:31Z</Time><Position><LatitudeDegrees>55.954636</LatitudeDegrees><LongitudeDegrees>37.689486</LongitudeDegrees></Position><DistanceMeters>5254.7</DistanceMeters></Trackpoint><Trackpoint><Time>2026-01-01T17:31:33Z</Time><Position><LatitudeDegrees>55.954680</LatitudeDegrees><LongitudeDegrees>37.689454</LongitudeDegrees></Position><DistanceMeters>5260.0</DistanceMeters></Trackpoint><Trackpoint><Time>2026-01-01T17:31:35Z</Time><Position><LatitudeDegrees>55.954726</LatitudeDegrees><LongitudeDegrees>37.689423</LongitudeDegrees></Position><DistanceMeters>5265.4</DistanceMeters></Trackpoint><Trackpoint><Time>2026-01-01T17:31:37Z</Time><Position><LatitudeDegrees>55.954770</LatitudeDegrees><LongitudeDegrees>37.689423</LongitudeDegrees></Position><DistanceMeters>5270.4</DistanceMeters></Trackpoint><Trackpoint><Time>2026-01-01T17:31:39Z</Time><Position><LatitudeDegrees>55.954812</LatitudeDegrees><LongitudeDegrees>37.689463</LongitudeDegrees></Position><DistanceMeters>5275.7</DistanceMeters></Trackpoint><Trackpoint><Time>2026-01-01T17:31:41Z</Time><Position><LatitudeDegrees>55.954851</LatitudeDegrees><LongitudeDegrees>37.689515</LongitudeDegrees></Position><DistanceMeters>5281.1</DistanceMeters></Trackpoint><Trackpoint><Time>2026-01-01T17:31:43Z</Time><Position><LatitudeDegrees>55.954889</LatitudeDegrees><LongitudeDegrees>37.689578</LongitudeDegrees></Position><DistanceMeters>5286.9</DistanceMeters></Trackpoint><Trackpoint><Time>2026-01-01T17:31:45Z</Time><Position><LatitudeDegrees>55.954921</LatitudeDegrees><LongitudeDegrees>37.689682</LongitudeDegrees></Position><DistanceMeters>5294.4</DistanceMeters></Trackpoint><Trackpoint><Time>2026-01-01T17:31:48Z</Time><Position><LatitudeDegrees>55.954935</LatitudeDegrees><LongitudeDegrees>37.689773</LongitudeDegrees></Position><DistanceMeters>5300.2</DistanceMeters></Trackpoint><Trackpoint><Time>2026-01-01T17:31:50Z</Time><Position><LatitudeDegrees>55.954948</LatitudeDegrees><LongitudeDegrees>37.689879</LongitudeDegrees></Position><DistanceMeters>5307.0</DistanceMeters></Trackpoint><Trackpoint><Time>2026-01-01T17:31:52Z</Time><Position><LatitudeDegrees>55.954963</LatitudeDegrees><LongitudeDegrees>37.689979</LongitudeDegrees></Position><DistanceMeters>5313.4</DistanceMeters></Trackpoint><Trackpoint><Time>2026-01-01T17:31:55Z</Time><Position><LatitudeDegrees>55.954970</LatitudeDegrees><LongitudeDegrees>37.690079</LongitudeDegrees></Position><DistanceMeters>5319.7</DistanceMeters></Trackpoint><Trackpoint><Time>2026-01-01T17:31:57Z</Time><Position><LatitudeDegrees>55.954969</LatitudeDegrees><LongitudeDegrees>37.690176</LongitudeDegrees></Position><DistanceMeters>5325.7</DistanceMeters></Trackpoint><Trackpoint><Time>2026-01-01T17:31:59Z</Time><Position><LatitudeDegrees>55.954966</LatitudeDegrees><LongitudeDegrees>37.690262</LongitudeDegrees></Position><DistanceMeters>5331.1</DistanceMeters></Trackpoint><Trackpoint><Time>2026-01-01T17:32:01Z</Time><Position><LatitudeDegrees>55.954969</LatitudeDegrees><LongitudeDegrees>37.690343</LongitudeDegrees></Position><DistanceMeters>5336.2</DistanceMeters></Trackpoint><Trackpoint><Time>2026-01-01T17:32:02Z</Time><Position><LatitudeDegrees>55.954973</LatitudeDegrees><LongitudeDegrees>37.690425</LongitudeDegrees></Position><DistanceMeters>5341.3</DistanceMeters></Trackpoint><Trackpoint><Time>2026-01-01T17:32:04Z</Time><Position><LatitudeDegrees>55.954976</LatitudeDegrees><LongitudeDegrees>37.690511</LongitudeDegrees></Position><DistanceMeters>5346.6</DistanceMeters></Trackpoint><Trackpoint><Time>2026-01-01T17:32:07Z</Time><Position><LatitudeDegrees>55.954985</LatitudeDegrees><LongitudeDegrees>37.690634</LongitudeDegrees></Position><DistanceMeters>5354.4</DistanceMeters></Trackpoint><Trackpoint><Time>2026-01-01T17:32:09Z</Time><Position><LatitudeDegrees>55.954991</LatitudeDegrees><LongitudeDegrees>37.690721</LongitudeDegrees></Position><DistanceMeters>5359.8</DistanceMeters></Trackpoint><Trackpoint><Time>2026-01-01T17:32:11Z</Time><Position><LatitudeDegrees>55.954995</LatitudeDegrees><LongitudeDegrees>37.690816</LongitudeDegrees></Position><DistanceMeters>5365.7</DistanceMeters></Trackpoint><Trackpoint><Time>2026-01-01T17:32:13Z</Time><Position><LatitudeDegrees>55.954994</LatitudeDegrees><LongitudeDegrees>37.690899</LongitudeDegrees></Position><DistanceMeters>5370.9</DistanceMeters></Trackpoint><Trackpoint><Time>2026-01-01T17:32:15Z</Time><Position><LatitudeDegrees>55.954993</LatitudeDegrees><LongitudeDegrees>37.690985</LongitudeDegrees></Position><DistanceMeters>5376.3</DistanceMeters></Trackpoint><Trackpoint><Time>2026-01-01T17:32:17Z</Time><Position><LatitudeDegrees>55.954993</LatitudeDegrees><LongitudeDegrees>37.691075</LongitudeDegrees></Position><DistanceMeters>5381.9</DistanceMeters></Trackpoint><Trackpoint><Time>2026-01-01T17:32:19Z</Time><Position><LatitudeDegrees>55.955000</LatitudeDegrees><LongitudeDegrees>37.691160</LongitudeDegrees></Position><DistanceMeters>5387.2</DistanceMeters></Trackpoint><Trackpoint><Time>2026-01-01T17:32:21Z</Time><Position><LatitudeDegrees>55.955012</LatitudeDegrees><LongitudeDegrees>37.691252</LongitudeDegrees></Position><DistanceMeters>5393.1</DistanceMeters></Trackpoint><Trackpoint><Time>2026-01-01T17:32:23Z</Time><Position><LatitudeDegrees>55.955019</LatitudeDegrees><LongitudeDegrees>37.691347</LongitudeDegrees></Position><DistanceMeters>5399.1</DistanceMeters></Trackpoint><Trackpoint><Time>2026-01-01T17:32:25Z</Time><Position><LatitudeDegrees>55.955019</LatitudeDegrees><LongitudeDegrees>37.691442</LongitudeDegrees></Position><DistanceMeters>5405.0</DistanceMeters></Trackpoint><Trackpoint><Time>2026-01-01T17:32:27Z</Time><Position><LatitudeDegrees>55.955022</LatitudeDegrees><LongitudeDegrees>37.691526</LongitudeDegrees></Position><DistanceMeters>5410.2</DistanceMeters></Trackpoint><Trackpoint><Time>2026-01-01T17:32:29Z</Time><Position><LatitudeDegrees>55.955027</LatitudeDegrees><LongitudeDegrees>37.691615</LongitudeDegrees></Position><DistanceMeters>5415.8</DistanceMeters></Trackpoint><Trackpoint><Time>2026-01-01T17:32:31Z</Time><Position><LatitudeDegrees>55.955033</LatitudeDegrees><LongitudeDegrees>37.691697</LongitudeDegrees></Position><DistanceMeters>5421.0</DistanceMeters></Trackpoint><Trackpoint><Time>2026-01-01T17:32:33Z</Time><Position><LatitudeDegrees>55.955038</LatitudeDegrees><LongitudeDegrees>37.691788</LongitudeDegrees></Position><DistanceMeters>5426.6</DistanceMeters></Trackpoint><Trackpoint><Time>2026-01-01T17:32:35Z</Time><Position><LatitudeDegrees>55.955039</LatitudeDegrees><LongitudeDegrees>37.691872</LongitudeDegrees></Position><DistanceMeters>5431.8</DistanceMeters></Trackpoint><Trackpoint><Time>2026-01-01T17:32:37Z</Time><Position><LatitudeDegrees>55.955044</LatitudeDegrees><LongitudeDegrees>37.691967</LongitudeDegrees></Position><DistanceMeters>5437.8</DistanceMeters></Trackpoint><Trackpoint><Time>2026-01-01T17:32:39Z</Time><Position><LatitudeDegrees>55.955046</LatitudeDegrees><LongitudeDegrees>37.692056</LongitudeDegrees></Position><DistanceMeters>5443.4</DistanceMeters></Trackpoint><Trackpoint><Time>2026-01-01T17:32:41Z</Time><Position><LatitudeDegrees>55.955051</LatitudeDegrees><LongitudeDegrees>37.692155</LongitudeDegrees></Position><DistanceMeters>5449.5</DistanceMeters></Trackpoint><Trackpoint><Time>2026-01-01T17:32:43Z</Time><Position><LatitudeDegrees>55.955060</LatitudeDegrees><LongitudeDegrees>37.692243</LongitudeDegrees></Position><DistanceMeters>5455.1</DistanceMeters></Trackpoint><Trackpoint><Time>2026-01-01T17:32:46Z</Time><Position><LatitudeDegrees>55.955071</LatitudeDegrees><LongitudeDegrees>37.692341</LongitudeDegrees></Position><DistanceMeters>5461.3</DistanceMeters></Trackpoint><Trackpoint><Time>2026-01-01T17:32:48Z</Time><Position><LatitudeDegrees>55.955073</LatitudeDegrees><LongitudeDegrees>37.692436</LongitudeDegrees></Position><DistanceMeters>5467.2</DistanceMeters></Trackpoint><Trackpoint><Time>2026-01-01T17:32:50Z</Time><Position><LatitudeDegrees>55.955065</LatitudeDegrees><LongitudeDegrees>37.692533</LongitudeDegrees></Position><DistanceMeters>5473.3</DistanceMeters></Trackpoint><Trackpoint><Time>2026-01-01T17:32:52Z</Time><Position><LatitudeDegrees>55.955056</LatitudeDegrees><LongitudeDegrees>37.692626</LongitudeDegrees></Position><DistanceMeters>5479.2</DistanceMeters></Trackpoint><Trackpoint><Time>2026-01-01T17:32:54Z</Time><Position><LatitudeDegrees>55.955051</LatitudeDegrees><LongitudeDegrees>37.692714</LongitudeDegrees></Position><DistanceMeters>5484.8</DistanceMeters></Trackpoint><Trackpoint><Time>2026-01-01T17:32:56Z</Time><Position><LatitudeDegrees>55.955048</LatitudeDegrees><LongitudeDegrees>37.692802</LongitudeDegrees></Position><DistanceMeters>5490.2</DistanceMeters></Trackpoint><Trackpoint><Time>2026-01-01T17:32:58Z</Time><Position><LatitudeDegrees>55.955043</LatitudeDegrees><LongitudeDegrees>37.692891</LongitudeDegrees></Position><DistanceMeters>5495.8</DistanceMeters></Trackpoint><Trackpoint><Time>2026-01-01T17:33:00Z</Time><Position><LatitudeDegrees>55.955036</LatitudeDegrees><LongitudeDegrees>37.692992</LongitudeDegrees></Position><DistanceMeters>5502.1</DistanceMeters></Trackpoint><Trackpoint><Time>2026-01-01T17:33:03Z</Time><Position><LatitudeDegrees>55.955028</LatitudeDegrees><LongitudeDegrees>37.693096</LongitudeDegrees></Position><DistanceMeters>5508.6</DistanceMeters></Trackpoint><Trackpoint><Time>2026-01-01T17:33:05Z</Time><Position><LatitudeDegrees>55.955019</LatitudeDegrees><LongitudeDegrees>37.693206</LongitudeDegrees></Position><DistanceMeters>5515.6</DistanceMeters></Trackpoint><Trackpoint><Time>2026-01-01T17:33:07Z</Time><Position><LatitudeDegrees>55.955014</LatitudeDegrees><LongitudeDegrees>37.693309</LongitudeDegrees></Position><DistanceMeters>5522.0</DistanceMeters></Trackpoint><Trackpoint><Time>2026-01-01T17:33:10Z</Time><Position><LatitudeDegrees>55.955010</LatitudeDegrees><LongitudeDegrees>37.693410</LongitudeDegrees></Position><DistanceMeters>5528.3</DistanceMeters></Trackpoint><Trackpoint><Time>2026-01-01T17:33:12Z</Time><Position><LatitudeDegrees>55.955009</LatitudeDegrees><LongitudeDegrees>37.693500</LongitudeDegrees></Position><DistanceMeters>5533.9</DistanceMeters></Trackpoint><Trackpoint><Time>2026-01-01T17:33:14Z</Time><Position><LatitudeDegrees>55.955005</LatitudeDegrees><LongitudeDegrees>37.693592</LongitudeDegrees></Position><DistanceMeters>5539.7</DistanceMeters></Trackpoint><Trackpoint><Time>2026-01-01T17:33:16Z</Time><Position><LatitudeDegrees>55.954997</LatitudeDegrees><LongitudeDegrees>37.693681</LongitudeDegrees></Position><DistanceMeters>5545.3</DistanceMeters></Trackpoint><Trackpoint><Time>2026-01-01T17:33:18Z</Time><Position><LatitudeDegrees>55.954988</LatitudeDegrees><LongitudeDegrees>37.693778</LongitudeDegrees></Position><DistanceMeters>5551.4</DistanceMeters></Trackpoint><Trackpoint><Time>2026-01-01T17:33:20Z</Time><Position><LatitudeDegrees>55.954978</LatitudeDegrees><LongitudeDegrees>37.693868</LongitudeDegrees></Position><DistanceMeters>5557.1</DistanceMeters></Trackpoint><Trackpoint><Time>2026-01-01T17:33:22Z</Time><Position><LatitudeDegrees>55.954970</LatitudeDegrees><LongitudeDegrees>37.693958</LongitudeDegrees></Position><DistanceMeters>5562.8</DistanceMeters></Trackpoint><Trackpoint><Time>2026-01-01T17:33:24Z</Time><Position><LatitudeDegrees>55.954965</LatitudeDegrees><LongitudeDegrees>37.694044</LongitudeDegrees></Position><DistanceMeters>5568.2</DistanceMeters></Trackpoint><Trackpoint><Time>2026-01-01T17:33:26Z</Time><Position><LatitudeDegrees>55.954969</LatitudeDegrees><LongitudeDegrees>37.694136</LongitudeDegrees></Position><DistanceMeters>5573.9</DistanceMeters></Trackpoint><Trackpoint><Time>2026-01-01T17:33:28Z</Time><Position><LatitudeDegrees>55.954980</LatitudeDegrees><LongitudeDegrees>37.694227</LongitudeDegrees></Position><DistanceMeters>5579.7</DistanceMeters></Trackpoint><Trackpoint><Time>2026-01-01T17:33:30Z</Time><Position><LatitudeDegrees>55.954990</LatitudeDegrees><LongitudeDegrees>37.694320</LongitudeDegrees></Position><DistanceMeters>5585.6</DistanceMeters></Trackpoint><Trackpoint><Time>2026-01-01T17:33:33Z</Time><Position><LatitudeDegrees>55.954998</LatitudeDegrees><LongitudeDegrees>37.694421</LongitudeDegrees></Position><DistanceMeters>5592.0</DistanceMeters></Trackpoint><Trackpoint><Time>2026-01-01T17:33:35Z</Time><Position><LatitudeDegrees>55.955006</LatitudeDegrees><LongitudeDegrees>37.694510</LongitudeDegrees></Position><DistanceMeters>5597.6</DistanceMeters></Trackpoint><Trackpoint><Time>2026-01-01T17:33:37Z</Time><Position><LatitudeDegrees>55.955014</LatitudeDegrees><LongitudeDegrees>37.694600</LongitudeDegrees></Position><DistanceMeters>5603.2</DistanceMeters></Trackpoint><Trackpoint><Time>2026-01-01T17:33:39Z</Time><Position><LatitudeDegrees>55.955020</LatitudeDegrees><LongitudeDegrees>37.694697</LongitudeDegrees></Position><DistanceMeters>5609.3</DistanceMeters></Trackpoint><Trackpoint><Time>2026-01-01T17:33:41Z</Time><Position><LatitudeDegrees>55.955025</LatitudeDegrees><LongitudeDegrees>37.694793</LongitudeDegrees></Position><DistanceMeters>5615.4</DistanceMeters></Trackpoint><Trackpoint><Time>2026-01-01T17:33:43Z</Time><Position><LatitudeDegrees>55.955038</LatitudeDegrees><LongitudeDegrees>37.694892</LongitudeDegrees></Position><DistanceMeters>5621.7</DistanceMeters></Trackpoint><Trackpoint><Time>2026-01-01T17:33:46Z</Time><Position><LatitudeDegrees>55.955048</LatitudeDegrees><LongitudeDegrees>37.694994</LongitudeDegrees></Position><DistanceMeters>5628.1</DistanceMeters></Trackpoint><Trackpoint><Time>2026-01-01T17:33:48Z</Time><Position><LatitudeDegrees>55.955047</LatitudeDegrees><LongitudeDegrees>37.695084</LongitudeDegrees></Position><DistanceMeters>5633.8</DistanceMeters></Trackpoint><Trackpoint><Time>2026-01-01T17:33:50Z</Time><Position><LatitudeDegrees>55.955041</LatitudeDegrees><LongitudeDegrees>37.695181</LongitudeDegrees></Position><DistanceMeters>5639.8</DistanceMeters></Trackpoint><Trackpoint><Time>2026-01-01T17:33:53Z</Time><Position><LatitudeDegrees>55.955037</LatitudeDegrees><LongitudeDegrees>37.695304</LongitudeDegrees></Position><DistanceMeters>5647.5</DistanceMeters></Trackpoint><Trackpoint><Time>2026-01-01T17:33:55Z</Time><Position><LatitudeDegrees>55.955029</LatitudeDegrees><LongitudeDegrees>37.695399</LongitudeDegrees></Position><DistanceMeters>5653.4</DistanceMeters></Trackpoint><Trackpoint><Time>2026-01-01T17:33:57Z</Time><Position><LatitudeDegrees>55.955025</LatitudeDegrees><LongitudeDegrees>37.695487</LongitudeDegrees></Position><DistanceMeters>5659.0</DistanceMeters></Trackpoint><Trackpoint><Time>2026-01-01T17:33:59Z</Time><Position><LatitudeDegrees>55.955032</LatitudeDegrees><LongitudeDegrees>37.695577</LongitudeDegrees></Position><DistanceMeters>5664.6</DistanceMeters></Trackpoint><Trackpoint><Time>2026-01-01T17:34:02Z</Time><Position><LatitudeDegrees>55.955046</LatitudeDegrees><LongitudeDegrees>37.695698</LongitudeDegrees></Position><DistanceMeters>5672.3</DistanceMeters></Trackpoint><Trackpoint><Time>2026-01-01T17:34:03Z</Time><Position><LatitudeDegrees>55.955056</LatitudeDegrees><LongitudeDegrees>37.695781</LongitudeDegrees></Position><DistanceMeters>5677.6</DistanceMeters></Trackpoint><Trackpoint><Time>2026-01-01T17:34:05Z</Time><Position><LatitudeDegrees>55.955070</LatitudeDegrees><LongitudeDegrees>37.695870</LongitudeDegrees></Position><DistanceMeters>5683.3</DistanceMeters></Trackpoint><Trackpoint><Time>2026-01-01T17:34:07Z</Time><Position><LatitudeDegrees>55.955078</LatitudeDegrees><LongitudeDegrees>37.695953</LongitudeDegrees></Position><DistanceMeters>5688.6</DistanceMeters></Trackpoint><Trackpoint><Time>2026-01-01T17:34:10Z</Time><Position><LatitudeDegrees>55.955072</LatitudeDegrees><LongitudeDegrees>37.696061</LongitudeDegrees></Position><DistanceMeters>5695.4</DistanceMeters></Trackpoint><Trackpoint><Time>2026-01-01T17:34:12Z</Time><Position><LatitudeDegrees>55.955056</LatitudeDegrees><LongitudeDegrees>37.696172</LongitudeDegrees></Position><DistanceMeters>5702.5</DistanceMeters></Trackpoint><Trackpoint><Time>2026-01-01T17:34:15Z</Time><Position><LatitudeDegrees>55.955030</LatitudeDegrees><LongitudeDegrees>37.696286</LongitudeDegrees></Position><DistanceMeters>5710.1</DistanceMeters></Trackpoint><Trackpoint><Time>2026-01-01T17:34:17Z</Time><Position><LatitudeDegrees>55.955008</LatitudeDegrees><LongitudeDegrees>37.696380</LongitudeDegrees></Position><DistanceMeters>5716.5</DistanceMeters></Trackpoint><Trackpoint><Time>2026-01-01T17:34:20Z</Time><Position><LatitudeDegrees>55.954992</LatitudeDegrees><LongitudeDegrees>37.696481</LongitudeDegrees></Position><DistanceMeters>5723.0</DistanceMeters></Trackpoint><Trackpoint><Time>2026-01-01T17:34:22Z</Time><Position><LatitudeDegrees>55.954983</LatitudeDegrees><LongitudeDegrees>37.696566</LongitudeDegrees></Position><DistanceMeters>5728.4</DistanceMeters></Trackpoint><Trackpoint><Time>2026-01-01T17:34:24Z</Time><Position><LatitudeDegrees>55.954979</LatitudeDegrees><LongitudeDegrees>37.696662</LongitudeDegrees></Position><DistanceMeters>5734.4</DistanceMeters></Trackpoint><Trackpoint><Time>2026-01-01T17:34:26Z</Time><Position><LatitudeDegrees>55.954974</LatitudeDegrees><LongitudeDegrees>37.696757</LongitudeDegrees></Position><DistanceMeters>5740.4</DistanceMeters></Trackpoint><Trackpoint><Time>2026-01-01T17:34:28Z</Time><Position><LatitudeDegrees>55.954970</LatitudeDegrees><LongitudeDegrees>37.696864</LongitudeDegrees></Position><DistanceMeters>5747.1</DistanceMeters></Trackpoint><Trackpoint><Time>2026-01-01T17:34:30Z</Time><Position><LatitudeDegrees>55.954967</LatitudeDegrees><LongitudeDegrees>37.696956</LongitudeDegrees></Position><DistanceMeters>5752.8</DistanceMeters></Trackpoint><Trackpoint><Time>2026-01-01T17:34:33Z</Time><Position><LatitudeDegrees>55.954964</LatitudeDegrees><LongitudeDegrees>37.697055</LongitudeDegrees></Position><DistanceMeters>5759.0</DistanceMeters></Trackpoint><Trackpoint><Time>2026-01-01T17:34:35Z</Time><Position><LatitudeDegrees>55.954971</LatitudeDegrees><LongitudeDegrees>37.697142</LongitudeDegrees></Position><DistanceMeters>5764.4</DistanceMeters></Trackpoint><Trackpoint><Time>2026-01-01T17:34:37Z</Time><Position><LatitudeDegrees>55.954983</LatitudeDegrees><LongitudeDegrees>37.697227</LongitudeDegrees></Position><DistanceMeters>5769.9</DistanceMeters></Trackpoint><Trackpoint><Time>2026-01-01T17:34:39Z</Time><Position><LatitudeDegrees>55.954991</LatitudeDegrees><LongitudeDegrees>37.697314</LongitudeDegrees></Position><DistanceMeters>5775.4</DistanceMeters></Trackpoint><Trackpoint><Time>2026-01-01T17:34:41Z</Time><Position><LatitudeDegrees>55.955000</LatitudeDegrees><LongitudeDegrees>37.697416</LongitudeDegrees></Position><DistanceMeters>5781.8</DistanceMeters></Trackpoint><Trackpoint><Time>2026-01-01T17:34:43Z</Time><Position><LatitudeDegrees>55.955014</LatitudeDegrees><LongitudeDegrees>37.697516</LongitudeDegrees></Position><DistanceMeters>5788.2</DistanceMeters></Trackpoint><Trackpoint><Time>2026-01-01T17:34:46Z</Time><Position><LatitudeDegrees>55.955029</LatitudeDegrees><LongitudeDegrees>37.697625</LongitudeDegrees></Position><DistanceMeters>5795.2</DistanceMeters></Trackpoint><Trackpoint><Time>2026-01-01T17:34:48Z</Time><Position><LatitudeDegrees>55.955046</LatitudeDegrees><LongitudeDegrees>37.697714</LongitudeDegrees></Position><DistanceMeters>5801.1</DistanceMeters></Trackpoint><Trackpoint><Time>2026-01-01T17:34:50Z</Time><Position><LatitudeDegrees>55.955061</LatitudeDegrees><LongitudeDegrees>37.697805</LongitudeDegrees></Position><DistanceMeters>5807.0</DistanceMeters></Trackpoint><Trackpoint><Time>2026-01-01T17:34:52Z</Time><Position><LatitudeDegrees>55.955067</LatitudeDegrees><LongitudeDegrees>37.697889</LongitudeDegrees></Position><DistanceMeters>5812.2</DistanceMeters></Trackpoint><Trackpoint><Time>2026-01-01T17:34:54Z</Time><Position><LatitudeDegrees>55.955075</LatitudeDegrees><LongitudeDegrees>37.697977</LongitudeDegrees></Position><DistanceMeters>5817.8</DistanceMeters></Trackpoint><Trackpoint><Time>2026-01-01T17:34:56Z</Time><Position><LatitudeDegrees>55.955086</LatitudeDegrees><LongitudeDegrees>37.698058</LongitudeDegrees></Position><DistanceMeters>5823.0</DistanceMeters></Trackpoint><Trackpoint><Time>2026-01-01T17:34:58Z</Time><Position><LatitudeDegrees>55.955105</LatitudeDegrees><LongitudeDegrees>37.698152</LongitudeDegrees></Position><DistanceMeters>5829.2</DistanceMeters></Trackpoint><Trackpoint><Time>2026-01-01T17:35:00Z</Time><Position><LatitudeDegrees>55.955119</LatitudeDegrees><LongitudeDegrees>37.698243</LongitudeDegrees></Position><DistanceMeters>5835.1</DistanceMeters></Trackpoint><Trackpoint><Time>2026-01-01T17:35:03Z</Time><Position><LatitudeDegrees>55.955121</LatitudeDegrees><LongitudeDegrees>37.698352</LongitudeDegrees></Position><DistanceMeters>5841.9</DistanceMeters></Trackpoint><Trackpoint><Time>2026-01-01T17:35:05Z</Time><Position><LatitudeDegrees>55.955114</LatitudeDegrees><LongitudeDegrees>37.698460</LongitudeDegrees></Position><DistanceMeters>5848.7</DistanceMeters></Trackpoint><Trackpoint><Time>2026-01-01T17:35:08Z</Time><Position><LatitudeDegrees>55.955111</LatitudeDegrees><LongitudeDegrees>37.698580</LongitudeDegrees></Position><DistanceMeters>5856.1</DistanceMeters></Trackpoint><Trackpoint><Time>2026-01-01T17:35:10Z</Time><Position><LatitudeDegrees>55.955110</LatitudeDegrees><LongitudeDegrees>37.698682</LongitudeDegrees></Position><DistanceMeters>5862.5</DistanceMeters></Trackpoint><Trackpoint><Time>2026-01-01T17:35:13Z</Time><Position><LatitudeDegrees>55.955093</LatitudeDegrees><LongitudeDegrees>37.698817</LongitudeDegrees></Position><DistanceMeters>5871.1</DistanceMeters></Trackpoint><Trackpoint><Time>2026-01-01T17:35:15Z</Time><Position><LatitudeDegrees>55.955089</LatitudeDegrees><LongitudeDegrees>37.698900</LongitudeDegrees></Position><DistanceMeters>5876.3</DistanceMeters></Trackpoint><Trackpoint><Time>2026-01-01T17:35:17Z</Time><Position><LatitudeDegrees>55.955084</LatitudeDegrees><LongitudeDegrees>37.698995</LongitudeDegrees></Position><DistanceMeters>5882.3</DistanceMeters></Trackpoint><Trackpoint><Time>2026-01-01T17:35:19Z</Time><Position><LatitudeDegrees>55.955078</LatitudeDegrees><LongitudeDegrees>37.699078</LongitudeDegrees></Position><DistanceMeters>5887.5</DistanceMeters></Trackpoint><Trackpoint><Time>2026-01-01T17:35:21Z</Time><Position><LatitudeDegrees>55.955070</LatitudeDegrees><LongitudeDegrees>37.699158</LongitudeDegrees></Position><DistanceMeters>5892.5</DistanceMeters></Trackpoint><Trackpoint><Time>2026-01-01T17:35:24Z</Time><Position><LatitudeDegrees>55.955059</LatitudeDegrees><LongitudeDegrees>37.699284</LongitudeDegrees></Position><DistanceMeters>5900.5</DistanceMeters></Trackpoint><Trackpoint><Time>2026-01-01T17:35:26Z</Time><Position><LatitudeDegrees>55.955053</LatitudeDegrees><LongitudeDegrees>37.699376</LongitudeDegrees></Position><DistanceMeters>5906.2</DistanceMeters></Trackpoint><Trackpoint><Time>2026-01-01T17:35:28Z</Time><Position><LatitudeDegrees>55.955050</LatitudeDegrees><LongitudeDegrees>37.699461</LongitudeDegrees></Position><DistanceMeters>5911.5</DistanceMeters></Trackpoint><Trackpoint><Time>2026-01-01T17:35:30Z</Time><Position><LatitudeDegrees>55.955050</LatitudeDegrees><LongitudeDegrees>37.699551</LongitudeDegrees></Position><DistanceMeters>5917.2</DistanceMeters></Trackpoint><Trackpoint><Time>2026-01-01T17:35:32Z</Time><Position><LatitudeDegrees>55.955050</LatitudeDegrees><LongitudeDegrees>37.699649</LongitudeDegrees></Position><DistanceMeters>5923.2</DistanceMeters></Trackpoint><Trackpoint><Time>2026-01-01T17:35:34Z</Time><Position><LatitudeDegrees>55.955052</LatitudeDegrees><LongitudeDegrees>37.699732</LongitudeDegrees></Position><DistanceMeters>5928.4</DistanceMeters></Trackpoint><Trackpoint><Time>2026-01-01T17:35:36Z</Time><Position><LatitudeDegrees>55.955054</LatitudeDegrees><LongitudeDegrees>37.699831</LongitudeDegrees></Position><DistanceMeters>5934.6</DistanceMeters></Trackpoint><Trackpoint><Time>2026-01-01T17:35:38Z</Time><Position><LatitudeDegrees>55.955058</LatitudeDegrees><LongitudeDegrees>37.699914</LongitudeDegrees></Position><DistanceMeters>5939.8</DistanceMeters></Trackpoint><Trackpoint><Time>2026-01-01T17:35:40Z</Time><Position><LatitudeDegrees>55.955067</LatitudeDegrees><LongitudeDegrees>37.700030</LongitudeDegrees></Position><DistanceMeters>5947.1</DistanceMeters></Trackpoint><Trackpoint><Time>2026-01-01T17:35:42Z</Time><Position><LatitudeDegrees>55.955073</LatitudeDegrees><LongitudeDegrees>37.700112</LongitudeDegrees></Position><DistanceMeters>5952.3</DistanceMeters></Trackpoint><Trackpoint><Time>2026-01-01T17:35:44Z</Time><Position><LatitudeDegrees>55.955077</LatitudeDegrees><LongitudeDegrees>37.700195</LongitudeDegrees></Position><DistanceMeters>5957.4</DistanceMeters></Trackpoint><Trackpoint><Time>2026-01-01T17:35:47Z</Time><Position><LatitudeDegrees>55.955075</LatitudeDegrees><LongitudeDegrees>37.700308</LongitudeDegrees></Position><DistanceMeters>5964.5</DistanceMeters></Trackpoint><Trackpoint><Time>2026-01-01T17:35:49Z</Time><Position><LatitudeDegrees>55.955043</LatitudeDegrees><LongitudeDegrees>37.700404</LongitudeDegrees></Position><DistanceMeters>5971.6</DistanceMeters></Trackpoint><Trackpoint><Time>2026-01-01T17:35:52Z</Time><Position><LatitudeDegrees>55.954988</LatitudeDegrees><LongitudeDegrees>37.700452</LongitudeDegrees></Position><DistanceMeters>5978.3</DistanceMeters></Trackpoint><Trackpoint><Time>2026-01-01T17:35:54Z</Time><Position><LatitudeDegrees>55.954925</LatitudeDegrees><LongitudeDegrees>37.700481</LongitudeDegrees></Position><DistanceMeters>5985.6</DistanceMeters></Trackpoint><Trackpoint><Time>2026-01-01T17:35:57Z</Time><Position><LatitudeDegrees>55.954864</LatitudeDegrees><LongitudeDegrees>37.700500</LongitudeDegrees></Position><DistanceMeters>5992.5</DistanceMeters></Trackpoint><Trackpoint><Time>2026-01-01T17:36:00Z</Time><Position><LatitudeDegrees>55.954795</LatitudeDegrees><LongitudeDegrees>37.700517</LongitudeDegrees></Position><DistanceMeters>6000.2</DistanceMeters></Trackpoint><Trackpoint><Time>2026-01-01T17:36:03Z</Time><Position><LatitudeDegrees>55.954721</LatitudeDegrees><LongitudeDegrees>37.700523</LongitudeDegrees></Position><DistanceMeters>6008.5</DistanceMeters></Trackpoint><Trackpoint><Time>2026-01-01T17:36:06Z</Time><Position><LatitudeDegrees>55.954642</LatitudeDegrees><LongitudeDegrees>37.700522</LongitudeDegrees></Position><DistanceMeters>6017.2</DistanceMeters></Trackpoint><Trackpoint><Time>2026-01-01T17:36:08Z</Time><Position><LatitudeDegrees>55.954575</LatitudeDegrees><LongitudeDegrees>37.700522</LongitudeDegrees></Position><DistanceMeters>6024.7</DistanceMeters></Trackpoint><Trackpoint><Time>2026-01-01T17:36:11Z</Time><Position><LatitudeDegrees>55.954514</LatitudeDegrees><LongitudeDegrees>37.700523</LongitudeDegrees></Position><DistanceMeters>6031.4</DistanceMeters></Trackpoint><Trackpoint><Time>2026-01-01T17:36:13Z</Time><Position><LatitudeDegrees>55.954465</LatitudeDegrees><LongitudeDegrees>37.700526</LongitudeDegrees></Position><DistanceMeters>6037.0</DistanceMeters></Trackpoint><Trackpoint><Time>2026-01-01T17:36:15Z</Time><Position><LatitudeDegrees>55.954409</LatitudeDegrees><LongitudeDegrees>37.700537</LongitudeDegrees></Position><DistanceMeters>6043.2</DistanceMeters></Trackpoint><Trackpoint><Time>2026-01-01T17:36:17Z</Time><Position><LatitudeDegrees>55.954354</LatitudeDegrees><LongitudeDegrees>37.700554</LongitudeDegrees></Position><DistanceMeters>6049.4</DistanceMeters></Trackpoint><Trackpoint><Time>2026-01-01T17:36:20Z</Time><Position><LatitudeDegrees>55.954298</LatitudeDegrees><LongitudeDegrees>37.700569</LongitudeDegrees></Position><DistanceMeters>6055.7</DistanceMeters></Trackpoint><Trackpoint><Time>2026-01-01T17:36:22Z</Time><Position><LatitudeDegrees>55.954243</LatitudeDegrees><LongitudeDegrees>37.700576</LongitudeDegrees></Position><DistanceMeters>6061.8</DistanceMeters></Trackpoint><Trackpoint><Time>2026-01-01T17:36:24Z</Time><Position><LatitudeDegrees>55.954187</LatitudeDegrees><LongitudeDegrees>37.700573</LongitudeDegrees></Position><DistanceMeters>6068.1</DistanceMeters></Trackpoint><Trackpoint><Time>2026-01-01T17:36:26Z</Time><Position><LatitudeDegrees>55.954128</LatitudeDegrees><LongitudeDegrees>37.700566</LongitudeDegrees></Position><DistanceMeters>6074.7</DistanceMeters></Trackpoint><Trackpoint><Time>2026-01-01T17:36:29Z</Time><Position><LatitudeDegrees>55.954067</LatitudeDegrees><LongitudeDegrees>37.700558</LongitudeDegrees></Position><DistanceMeters>6081.5</DistanceMeters></Trackpoint><Trackpoint><Time>2026-01-01T17:36:31Z</Time><Position><LatitudeDegrees>55.954013</LatitudeDegrees><LongitudeDegrees>37.700549</LongitudeDegrees></Position><DistanceMeters>6087.4</DistanceMeters></Trackpoint><Trackpoint><Time>2026-01-01T17:36:34Z</Time><Position><LatitudeDegrees>55.953947</LatitudeDegrees><LongitudeDegrees>37.700528</LongitudeDegrees></Position><DistanceMeters>6094.9</DistanceMeters></Trackpoint><Trackpoint><Time>2026-01-01T17:36:36Z</Time><Position><LatitudeDegrees>55.953895</LatitudeDegrees><LongitudeDegrees>37.700511</LongitudeDegrees></Position><DistanceMeters>6100.8</DistanceMeters></Trackpoint><Trackpoint><Time>2026-01-01T17:36:38Z</Time><Position><LatitudeDegrees>55.953846</LatitudeDegrees><LongitudeDegrees>37.700502</LongitudeDegrees></Position><DistanceMeters>6106.2</DistanceMeters></Trackpoint><Trackpoint><Time>2026-01-01T17:36:40Z</Time><Position><LatitudeDegrees>55.953801</LatitudeDegrees><LongitudeDegrees>37.700493</LongitudeDegrees></Position><DistanceMeters>6111.3</DistanceMeters></Trackpoint><Trackpoint><Time>2026-01-01T17:36:42Z</Time><Position><LatitudeDegrees>55.953753</LatitudeDegrees><LongitudeDegrees>37.700486</LongitudeDegrees></Position><DistanceMeters>6116.7</DistanceMeters></Trackpoint><Trackpoint><Time>2026-01-01T17:36:44Z</Time><Position><LatitudeDegrees>55.953685</LatitudeDegrees><LongitudeDegrees>37.700480</LongitudeDegrees></Position><DistanceMeters>6124.2</DistanceMeters></Trackpoint><Trackpoint><Time>2026-01-01T17:36:46Z</Time><Position><LatitudeDegrees>55.953634</LatitudeDegrees><LongitudeDegrees>37.700479</LongitudeDegrees></Position><DistanceMeters>6129.9</DistanceMeters></Trackpoint><Trackpoint><Time>2026-01-01T17:36:48Z</Time><Position><LatitudeDegrees>55.953578</LatitudeDegrees><LongitudeDegrees>37.700478</LongitudeDegrees></Position><DistanceMeters>6136.1</DistanceMeters></Trackpoint><Trackpoint><Time>2026-01-01T17:36:50Z</Time><Position><LatitudeDegrees>55.953531</LatitudeDegrees><LongitudeDegrees>37.700479</LongitudeDegrees></Position><DistanceMeters>6141.4</DistanceMeters></Trackpoint><Trackpoint><Time>2026-01-01T17:36:52Z</Time><Position><LatitudeDegrees>55.953481</LatitudeDegrees><LongitudeDegrees>37.700478</LongitudeDegrees></Position><DistanceMeters>6146.9</DistanceMeters></Trackpoint><Trackpoint><Time>2026-01-01T17:36:55Z</Time><Position><LatitudeDegrees>55.953426</LatitudeDegrees><LongitudeDegrees>37.700476</LongitudeDegrees></Position><DistanceMeters>6153.1</DistanceMeters></Trackpoint><Trackpoint><Time>2026-01-01T17:36:57Z</Time><Position><LatitudeDegrees>55.953377</LatitudeDegrees><LongitudeDegrees>37.700476</LongitudeDegrees></Position><DistanceMeters>6158.5</DistanceMeters></Trackpoint><Trackpoint><Time>2026-01-01T17:36:58Z</Time><Position><LatitudeDegrees>55.953329</LatitudeDegrees><LongitudeDegrees>37.700476</LongitudeDegrees></Position><DistanceMeters>6163.8</DistanceMeters></Trackpoint><Trackpoint><Time>2026-01-01T17:37:00Z</Time><Position><LatitudeDegrees>55.953282</LatitudeDegrees><LongitudeDegrees>37.700476</LongitudeDegrees></Position><DistanceMeters>6169.1</DistanceMeters></Trackpoint><Trackpoint><Time>2026-01-01T17:37:03Z</Time><Position><LatitudeDegrees>55.953224</LatitudeDegrees><LongitudeDegrees>37.700474</LongitudeDegrees></Position><DistanceMeters>6175.5</DistanceMeters></Trackpoint><Trackpoint><Time>2026-01-01T17:37:05Z</Time><Position><LatitudeDegrees>55.953176</LatitudeDegrees><LongitudeDegrees>37.700472</LongitudeDegrees></Position><DistanceMeters>6180.8</DistanceMeters></Trackpoint><Trackpoint><Time>2026-01-01T17:37:07Z</Time><Position><LatitudeDegrees>55.953128</LatitudeDegrees><LongitudeDegrees>37.700471</LongitudeDegrees></Position><DistanceMeters>6186.2</DistanceMeters></Trackpoint><Trackpoint><Time>2026-01-01T17:37:09Z</Time><Position><LatitudeDegrees>55.953076</LatitudeDegrees><LongitudeDegrees>37.700468</LongitudeDegrees></Position><DistanceMeters>6191.9</DistanceMeters></Trackpoint><Trackpoint><Time>2026-01-01T17:37:11Z</Time><Position><LatitudeDegrees>55.953022</LatitudeDegrees><LongitudeDegrees>37.700465</LongitudeDegrees></Position><DistanceMeters>6197.9</DistanceMeters></Trackpoint><Trackpoint><Time>2026-01-01T17:37:13Z</Time><Position><LatitudeDegrees>55.952977</LatitudeDegrees><LongitudeDegrees>37.700460</LongitudeDegrees></Position><DistanceMeters>6203.0</DistanceMeters></Trackpoint><Trackpoint><Time>2026-01-01T17:37:15Z</Time><Position><LatitudeDegrees>55.952928</LatitudeDegrees><LongitudeDegrees>37.700451</LongitudeDegrees></Position><DistanceMeters>6208.5</DistanceMeters></Trackpoint><Trackpoint><Time>2026-01-01T17:37:17Z</Time><Position><LatitudeDegrees>55.952874</LatitudeDegrees><LongitudeDegrees>37.700441</LongitudeDegrees></Position><DistanceMeters>6214.5</DistanceMeters></Trackpoint><Trackpoint><Time>2026-01-01T17:37:19Z</Time><Position><LatitudeDegrees>55.952822</LatitudeDegrees><LongitudeDegrees>37.700430</LongitudeDegrees></Position><DistanceMeters>6220.3</DistanceMeters></Trackpoint><Trackpoint><Time>2026-01-01T17:37:21Z</Time><Position><LatitudeDegrees>55.952767</LatitudeDegrees><LongitudeDegrees>37.700421</LongitudeDegrees></Position><DistanceMeters>6226.5</DistanceMeters></Trackpoint><Trackpoint><Time>2026-01-01T17:37:23Z</Time><Position><LatitudeDegrees>55.952714</LatitudeDegrees><LongitudeDegrees>37.700413</LongitudeDegrees></Position><DistanceMeters>6232.3</DistanceMeters></Trackpoint><Trackpoint><Time>2026-01-01T17:37:25Z</Time><Position><LatitudeDegrees>55.952660</LatitudeDegrees><LongitudeDegrees>37.700405</LongitudeDegrees></Position><DistanceMeters>6238.4</DistanceMeters></Trackpoint><Trackpoint><Time>2026-01-01T17:37:27Z</Time><Position><LatitudeDegrees>55.952608</LatitudeDegrees><LongitudeDegrees>37.700397</LongitudeDegrees></Position><DistanceMeters>6244.2</DistanceMeters></Trackpoint><Trackpoint><Time>2026-01-01T17:37:30Z</Time><Position><LatitudeDegrees>55.952555</LatitudeDegrees><LongitudeDegrees>37.700388</LongitudeDegrees></Position><DistanceMeters>6250.1</DistanceMeters></Trackpoint><Trackpoint><Time>2026-01-01T17:37:32Z</Time><Position><LatitudeDegrees>55.952504</LatitudeDegrees><LongitudeDegrees>37.700380</LongitudeDegrees></Position><DistanceMeters>6255.8</DistanceMeters></Trackpoint><Trackpoint><Time>2026-01-01T17:37:34Z</Time><Position><LatitudeDegrees>55.952450</LatitudeDegrees><LongitudeDegrees>37.700372</LongitudeDegrees></Position><DistanceMeters>6261.8</DistanceMeters></Trackpoint><Trackpoint><Time>2026-01-01T17:37:36Z</Time><Position><LatitudeDegrees>55.952399</LatitudeDegrees><LongitudeDegrees>37.700365</LongitudeDegrees></Position><DistanceMeters>6267.5</DistanceMeters></Trackpoint><Trackpoint><Time>2026-01-01T17:37:38Z</Time><Position><LatitudeDegrees>55.952346</LatitudeDegrees><LongitudeDegrees>37.700358</LongitudeDegrees></Position><DistanceMeters>6273.5</DistanceMeters></Trackpoint><Trackpoint><Time>2026-01-01T17:37:40Z</Time><Position><LatitudeDegrees>55.952295</LatitudeDegrees><LongitudeDegrees>37.700353</LongitudeDegrees></Position><DistanceMeters>6279.1</DistanceMeters></Trackpoint><Trackpoint><Time>2026-01-01T17:37:42Z</Time><Position><LatitudeDegrees>55.952243</LatitudeDegrees><LongitudeDegrees>37.700348</LongitudeDegrees></Position><DistanceMeters>6284.9</DistanceMeters></Trackpoint><Trackpoint><Time>2026-01-01T17:37:45Z</Time><Position><LatitudeDegrees>55.952174</LatitudeDegrees><LongitudeDegrees>37.700342</LongitudeDegrees></Position><DistanceMeters>6292.6</DistanceMeters></Trackpoint><Trackpoint><Time>2026-01-01T17:37:47Z</Time><Position><LatitudeDegrees>55.952126</LatitudeDegrees><LongitudeDegrees>37.700339</LongitudeDegrees></Position><DistanceMeters>6297.9</DistanceMeters></Trackpoint><Trackpoint><Time>2026-01-01T17:37:49Z</Time><Position><LatitudeDegrees>55.952062</LatitudeDegrees><LongitudeDegrees>37.700339</LongitudeDegrees></Position><DistanceMeters>6305.1</DistanceMeters></Trackpoint><Trackpoint><Time>2026-01-01T17:37:52Z</Time><Position><LatitudeDegrees>55.951998</LatitudeDegrees><LongitudeDegrees>37.700346</LongitudeDegrees></Position><DistanceMeters>6312.2</DistanceMeters></Trackpoint><Trackpoint><Time>2026-01-01T17:37:54Z</Time><Position><LatitudeDegrees>55.951936</LatitudeDegrees><LongitudeDegrees>37.700338</LongitudeDegrees></Position><DistanceMeters>6319.1</DistanceMeters></Trackpoint><Trackpoint><Time>2026-01-01T17:37:57Z</Time><Position><LatitudeDegrees>55.951883</LatitudeDegrees><LongitudeDegrees>37.700328</LongitudeDegrees></Position><DistanceMeters>6325.0</DistanceMeters></Trackpoint><Trackpoint><Time>2026-01-01T17:37:59Z</Time><Position><LatitudeDegrees>55.951826</LatitudeDegrees><LongitudeDegrees>37.700317</LongitudeDegrees></Position><DistanceMeters>6331.4</DistanceMeters></Trackpoint><Trackpoint><Time>2026-01-01T17:38:01Z</Time><Position><LatitudeDegrees>55.951779</LatitudeDegrees><LongitudeDegrees>37.700309</LongitudeDegrees></Position><DistanceMeters>6336.7</DistanceMeters></Trackpoint><Trackpoint><Time>2026-01-01T17:38:03Z</Time><Position><LatitudeDegrees>55.951727</LatitudeDegrees><LongitudeDegrees>37.700306</LongitudeDegrees></Position><DistanceMeters>6342.4</DistanceMeters></Trackpoint><Trackpoint><Time>2026-01-01T17:38:05Z</Time><Position><LatitudeDegrees>55.951679</LatitudeDegrees><LongitudeDegrees>37.700304</LongitudeDegrees></Position><DistanceMeters>6347.7</DistanceMeters></Trackpoint><Trackpoint><Time>2026-01-01T17:38:07Z</Time><Position><LatitudeDegrees>55.951629</LatitudeDegrees><LongitudeDegrees>37.700294</LongitudeDegrees></Position><DistanceMeters>6353.3</DistanceMeters></Trackpoint><Trackpoint><Time>2026-01-01T17:38:09Z</Time><Position><LatitudeDegrees>55.951560</LatitudeDegrees><LongitudeDegrees>37.700283</LongitudeDegrees></Position><DistanceMeters>6361.1</DistanceMeters></Trackpoint><Trackpoint><Time>2026-01-01T17:38:12Z</Time><Position><LatitudeDegrees>55.951509</LatitudeDegrees><LongitudeDegrees>37.700281</LongitudeDegrees></Position><DistanceMeters>6366.7</DistanceMeters></Trackpoint><Trackpoint><Time>2026-01-01T17:38:13Z</Time><Position><LatitudeDegrees>55.951460</LatitudeDegrees><LongitudeDegrees>37.700280</LongitudeDegrees></Position><DistanceMeters>6372.2</DistanceMeters></Trackpoint><Trackpoint><Time>2026-01-01T17:38:15Z</Time><Position><LatitudeDegrees>55.951413</LatitudeDegrees><LongitudeDegrees>37.700276</LongitudeDegrees></Position><DistanceMeters>6377.4</DistanceMeters></Trackpoint><Trackpoint><Time>2026-01-01T17:38:18Z</Time><Position><LatitudeDegrees>55.951347</LatitudeDegrees><LongitudeDegrees>37.700270</LongitudeDegrees></Position><DistanceMeters>6384.8</DistanceMeters></Trackpoint><Trackpoint><Time>2026-01-01T17:38:20Z</Time><Position><LatitudeDegrees>55.951297</LatitudeDegrees><LongitudeDegrees>37.700260</LongitudeDegrees></Position><DistanceMeters>6390.4</DistanceMeters></Trackpoint><Trackpoint><Time>2026-01-01T17:38:22Z</Time><Position><LatitudeDegrees>55.951243</LatitudeDegrees><LongitudeDegrees>37.700250</LongitudeDegrees></Position><DistanceMeters>6396.4</DistanceMeters></Trackpoint><Trackpoint><Time>2026-01-01T17:38:24Z</Time><Position><LatitudeDegrees>55.951191</LatitudeDegrees><LongitudeDegrees>37.700246</LongitudeDegrees></Position><DistanceMeters>6402.2</DistanceMeters></Trackpoint><Trackpoint><Time>2026-01-01T17:38:26Z</Time><Position><LatitudeDegrees>55.951146</LatitudeDegrees><LongitudeDegrees>37.700241</LongitudeDegrees></Position><DistanceMeters>6407.3</DistanceMeters></Trackpoint><Trackpoint><Time>2026-01-01T17:38:28Z</Time><Position><LatitudeDegrees>55.951100</LatitudeDegrees><LongitudeDegrees>37.700237</LongitudeDegrees></Position><DistanceMeters>6412.3</DistanceMeters></Trackpoint><Trackpoint><Time>2026-01-01T17:38:31Z</Time><Position><LatitudeDegrees>55.951032</LatitudeDegrees><LongitudeDegrees>37.700223</LongitudeDegrees></Position><DistanceMeters>6419.9</DistanceMeters></Trackpoint><Trackpoint><Time>2026-01-01T17:38:33Z</Time><Position><LatitudeDegrees>55.950967</LatitudeDegrees><LongitudeDegrees>37.700218</LongitudeDegrees></Position><DistanceMeters>6427.1</DistanceMeters></Trackpoint><Trackpoint><Time>2026-01-01T17:38:35Z</Time><Position><LatitudeDegrees>55.950920</LatitudeDegrees><LongitudeDegrees>37.700219</LongitudeDegrees></Position><DistanceMeters>6432.4</DistanceMeters></Trackpoint><Trackpoint><Time>2026-01-01T17:38:37Z</Time><Position><LatitudeDegrees>55.950868</LatitudeDegrees><LongitudeDegrees>37.700235</LongitudeDegrees></Position><DistanceMeters>6438.3</DistanceMeters></Trackpoint><Trackpoint><Time>2026-01-01T17:38:40Z</Time><Position><LatitudeDegrees>55.950813</LatitudeDegrees><LongitudeDegrees>37.700259</LongitudeDegrees></Position><DistanceMeters>6444.6</DistanceMeters></Trackpoint><Trackpoint><Time>2026-01-01T17:38:42Z</Time><Position><LatitudeDegrees>55.950761</LatitudeDegrees><LongitudeDegrees>37.700272</LongitudeDegrees></Position><DistanceMeters>6450.4</DistanceMeters></Trackpoint><Trackpoint><Time>2026-01-01T17:38:44Z</Time><Position><LatitudeDegrees>55.950709</LatitudeDegrees><LongitudeDegrees>37.700269</LongitudeDegrees></Position><DistanceMeters>6456.3</DistanceMeters></Trackpoint><Trackpoint><Time>2026-01-01T17:38:46Z</Time><Position><LatitudeDegrees>55.950657</LatitudeDegrees><LongitudeDegrees>37.700260</LongitudeDegrees></Position><DistanceMeters>6462.1</DistanceMeters></Trackpoint><Trackpoint><Time>2026-01-01T17:38:48Z</Time><Position><LatitudeDegrees>55.950604</LatitudeDegrees><LongitudeDegrees>37.700254</LongitudeDegrees></Position><DistanceMeters>6468.0</DistanceMeters></Trackpoint><Trackpoint><Time>2026-01-01T17:38:50Z</Time><Position><LatitudeDegrees>55.950552</LatitudeDegrees><LongitudeDegrees>37.700248</LongitudeDegrees></Position><DistanceMeters>6473.7</DistanceMeters></Trackpoint><Trackpoint><Time>2026-01-01T17:38:52Z</Time><Position><LatitudeDegrees>55.950503</LatitudeDegrees><LongitudeDegrees>37.700237</LongitudeDegrees></Position><DistanceMeters>6479.2</DistanceMeters></Trackpoint><Trackpoint><Time>2026-01-01T17:38:55Z</Time><Position><LatitudeDegrees>55.950437</LatitudeDegrees><LongitudeDegrees>37.700212</LongitudeDegrees></Position><DistanceMeters>6486.7</DistanceMeters></Trackpoint><Trackpoint><Time>2026-01-01T17:38:57Z</Time><Position><LatitudeDegrees>55.950387</LatitudeDegrees><LongitudeDegrees>37.700195</LongitudeDegrees></Position><DistanceMeters>6492.4</DistanceMeters></Trackpoint><Trackpoint><Time>2026-01-01T17:38:59Z</Time><Position><LatitudeDegrees>55.950331</LatitudeDegrees><LongitudeDegrees>37.700195</LongitudeDegrees></Position><DistanceMeters>6498.6</DistanceMeters></Trackpoint><Trackpoint><Time>2026-01-01T17:39:01Z</Time><Position><LatitudeDegrees>55.950278</LatitudeDegrees><LongitudeDegrees>37.700215</LongitudeDegrees></Position><DistanceMeters>6504.6</DistanceMeters></Trackpoint><Trackpoint><Time>2026-01-01T17:39:03Z</Time><Position><LatitudeDegrees>55.950225</LatitudeDegrees><LongitudeDegrees>37.700241</LongitudeDegrees></Position><DistanceMeters>6510.8</DistanceMeters></Trackpoint><Trackpoint><Time>2026-01-01T17:39:06Z</Time><Position><LatitudeDegrees>55.950173</LatitudeDegrees><LongitudeDegrees>37.700268</LongitudeDegrees></Position><DistanceMeters>6516.8</DistanceMeters></Trackpoint><Trackpoint><Time>2026-01-01T17:39:08Z</Time><Position><LatitudeDegrees>55.950125</LatitudeDegrees><LongitudeDegrees>37.700287</LongitudeDegrees></Position><DistanceMeters>6522.3</DistanceMeters></Trackpoint><Trackpoint><Time>2026-01-01T17:39:10Z</Time><Position><LatitudeDegrees>55.950075</LatitudeDegrees><LongitudeDegrees>37.700304</LongitudeDegrees></Position><DistanceMeters>6527.9</DistanceMeters></Trackpoint><Trackpoint><Time>2026-01-01T17:39:12Z</Time><Position><LatitudeDegrees>55.950067</LatitudeDegrees><LongitudeDegrees>37.700389</LongitudeDegrees></Position><DistanceMeters>6533.4</DistanceMeters></Trackpoint><Trackpoint><Time>2026-01-01T17:39:14Z</Time><Position><LatitudeDegrees>55.950073</LatitudeDegrees><LongitudeDegrees>37.700485</LongitudeDegrees></Position><DistanceMeters>6539.5</DistanceMeters></Trackpoint><Trackpoint><Time>2026-01-01T17:39:16Z</Time><Position><LatitudeDegrees>55.950083</LatitudeDegrees><LongitudeDegrees>37.700598</LongitudeDegrees></Position><DistanceMeters>6546.6</DistanceMeters></Trackpoint><Trackpoint><Time>2026-01-01T17:39:18Z</Time><Position><LatitudeDegrees>55.950091</LatitudeDegrees><LongitudeDegrees>37.700688</LongitudeDegrees></Position><DistanceMeters>6552.2</DistanceMeters></Trackpoint><Trackpoint><Time>2026-01-01T17:39:21Z</Time><Position><LatitudeDegrees>55.950102</LatitudeDegrees><LongitudeDegrees>37.700811</LongitudeDegrees></Position><DistanceMeters>6560.0</DistanceMeters></Trackpoint><Trackpoint><Time>2026-01-01T17:39:23Z</Time><Position><LatitudeDegrees>55.950109</LatitudeDegrees><LongitudeDegrees>37.700902</LongitudeDegrees></Position><DistanceMeters>6565.7</DistanceMeters></Trackpoint><Trackpoint><Time>2026-01-01T17:39:25Z</Time><Position><LatitudeDegrees>55.950114</LatitudeDegrees><LongitudeDegrees>37.700988</LongitudeDegrees></Position><DistanceMeters>6571.1</DistanceMeters></Trackpoint><Trackpoint><Time>2026-01-01T17:39:27Z</Time><Position><LatitudeDegrees>55.950119</LatitudeDegrees><LongitudeDegrees>37.701080</LongitudeDegrees></Position><DistanceMeters>6576.8</DistanceMeters></Trackpoint><Trackpoint><Time>2026-01-01T17:39:29Z</Time><Position><LatitudeDegrees>55.950123</LatitudeDegrees><LongitudeDegrees>37.701166</LongitudeDegrees></Position><DistanceMeters>6582.2</DistanceMeters></Trackpoint><Trackpoint><Time>2026-01-01T17:39:31Z</Time><Position><LatitudeDegrees>55.950128</LatitudeDegrees><LongitudeDegrees>37.701260</LongitudeDegrees></Position><DistanceMeters>6588.1</DistanceMeters></Trackpoint><Trackpoint><Time>2026-01-01T17:39:33Z</Time><Position><LatitudeDegrees>55.950132</LatitudeDegrees><LongitudeDegrees>37.701348</LongitudeDegrees></Position><DistanceMeters>6593.6</DistanceMeters></Trackpoint><Trackpoint><Time>2026-01-01T17:39:35Z</Time><Position><LatitudeDegrees>55.950135</LatitudeDegrees><LongitudeDegrees>37.701440</LongitudeDegrees></Position><DistanceMeters>6599.4</DistanceMeters></Trackpoint><Trackpoint><Time>2026-01-01T17:39:37Z</Time><Position><LatitudeDegrees>55.950138</LatitudeDegrees><LongitudeDegrees>37.701539</LongitudeDegrees></Position><DistanceMeters>6605.5</DistanceMeters></Trackpoint><Trackpoint><Time>2026-01-01T17:39:39Z</Time><Position><LatitudeDegrees>55.950139</LatitudeDegrees><LongitudeDegrees>37.701622</LongitudeDegrees></Position><DistanceMeters>6610.7</DistanceMeters></Trackpoint><Trackpoint><Time>2026-01-01T17:39:42Z</Time><Position><LatitudeDegrees>55.950140</LatitudeDegrees><LongitudeDegrees>37.701720</LongitudeDegrees></Position><DistanceMeters>6616.8</DistanceMeters></Trackpoint><Trackpoint><Time>2026-01-01T17:39:43Z</Time><Position><LatitudeDegrees>55.950139</LatitudeDegrees><LongitudeDegrees>37.701803</LongitudeDegrees></Position><DistanceMeters>6621.9</DistanceMeters></Trackpoint><Trackpoint><Time>2026-01-01T17:39:46Z</Time><Position><LatitudeDegrees>55.950139</LatitudeDegrees><LongitudeDegrees>37.701902</LongitudeDegrees></Position><DistanceMeters>6628.1</DistanceMeters></Trackpoint><Trackpoint><Time>2026-01-01T17:39:48Z</Time><Position><LatitudeDegrees>55.950141</LatitudeDegrees><LongitudeDegrees>37.701996</LongitudeDegrees></Position><DistanceMeters>6634.0</DistanceMeters></Trackpoint><Trackpoint><Time>2026-01-01T17:39:50Z</Time><Position><LatitudeDegrees>55.950142</LatitudeDegrees><LongitudeDegrees>37.702096</LongitudeDegrees></Position><DistanceMeters>6640.2</DistanceMeters></Trackpoint><Trackpoint><Time>2026-01-01T17:39:52Z</Time><Position><LatitudeDegrees>55.950143</LatitudeDegrees><LongitudeDegrees>37.702183</LongitudeDegrees></Position><DistanceMeters>6645.6</DistanceMeters></Trackpoint><Trackpoint><Time>2026-01-01T17:39:54Z</Time><Position><LatitudeDegrees>55.950145</LatitudeDegrees><LongitudeDegrees>37.702288</LongitudeDegrees></Position><DistanceMeters>6652.1</DistanceMeters></Trackpoint><Trackpoint><Time>2026-01-01T17:39:56Z</Time><Position><LatitudeDegrees>55.950145</LatitudeDegrees><LongitudeDegrees>37.702374</LongitudeDegrees></Position><DistanceMeters>6657.5</DistanceMeters></Trackpoint><Trackpoint><Time>2026-01-01T17:39:59Z</Time><Position><LatitudeDegrees>55.950148</LatitudeDegrees><LongitudeDegrees>37.702489</LongitudeDegrees></Position><DistanceMeters>6664.7</DistanceMeters></Trackpoint><Trackpoint><Time>2026-01-01T17:40:01Z</Time><Position><LatitudeDegrees>55.950150</LatitudeDegrees><LongitudeDegrees>37.702581</LongitudeDegrees></Position><DistanceMeters>6670.4</DistanceMeters></Trackpoint><Trackpoint><Time>2026-01-01T17:40:03Z</Time><Position><LatitudeDegrees>55.950152</LatitudeDegrees><LongitudeDegrees>37.702690</LongitudeDegrees></Position><DistanceMeters>6677.2</DistanceMeters></Trackpoint><Trackpoint><Time>2026-01-01T17:40:06Z</Time><Position><LatitudeDegrees>55.950154</LatitudeDegrees><LongitudeDegrees>37.702822</LongitudeDegrees></Position><DistanceMeters>6685.4</DistanceMeters></Trackpoint><Trackpoint><Time>2026-01-01T17:40:10Z</Time><Position><LatitudeDegrees>55.950146</LatitudeDegrees><LongitudeDegrees>37.702969</LongitudeDegrees></Position><DistanceMeters>6694.6</DistanceMeters></Trackpoint><Trackpoint><Time>2026-01-01T17:40:12Z</Time><Position><LatitudeDegrees>55.950138</LatitudeDegrees><LongitudeDegrees>37.703062</LongitudeDegrees></Position><DistanceMeters>6700.5</DistanceMeters></Trackpoint><Trackpoint><Time>2026-01-01T17:40:14Z</Time><Position><LatitudeDegrees>55.950125</LatitudeDegrees><LongitudeDegrees>37.703179</LongitudeDegrees></Position><DistanceMeters>6707.9</DistanceMeters></Trackpoint><Trackpoint><Time>2026-01-01T17:40:16Z</Time><Position><LatitudeDegrees>55.950114</LatitudeDegrees><LongitudeDegrees>37.703267</LongitudeDegrees></Position><DistanceMeters>6713.5</DistanceMeters></Trackpoint><Trackpoint><Time>2026-01-01T17:40:19Z</Time><Position><LatitudeDegrees>55.950097</LatitudeDegrees><LongitudeDegrees>37.703379</LongitudeDegrees></Position><DistanceMeters>6720.7</DistanceMeters></Trackpoint><Trackpoint><Time>2026-01-01T17:40:22Z</Time><Position><LatitudeDegrees>55.950083</LatitudeDegrees><LongitudeDegrees>37.703493</LongitudeDegrees></Position><DistanceMeters>6728.0</DistanceMeters></Trackpoint><Trackpoint><Time>2026-01-01T17:40:24Z</Time><Position><LatitudeDegrees>55.950074</LatitudeDegrees><LongitudeDegrees>37.703578</LongitudeDegrees></Position><DistanceMeters>6733.4</DistanceMeters></Trackpoint><Trackpoint><Time>2026-01-01T17:40:25Z</Time><Position><LatitudeDegrees>55.950069</LatitudeDegrees><LongitudeDegrees>37.703660</LongitudeDegrees></Position><DistanceMeters>6738.5</DistanceMeters></Trackpoint><Trackpoint><Time>2026-01-01T17:40:27Z</Time><Position><LatitudeDegrees>55.950066</LatitudeDegrees><LongitudeDegrees>37.703749</LongitudeDegrees></Position><DistanceMeters>6744.1</DistanceMeters></Trackpoint><Trackpoint><Time>2026-01-01T17:40:29Z</Time><Position><LatitudeDegrees>55.950065</LatitudeDegrees><LongitudeDegrees>37.703836</LongitudeDegrees></Position><DistanceMeters>6749.5</DistanceMeters></Trackpoint><Trackpoint><Time>2026-01-01T17:40:31Z</Time><Position><LatitudeDegrees>55.950066</LatitudeDegrees><LongitudeDegrees>37.703928</LongitudeDegrees></Position><DistanceMeters>6755.3</DistanceMeters></Trackpoint><Trackpoint><Time>2026-01-01T17:40:33Z</Time><Position><LatitudeDegrees>55.950067</LatitudeDegrees><LongitudeDegrees>37.704017</LongitudeDegrees></Position><DistanceMeters>6760.7</DistanceMeters></Trackpoint><Trackpoint><Time>2026-01-01T17:40:35Z</Time><Position><LatitudeDegrees>55.950068</LatitudeDegrees><LongitudeDegrees>37.704109</LongitudeDegrees></Position><DistanceMeters>6766.5</DistanceMeters></Trackpoint><Trackpoint><Time>2026-01-01T17:40:38Z</Time><Position><LatitudeDegrees>55.950069</LatitudeDegrees><LongitudeDegrees>37.704208</LongitudeDegrees></Position><DistanceMeters>6772.7</DistanceMeters></Trackpoint><Trackpoint><Time>2026-01-01T17:40:40Z</Time><Position><LatitudeDegrees>55.950069</LatitudeDegrees><LongitudeDegrees>37.704325</LongitudeDegrees></Position><DistanceMeters>6779.9</DistanceMeters></Trackpoint><Trackpoint><Time>2026-01-01T17:40:42Z</Time><Position><LatitudeDegrees>55.950070</LatitudeDegrees><LongitudeDegrees>37.704415</LongitudeDegrees></Position><DistanceMeters>6785.6</DistanceMeters></Trackpoint><Trackpoint><Time>2026-01-01T17:40:45Z</Time><Position><LatitudeDegrees>55.950073</LatitudeDegrees><LongitudeDegrees>37.704534</LongitudeDegrees></Position><DistanceMeters>6793.0</DistanceMeters></Trackpoint><Trackpoint><Time>2026-01-01T17:40:47Z</Time><Position><LatitudeDegrees>55.950076</LatitudeDegrees><LongitudeDegrees>37.704620</LongitudeDegrees></Position><DistanceMeters>6798.3</DistanceMeters></Trackpoint><Trackpoint><Time>2026-01-01T17:40:49Z</Time><Position><LatitudeDegrees>55.950081</LatitudeDegrees><LongitudeDegrees>37.704700</LongitudeDegrees></Position><DistanceMeters>6803.4</DistanceMeters></Trackpoint><Trackpoint><Time>2026-01-01T17:40:51Z</Time><Position><LatitudeDegrees>55.950086</LatitudeDegrees><LongitudeDegrees>37.704787</LongitudeDegrees></Position><DistanceMeters>6808.8</DistanceMeters></Trackpoint><Trackpoint><Time>2026-01-01T17:40:53Z</Time><Position><LatitudeDegrees>55.950092</LatitudeDegrees><LongitudeDegrees>37.704904</LongitudeDegrees></Position><DistanceMeters>6816.1</DistanceMeters></Trackpoint><Trackpoint><Time>2026-01-01T17:40:56Z</Time><Position><LatitudeDegrees>55.950098</LatitudeDegrees><LongitudeDegrees>37.705033</LongitudeDegrees></Position><DistanceMeters>6824.1</DistanceMeters></Trackpoint><Trackpoint><Time>2026-01-01T17:40:59Z</Time><Position><LatitudeDegrees>55.950108</LatitudeDegrees><LongitudeDegrees>37.705142</LongitudeDegrees></Position><DistanceMeters>6831.0</DistanceMeters></Trackpoint><Trackpoint><Time>2026-01-01T17:41:00Z</Time><Position><LatitudeDegrees>55.950111</LatitudeDegrees><LongitudeDegrees>37.705223</LongitudeDegrees></Position><DistanceMeters>6836.1</DistanceMeters></Trackpoint><Trackpoint><Time>2026-01-01T17:41:03Z</Time><Position><LatitudeDegrees>55.950107</LatitudeDegrees><LongitudeDegrees>37.705335</LongitudeDegrees></Position><DistanceMeters>6843.1</DistanceMeters></Trackpoint><Trackpoint><Time>2026-01-01T17:41:05Z</Time><Position><LatitudeDegrees>55.950108</LatitudeDegrees><LongitudeDegrees>37.705419</LongitudeDegrees></Position><DistanceMeters>6848.3</DistanceMeters></Trackpoint><Trackpoint><Time>2026-01-01T17:41:07Z</Time><Position><LatitudeDegrees>55.950103</LatitudeDegrees><LongitudeDegrees>37.705501</LongitudeDegrees></Position><DistanceMeters>6853.5</DistanceMeters></Trackpoint><Trackpoint><Time>2026-01-01T17:41:09Z</Time><Position><LatitudeDegrees>55.950085</LatitudeDegrees><LongitudeDegrees>37.705607</LongitudeDegrees></Position><DistanceMeters>6860.4</DistanceMeters></Trackpoint><Trackpoint><Time>2026-01-01T17:41:12Z</Time><Position><LatitudeDegrees>55.950073</LatitudeDegrees><LongitudeDegrees>37.705714</LongitudeDegrees></Position><DistanceMeters>6867.2</DistanceMeters></Trackpoint><Trackpoint><Time>2026-01-01T17:41:14Z</Time><Position><LatitudeDegrees>55.950073</LatitudeDegrees><LongitudeDegrees>37.705804</LongitudeDegrees></Position><DistanceMeters>6872.8</DistanceMeters></Trackpoint><Trackpoint><Time>2026-01-01T17:41:16Z</Time><Position><LatitudeDegrees>55.950076</LatitudeDegrees><LongitudeDegrees>37.705885</LongitudeDegrees></Position><DistanceMeters>6877.9</DistanceMeters></Trackpoint><Trackpoint><Time>2026-01-01T17:41:17Z</Time><Position><LatitudeDegrees>55.950083</LatitudeDegrees><LongitudeDegrees>37.705970</LongitudeDegrees></Position><DistanceMeters>6883.2</DistanceMeters></Trackpoint><Trackpoint><Time>2026-01-01T17:41:20Z</Time><Position><LatitudeDegrees>55.950091</LatitudeDegrees><LongitudeDegrees>37.706065</LongitudeDegrees></Position><DistanceMeters>6889.2</DistanceMeters></Trackpoint><Trackpoint><Time>2026-01-01T17:41:22Z</Time><Position><LatitudeDegrees>55.950101</LatitudeDegrees><LongitudeDegrees>37.706168</LongitudeDegrees></Position><DistanceMeters>6895.7</DistanceMeters></Trackpoint><Trackpoint><Time>2026-01-01T17:41:24Z</Time><Position><LatitudeDegrees>55.950110</LatitudeDegrees><LongitudeDegrees>37.706267</LongitudeDegrees></Position><DistanceMeters>6902.0</DistanceMeters></Trackpoint><Trackpoint><Time>2026-01-01T17:41:27Z</Time><Position><LatitudeDegrees>55.950119</LatitudeDegrees><LongitudeDegrees>37.706370</LongitudeDegrees></Position><DistanceMeters>6908.4</DistanceMeters></Trackpoint><Trackpoint><Time>2026-01-01T17:41:29Z</Time><Position><LatitudeDegrees>55.950126</LatitudeDegrees><LongitudeDegrees>37.706476</LongitudeDegrees></Position><DistanceMeters>6915.1</DistanceMeters></Trackpoint><Trackpoint><Time>2026-01-01T17:41:31Z</Time><Position><LatitudeDegrees>55.950132</LatitudeDegrees><LongitudeDegrees>37.706567</LongitudeDegrees></Position><DistanceMeters>6920.8</DistanceMeters></Trackpoint><Trackpoint><Time>2026-01-01T17:41:33Z</Time><Position><LatitudeDegrees>55.950141</LatitudeDegrees><LongitudeDegrees>37.706662</LongitudeDegrees></Position><DistanceMeters>6926.8</DistanceMeters></Trackpoint><Trackpoint><Time>2026-01-01T17:41:35Z</Time><Position><LatitudeDegrees>55.950151</LatitudeDegrees><LongitudeDegrees>37.706765</LongitudeDegrees></Position><DistanceMeters>6933.3</DistanceMeters></Trackpoint><Trackpoint><Time>2026-01-01T17:41:38Z</Time><Position><LatitudeDegrees>55.950161</LatitudeDegrees><LongitudeDegrees>37.706858</LongitudeDegrees></Position><DistanceMeters>6939.2</DistanceMeters></Trackpoint><Trackpoint><Time>2026-01-01T17:41:40Z</Time><Position><LatitudeDegrees>55.950169</LatitudeDegrees><LongitudeDegrees>37.706949</LongitudeDegrees></Position><DistanceMeters>6944.9</DistanceMeters></Trackpoint><Trackpoint><Time>2026-01-01T17:41:42Z</Time><Position><LatitudeDegrees>55.950175</LatitudeDegrees><LongitudeDegrees>37.707046</LongitudeDegrees></Position><DistanceMeters>6951.0</DistanceMeters></Trackpoint><Trackpoint><Time>2026-01-01T17:41:44Z</Time><Position><LatitudeDegrees>55.950177</LatitudeDegrees><LongitudeDegrees>37.707146</LongitudeDegrees></Position><DistanceMeters>6957.2</DistanceMeters></Trackpoint><Trackpoint><Time>2026-01-01T17:41:46Z</Time><Position><LatitudeDegrees>55.950174</LatitudeDegrees><LongitudeDegrees>37.707231</LongitudeDegrees></Position><DistanceMeters>6962.5</DistanceMeters></Trackpoint><Trackpoint><Time>2026-01-01T17:41:48Z</Time><Position><LatitudeDegrees>55.950168</LatitudeDegrees><LongitudeDegrees>37.707331</LongitudeDegrees></Position><DistanceMeters>6968.8</DistanceMeters></Trackpoint><Trackpoint><Time>2026-01-01T17:41:50Z</Time><Position><LatitudeDegrees>55.950160</LatitudeDegrees><LongitudeDegrees>37.707425</LongitudeDegrees></Position><DistanceMeters>6974.7</DistanceMeters></Trackpoint><Trackpoint><Time>2026-01-01T17:41:53Z</Time><Position><LatitudeDegrees>55.950154</LatitudeDegrees><LongitudeDegrees>37.707521</LongitudeDegrees></Position><DistanceMeters>6980.7</DistanceMeters></Trackpoint><Trackpoint><Time>2026-01-01T17:41:55Z</Time><Position><LatitudeDegrees>55.950150</LatitudeDegrees><LongitudeDegrees>37.707612</LongitudeDegrees></Position><DistanceMeters>6986.4</DistanceMeters></Trackpoint><Trackpoint><Time>2026-01-01T17:41:57Z</Time><Position><LatitudeDegrees>55.950147</LatitudeDegrees><LongitudeDegrees>37.707708</LongitudeDegrees></Position><DistanceMeters>6992.4</DistanceMeters></Trackpoint><Trackpoint><Time>2026-01-01T17:41:59Z</Time><Position><LatitudeDegrees>55.950144</LatitudeDegrees><LongitudeDegrees>37.707788</LongitudeDegrees></Position><DistanceMeters>6997.4</DistanceMeters></Trackpoint><Trackpoint><Time>2026-01-01T17:42:01Z</Time><Position><LatitudeDegrees>55.950142</LatitudeDegrees><LongitudeDegrees>37.707882</LongitudeDegrees></Position><DistanceMeters>7003.2</DistanceMeters></Trackpoint><Trackpoint><Time>2026-01-01T17:42:04Z</Time><Position><LatitudeDegrees>55.950142</LatitudeDegrees><LongitudeDegrees>37.708017</LongitudeDegrees></Position><DistanceMeters>7011.6</DistanceMeters></Trackpoint><Trackpoint><Time>2026-01-01T17:42:06Z</Time><Position><LatitudeDegrees>55.950138</LatitudeDegrees><LongitudeDegrees>37.708132</LongitudeDegrees></Position><DistanceMeters>7018.8</DistanceMeters></Trackpoint><Trackpoint><Time>2026-01-01T17:42:09Z</Time><Position><LatitudeDegrees>55.950117</LatitudeDegrees><LongitudeDegrees>37.708223</LongitudeDegrees></Position><DistanceMeters>7025.0</DistanceMeters></Trackpoint><Trackpoint><Time>2026-01-01T17:42:11Z</Time><Position><LatitudeDegrees>55.950076</LatitudeDegrees><LongitudeDegrees>37.708291</LongitudeDegrees></Position><DistanceMeters>7031.3</DistanceMeters></Trackpoint><Trackpoint><Time>2026-01-01T17:42:13Z</Time><Position><LatitudeDegrees>55.950023</LatitudeDegrees><LongitudeDegrees>37.708336</LongitudeDegrees></Position><DistanceMeters>7037.7</DistanceMeters></Trackpoint><Trackpoint><Time>2026-01-01T17:42:16Z</Time><Position><LatitudeDegrees>55.949963</LatitudeDegrees><LongitudeDegrees>37.708363</LongitudeDegrees></Position><DistanceMeters>7044.7</DistanceMeters></Trackpoint><Trackpoint><Time>2026-01-01T17:42:18Z</Time><Position><LatitudeDegrees>55.949905</LatitudeDegrees><LongitudeDegrees>37.708381</LongitudeDegrees></Position><DistanceMeters>7051.2</DistanceMeters></Trackpoint><Trackpoint><Time>2026-01-01T17:42:20Z</Time><Position><LatitudeDegrees>55.949847</LatitudeDegrees><LongitudeDegrees>37.708390</LongitudeDegrees></Position><DistanceMeters>7057.7</DistanceMeters></Trackpoint><Trackpoint><Time>2026-01-01T17:42:22Z</Time><Position><LatitudeDegrees>55.949798</LatitudeDegrees><LongitudeDegrees>37.708400</LongitudeDegrees></Position><DistanceMeters>7063.2</DistanceMeters></Trackpoint><Trackpoint><Time>2026-01-01T17:42:24Z</Time><Position><LatitudeDegrees>55.949745</LatitudeDegrees><LongitudeDegrees>37.708416</LongitudeDegrees></Position><DistanceMeters>7069.2</DistanceMeters></Trackpoint><Trackpoint><Time>2026-01-01T17:42:26Z</Time><Position><LatitudeDegrees>55.949696</LatitudeDegrees><LongitudeDegrees>37.708435</LongitudeDegrees></Position><DistanceMeters>7074.7</DistanceMeters></Trackpoint><Trackpoint><Time>2026-01-01T17:42:29Z</Time><Position><LatitudeDegrees>55.949638</LatitudeDegrees><LongitudeDegrees>37.708463</LongitudeDegrees></Position><DistanceMeters>7081.4</DistanceMeters></Trackpoint><Trackpoint><Time>2026-01-01T17:42:31Z</Time><Position><LatitudeDegrees>55.949587</LatitudeDegrees><LongitudeDegrees>37.708487</LongitudeDegrees></Position><DistanceMeters>7087.3</DistanceMeters></Trackpoint><Trackpoint><Time>2026-01-01T17:42:33Z</Time><Position><LatitudeDegrees>55.949532</LatitudeDegrees><LongitudeDegrees>37.708505</LongitudeDegrees></Position><DistanceMeters>7093.5</DistanceMeters></Trackpoint><Trackpoint><Time>2026-01-01T17:42:35Z</Time><Position><LatitudeDegrees>55.949481</LatitudeDegrees><LongitudeDegrees>37.708522</LongitudeDegrees></Position><DistanceMeters>7099.2</DistanceMeters></Trackpoint><Trackpoint><Time>2026-01-01T17:42:38Z</Time><Position><LatitudeDegrees>55.949424</LatitudeDegrees><LongitudeDegrees>37.708532</LongitudeDegrees></Position><DistanceMeters>7105.6</DistanceMeters></Trackpoint><Trackpoint><Time>2026-01-01T17:42:40Z</Time><Position><LatitudeDegrees>55.949373</LatitudeDegrees><LongitudeDegrees>37.708529</LongitudeDegrees></Position><DistanceMeters>7111.3</DistanceMeters></Trackpoint><Trackpoint><Time>2026-01-01T17:42:42Z</Time><Position><LatitudeDegrees>55.949317</LatitudeDegrees><LongitudeDegrees>37.708517</LongitudeDegrees></Position><DistanceMeters>7117.5</DistanceMeters></Trackpoint><Trackpoint><Time>2026-01-01T17:42:44Z</Time><Position><LatitudeDegrees>55.949263</LatitudeDegrees><LongitudeDegrees>37.708503</LongitudeDegrees></Position><DistanceMeters>7123.6</DistanceMeters></Trackpoint><Trackpoint><Time>2026-01-01T17:42:46Z</Time><Position><LatitudeDegrees>55.949204</LatitudeDegrees><LongitudeDegrees>37.708491</LongitudeDegrees></Position><DistanceMeters>7130.3</DistanceMeters></Trackpoint><Trackpoint><Time>2026-01-01T17:42:49Z</Time><Position><LatitudeDegrees>55.949147</LatitudeDegrees><LongitudeDegrees>37.708481</LongitudeDegrees></Position><DistanceMeters>7136.6</DistanceMeters></Trackpoint><Trackpoint><Time>2026-01-01T17:42:51Z</Time><Position><LatitudeDegrees>55.949086</LatitudeDegrees><LongitudeDegrees>37.708468</LongitudeDegrees></Position><DistanceMeters>7143.5</DistanceMeters></Trackpoint><Trackpoint><Time>2026-01-01T17:42:54Z</Time><Position><LatitudeDegrees>55.949026</LatitudeDegrees><LongitudeDegrees>37.708454</LongitudeDegrees></Position><DistanceMeters>7150.2</DistanceMeters></Trackpoint><Trackpoint><Time>2026-01-01T17:42:57Z</Time><Position><LatitudeDegrees>55.948945</LatitudeDegrees><LongitudeDegrees>37.708451</LongitudeDegrees></Position><DistanceMeters>7159.2</DistanceMeters></Trackpoint><Trackpoint><Time>2026-01-01T17:42:59Z</Time><Position><LatitudeDegrees>55.948897</LatitudeDegrees><LongitudeDegrees>37.708454</LongitudeDegrees></Position><DistanceMeters>7164.5</DistanceMeters></Trackpoint><Trackpoint><Time>2026-01-01T17:43:01Z</Time><Position><LatitudeDegrees>55.948850</LatitudeDegrees><LongitudeDegrees>37.708458</LongitudeDegrees></Position><DistanceMeters>7169.7</DistanceMeters></Trackpoint><Trackpoint><Time>2026-01-01T17:43:03Z</Time><Position><LatitudeDegrees>55.948800</LatitudeDegrees><LongitudeDegrees>37.708463</LongitudeDegrees></Position><DistanceMeters>7175.3</DistanceMeters></Trackpoint><Trackpoint><Time>2026-01-01T17:43:05Z</Time><Position><LatitudeDegrees>55.948745</LatitudeDegrees><LongitudeDegrees>37.708469</LongitudeDegrees></Position><DistanceMeters>7181.4</DistanceMeters></Trackpoint><Trackpoint><Time>2026-01-01T17:43:07Z</Time><Position><LatitudeDegrees>55.948698</LatitudeDegrees><LongitudeDegrees>37.708475</LongitudeDegrees></Position><DistanceMeters>7186.7</DistanceMeters></Trackpoint><Trackpoint><Time>2026-01-01T17:43:09Z</Time><Position><LatitudeDegrees>55.948640</LatitudeDegrees><LongitudeDegrees>37.708482</LongitudeDegrees></Position><DistanceMeters>7193.1</DistanceMeters></Trackpoint><Trackpoint><Time>2026-01-01T17:43:11Z</Time><Position><LatitudeDegrees>55.948590</LatitudeDegrees><LongitudeDegrees>37.708489</LongitudeDegrees></Position><DistanceMeters>7198.7</DistanceMeters></Trackpoint><Trackpoint><Time>2026-01-01T17:43:13Z</Time><Position><LatitudeDegrees>55.948538</LatitudeDegrees><LongitudeDegrees>37.708492</LongitudeDegrees></Position><DistanceMeters>7204.6</DistanceMeters></Trackpoint><Trackpoint><Time>2026-01-01T17:43:15Z</Time><Position><LatitudeDegrees>55.948481</LatitudeDegrees><LongitudeDegrees>37.708492</LongitudeDegrees></Position><DistanceMeters>7210.8</DistanceMeters></Trackpoint><Trackpoint><Time>2026-01-01T17:43:18Z</Time><Position><LatitudeDegrees>55.948420</LatitudeDegrees><LongitudeDegrees>37.708492</LongitudeDegrees></Position><DistanceMeters>7217.6</DistanceMeters></Trackpoint><Trackpoint><Time>2026-01-01T17:43:20Z</Time><Position><LatitudeDegrees>55.948367</LatitudeDegrees><LongitudeDegrees>37.708489</LongitudeDegrees></Position><DistanceMeters>7223.5</DistanceMeters></Trackpoint><Trackpoint><Time>2026-01-01T17:43:22Z</Time><Position><LatitudeDegrees>55.948306</LatitudeDegrees><LongitudeDegrees>37.708486</LongitudeDegrees></Position><DistanceMeters>7230.3</DistanceMeters></Trackpoint><Trackpoint><Time>2026-01-01T17:43:24Z</Time><Position><LatitudeDegrees>55.948255</LatitudeDegrees><LongitudeDegrees>37.708483</LongitudeDegrees></Position><DistanceMeters>7236.0</DistanceMeters></Trackpoint><Trackpoint><Time>2026-01-01T17:43:27Z</Time><Position><LatitudeDegrees>55.948196</LatitudeDegrees><LongitudeDegrees>37.708481</LongitudeDegrees></Position><DistanceMeters>7242.6</DistanceMeters></Trackpoint><Trackpoint><Time>2026-01-01T17:43:29Z</Time><Position><LatitudeDegrees>55.948147</LatitudeDegrees><LongitudeDegrees>37.708480</LongitudeDegrees></Position><DistanceMeters>7248.1</DistanceMeters></Trackpoint><Trackpoint><Time>2026-01-01T17:43:31Z</Time><Position><LatitudeDegrees>55.948090</LatitudeDegrees><LongitudeDegrees>37.708480</LongitudeDegrees></Position><DistanceMeters>7254.4</DistanceMeters></Trackpoint><Trackpoint><Time>2026-01-01T17:43:33Z</Time><Position><LatitudeDegrees>55.948041</LatitudeDegrees><LongitudeDegrees>37.708482</LongitudeDegrees></Position><DistanceMeters>7259.8</DistanceMeters></Trackpoint><Trackpoint><Time>2026-01-01T17:43:35Z</Time><Position><LatitudeDegrees>55.947992</LatitudeDegrees><LongitudeDegrees>37.708483</LongitudeDegrees></Position><DistanceMeters>7265.3</DistanceMeters></Trackpoint><Trackpoint><Time>2026-01-01T17:43:37Z</Time><Position><LatitudeDegrees>55.947942</LatitudeDegrees><LongitudeDegrees>37.708484</LongitudeDegrees></Position><DistanceMeters>7270.8</DistanceMeters></Trackpoint><Trackpoint><Time>2026-01-01T17:43:39Z</Time><Position><LatitudeDegrees>55.947891</LatitudeDegrees><LongitudeDegrees>37.708485</LongitudeDegrees></Position><DistanceMeters>7276.5</DistanceMeters></Trackpoint><Trackpoint><Time>2026-01-01T17:43:41Z</Time><Position><LatitudeDegrees>55.947843</LatitudeDegrees><LongitudeDegrees>37.708489</LongitudeDegrees></Position><DistanceMeters>7281.8</DistanceMeters></Trackpoint><Trackpoint><Time>2026-01-01T17:43:44Z</Time><Position><LatitudeDegrees>55.947762</LatitudeDegrees><LongitudeDegrees>37.708487</LongitudeDegrees></Position><DistanceMeters>7290.9</DistanceMeters></Trackpoint><Trackpoint><Time>2026-01-01T17:43:47Z</Time><Position><LatitudeDegrees>55.947704</LatitudeDegrees><LongitudeDegrees>37.708476</LongitudeDegrees></Position><DistanceMeters>7297.3</DistanceMeters></Trackpoint><Trackpoint><Time>2026-01-01T17:43:49Z</Time><Position><LatitudeDegrees>55.947642</LatitudeDegrees><LongitudeDegrees>37.708464</LongitudeDegrees></Position><DistanceMeters>7304.2</DistanceMeters></Trackpoint><Trackpoint><Time>2026-01-01T17:43:51Z</Time><Position><LatitudeDegrees>55.947595</LatitudeDegrees><LongitudeDegrees>37.708456</LongitudeDegrees></Position><DistanceMeters>7309.6</DistanceMeters></Trackpoint><Trackpoint><Time>2026-01-01T17:43:53Z</Time><Position><LatitudeDegrees>55.947542</LatitudeDegrees><LongitudeDegrees>37.708448</LongitudeDegrees></Position><DistanceMeters>7315.4</DistanceMeters></Trackpoint><Trackpoint><Time>2026-01-01T17:43:56Z</Time><Position><LatitudeDegrees>55.947471</LatitudeDegrees><LongitudeDegrees>37.708438</LongitudeDegrees></Position><DistanceMeters>7323.3</DistanceMeters></Trackpoint><Trackpoint><Time>2026-01-01T17:43:58Z</Time><Position><LatitudeDegrees>55.947420</LatitudeDegrees><LongitudeDegrees>37.708431</LongitudeDegrees></Position><DistanceMeters>7329.0</DistanceMeters></Trackpoint><Trackpoint><Time>2026-01-01T17:44:00Z</Time><Position><LatitudeDegrees>55.947371</LatitudeDegrees><LongitudeDegrees>37.708426</LongitudeDegrees></Position><DistanceMeters>7334.5</DistanceMeters></Trackpoint><Trackpoint><Time>2026-01-01T17:44:02Z</Time><Position><LatitudeDegrees>55.947318</LatitudeDegrees><LongitudeDegrees>37.708422</LongitudeDegrees></Position><DistanceMeters>7340.4</DistanceMeters></Trackpoint><Trackpoint><Time>2026-01-01T17:44:04Z</Time><Position><LatitudeDegrees>55.947267</LatitudeDegrees><LongitudeDegrees>37.708420</LongitudeDegrees></Position><DistanceMeters>7346.1</DistanceMeters></Trackpoint><Trackpoint><Time>2026-01-01T17:44:06Z</Time><Position><LatitudeDegrees>55.947213</LatitudeDegrees><LongitudeDegrees>37.708420</LongitudeDegrees></Position><DistanceMeters>7352.1</DistanceMeters></Trackpoint><Trackpoint><Time>2026-01-01T17:44:08Z</Time><Position><LatitudeDegrees>55.947166</LatitudeDegrees><LongitudeDegrees>37.708422</LongitudeDegrees></Position><DistanceMeters>7357.3</DistanceMeters></Trackpoint><Trackpoint><Time>2026-01-01T17:44:10Z</Time><Position><LatitudeDegrees>55.947120</LatitudeDegrees><LongitudeDegrees>37.708423</LongitudeDegrees></Position><DistanceMeters>7362.4</DistanceMeters></Trackpoint><Trackpoint><Time>2026-01-01T17:44:13Z</Time><Position><LatitudeDegrees>55.947048</LatitudeDegrees><LongitudeDegrees>37.708426</LongitudeDegrees></Position><DistanceMeters>7370.4</DistanceMeters></Trackpoint><Trackpoint><Time>2026-01-01T17:44:15Z</Time><Position><LatitudeDegrees>55.946997</LatitudeDegrees><LongitudeDegrees>37.708426</LongitudeDegrees></Position><DistanceMeters>7376.1</DistanceMeters></Trackpoint><Trackpoint><Time>2026-01-01T17:44:17Z</Time><Position><LatitudeDegrees>55.946943</LatitudeDegrees><LongitudeDegrees>37.708425</LongitudeDegrees></Position><DistanceMeters>7382.1</DistanceMeters></Trackpoint><Trackpoint><Time>2026-01-01T17:44:19Z</Time><Position><LatitudeDegrees>55.946897</LatitudeDegrees><LongitudeDegrees>37.708424</LongitudeDegrees></Position><DistanceMeters>7387.2</DistanceMeters></Trackpoint><Trackpoint><Time>2026-01-01T17:44:21Z</Time><Position><LatitudeDegrees>55.946842</LatitudeDegrees><LongitudeDegrees>37.708422</LongitudeDegrees></Position><DistanceMeters>7393.4</DistanceMeters></Trackpoint><Trackpoint><Time>2026-01-01T17:44:23Z</Time><Position><LatitudeDegrees>55.946794</LatitudeDegrees><LongitudeDegrees>37.708420</LongitudeDegrees></Position><DistanceMeters>7398.6</DistanceMeters></Trackpoint><Trackpoint><Time>2026-01-01T17:44:25Z</Time><Position><LatitudeDegrees>55.946739</LatitudeDegrees><LongitudeDegrees>37.708417</LongitudeDegrees></Position><DistanceMeters>7404.8</DistanceMeters></Trackpoint><Trackpoint><Time>2026-01-01T17:44:27Z</Time><Position><LatitudeDegrees>55.946692</LatitudeDegrees><LongitudeDegrees>37.708414</LongitudeDegrees></Position><DistanceMeters>7410.0</DistanceMeters></Trackpoint><Trackpoint><Time>2026-01-01T17:44:29Z</Time><Position><LatitudeDegrees>55.946637</LatitudeDegrees><LongitudeDegrees>37.708410</LongitudeDegrees></Position><DistanceMeters>7416.1</DistanceMeters></Trackpoint><Trackpoint><Time>2026-01-01T17:44:31Z</Time><Position><LatitudeDegrees>55.946590</LatitudeDegrees><LongitudeDegrees>37.708407</LongitudeDegrees></Position><DistanceMeters>7421.3</DistanceMeters></Trackpoint><Trackpoint><Time>2026-01-01T17:44:33Z</Time><Position><LatitudeDegrees>55.946545</LatitudeDegrees><LongitudeDegrees>37.708403</LongitudeDegrees></Position><DistanceMeters>7426.4</DistanceMeters></Trackpoint><Trackpoint><Time>2026-01-01T17:44:35Z</Time><Position><LatitudeDegrees>55.946491</LatitudeDegrees><LongitudeDegrees>37.708394</LongitudeDegrees></Position><DistanceMeters>7432.5</DistanceMeters></Trackpoint><Trackpoint><Time>2026-01-01T17:44:39Z</Time><Position><LatitudeDegrees>55.946409</LatitudeDegrees><LongitudeDegrees>37.708371</LongitudeDegrees></Position><DistanceMeters>7441.7</DistanceMeters></Trackpoint><Trackpoint><Time>2026-01-01T17:44:41Z</Time><Position><LatitudeDegrees>55.946346</LatitudeDegrees><LongitudeDegrees>37.708362</LongitudeDegrees></Position><DistanceMeters>7448.6</DistanceMeters></Trackpoint><Trackpoint><Time>2026-01-01T17:44:44Z</Time><Position><LatitudeDegrees>55.946276</LatitudeDegrees><LongitudeDegrees>37.708359</LongitudeDegrees></Position><DistanceMeters>7456.5</DistanceMeters></Trackpoint><Trackpoint><Time>2026-01-01T17:44:46Z</Time><Position><LatitudeDegrees>55.946212</LatitudeDegrees><LongitudeDegrees>37.708361</LongitudeDegrees></Position><DistanceMeters>7463.6</DistanceMeters></Trackpoint><Trackpoint><Time>2026-01-01T17:44:48Z</Time><Position><LatitudeDegrees>55.946164</LatitudeDegrees><LongitudeDegrees>37.708363</LongitudeDegrees></Position><DistanceMeters>7469.0</DistanceMeters></Trackpoint><Trackpoint><Time>2026-01-01T17:44:51Z</Time><Position><LatitudeDegrees>55.946107</LatitudeDegrees><LongitudeDegrees>37.708366</LongitudeDegrees></Position><DistanceMeters>7475.3</DistanceMeters></Trackpoint><Trackpoint><Time>2026-01-01T17:44:53Z</Time><Position><LatitudeDegrees>55.946053</LatitudeDegrees><LongitudeDegrees>37.708367</LongitudeDegrees></Position><DistanceMeters>7481.3</DistanceMeters></Trackpoint><Trackpoint><Time>2026-01-01T17:44:55Z</Time><Position><LatitudeDegrees>55.946007</LatitudeDegrees><LongitudeDegrees>37.708367</LongitudeDegrees></Position><DistanceMeters>7486.3</DistanceMeters></Trackpoint><Trackpoint><Time>2026-01-01T17:44:57Z</Time><Position><LatitudeDegrees>55.945959</LatitudeDegrees><LongitudeDegrees>37.708362</LongitudeDegrees></Position><DistanceMeters>7491.7</DistanceMeters></Trackpoint><Trackpoint><Time>2026-01-01T17:44:59Z</Time><Position><LatitudeDegrees>55.945908</LatitudeDegrees><LongitudeDegrees>37.708356</LongitudeDegrees></Position><DistanceMeters>7497.4</DistanceMeters></Trackpoint><Trackpoint><Time>2026-01-01T17:45:01Z</Time><Position><LatitudeDegrees>55.945854</LatitudeDegrees><LongitudeDegrees>37.708351</LongitudeDegrees></Position><DistanceMeters>7503.4</DistanceMeters></Trackpoint><Trackpoint><Time>2026-01-01T17:45:03Z</Time><Position><LatitudeDegrees>55.945808</LatitudeDegrees><LongitudeDegrees>37.708349</LongitudeDegrees></Position><DistanceMeters>7508.5</DistanceMeters></Trackpoint><Trackpoint><Time>2026-01-01T17:45:05Z</Time><Position><LatitudeDegrees>55.945753</LatitudeDegrees><LongitudeDegrees>37.708347</LongitudeDegrees></Position><DistanceMeters>7514.6</DistanceMeters></Trackpoint><Trackpoint><Time>2026-01-01T17:45:07Z</Time><Position><LatitudeDegrees>55.945706</LatitudeDegrees><LongitudeDegrees>37.708345</LongitudeDegrees></Position><DistanceMeters>7519.9</DistanceMeters></Trackpoint><Trackpoint><Time>2026-01-01T17:45:09Z</Time><Position><LatitudeDegrees>55.945659</LatitudeDegrees><LongitudeDegrees>37.708343</LongitudeDegrees></Position><DistanceMeters>7525.1</DistanceMeters></Trackpoint><Trackpoint><Time>2026-01-01T17:45:10Z</Time><Position><LatitudeDegrees>55.945611</LatitudeDegrees><LongitudeDegrees>37.708342</LongitudeDegrees></Position><DistanceMeters>7530.5</DistanceMeters></Trackpoint><Trackpoint><Time>2026-01-01T17:45:13Z</Time><Position><LatitudeDegrees>55.945557</LatitudeDegrees><LongitudeDegrees>37.708341</LongitudeDegrees></Position><DistanceMeters>7536.5</DistanceMeters></Trackpoint><Trackpoint><Time>2026-01-01T17:45:15Z</Time><Position><LatitudeDegrees>55.945499</LatitudeDegrees><LongitudeDegrees>37.708342</LongitudeDegrees></Position><DistanceMeters>7542.9</DistanceMeters></Trackpoint><Trackpoint><Time>2026-01-01T17:45:17Z</Time><Position><LatitudeDegrees>55.945443</LatitudeDegrees><LongitudeDegrees>37.708342</LongitudeDegrees></Position><DistanceMeters>7549.1</DistanceMeters></Trackpoint><Trackpoint><Time>2026-01-01T17:45:20Z</Time><Position><LatitudeDegrees>55.945384</LatitudeDegrees><LongitudeDegrees>37.708342</LongitudeDegrees></Position><DistanceMeters>7555.7</DistanceMeters></Trackpoint><Trackpoint><Time>2026-01-01T17:45:22Z</Time><Position><LatitudeDegrees>55.945328</LatitudeDegrees><LongitudeDegrees>37.708341</LongitudeDegrees></Position><DistanceMeters>7561.9</DistanceMeters></Trackpoint><Trackpoint><Time>2026-01-01T17:45:24Z</Time><Position><LatitudeDegrees>55.945269</LatitudeDegrees><LongitudeDegrees>37.708341</LongitudeDegrees></Position><DistanceMeters>7568.5</DistanceMeters></Trackpoint><Trackpoint><Time>2026-01-01T17:45:26Z</Time><Position><LatitudeDegrees>55.945217</LatitudeDegrees><LongitudeDegrees>37.708344</LongitudeDegrees></Position><DistanceMeters>7574.2</DistanceMeters></Trackpoint><Trackpoint><Time>2026-01-01T17:45:29Z</Time><Position><LatitudeDegrees>55.945155</LatitudeDegrees><LongitudeDegrees>37.708349</LongitudeDegrees></Position><DistanceMeters>7581.1</DistanceMeters></Trackpoint><Trackpoint><Time>2026-01-01T17:45:31Z</Time><Position><LatitudeDegrees>55.945102</LatitudeDegrees><LongitudeDegrees>37.708355</LongitudeDegrees></Position><DistanceMeters>7587.1</DistanceMeters></Trackpoint><Trackpoint><Time>2026-01-01T17:45:33Z</Time><Position><LatitudeDegrees>55.945047</LatitudeDegrees><LongitudeDegrees>37.708360</LongitudeDegrees></Position><DistanceMeters>7593.2</DistanceMeters></Trackpoint><Trackpoint><Time>2026-01-01T17:45:35Z</Time><Position><LatitudeDegrees>55.944990</LatitudeDegrees><LongitudeDegrees>37.708363</LongitudeDegrees></Position><DistanceMeters>7599.5</DistanceMeters></Trackpoint><Trackpoint><Time>2026-01-01T17:45:38Z</Time><Position><LatitudeDegrees>55.944930</LatitudeDegrees><LongitudeDegrees>37.708366</LongitudeDegrees></Position><DistanceMeters>7606.2</DistanceMeters></Trackpoint><Trackpoint><Time>2026-01-01T17:45:40Z</Time><Position><LatitudeDegrees>55.944878</LatitudeDegrees><LongitudeDegrees>37.708367</LongitudeDegrees></Position><DistanceMeters>7611.9</DistanceMeters></Trackpoint><Trackpoint><Time>2026-01-01T17:45:42Z</Time><Position><LatitudeDegrees>55.944824</LatitudeDegrees><LongitudeDegrees>37.708368</LongitudeDegrees></Position><DistanceMeters>7618.0</DistanceMeters></Trackpoint><Trackpoint><Time>2026-01-01T17:45:44Z</Time><Position><LatitudeDegrees>55.944767</LatitudeDegrees><LongitudeDegrees>37.708365</LongitudeDegrees></Position><DistanceMeters>7624.3</DistanceMeters></Trackpoint><Trackpoint><Time>2026-01-01T17:45:47Z</Time><Position><LatitudeDegrees>55.944707</LatitudeDegrees><LongitudeDegrees>37.708361</LongitudeDegrees></Position><DistanceMeters>7631.0</DistanceMeters></Trackpoint><Trackpoint><Time>2026-01-01T17:45:49Z</Time><Position><LatitudeDegrees>55.944657</LatitudeDegrees><LongitudeDegrees>37.708357</LongitudeDegrees></Position><DistanceMeters>7636.5</DistanceMeters></Trackpoint><Trackpoint><Time>2026-01-01T17:45:51Z</Time><Position><LatitudeDegrees>55.944606</LatitudeDegrees><LongitudeDegrees>37.708350</LongitudeDegrees></Position><DistanceMeters>7642.2</DistanceMeters></Trackpoint><Trackpoint><Time>2026-01-01T17:45:53Z</Time><Position><LatitudeDegrees>55.944553</LatitudeDegrees><LongitudeDegrees>37.708342</LongitudeDegrees></Position><DistanceMeters>7648.2</DistanceMeters></Trackpoint><Trackpoint><Time>2026-01-01T17:45:55Z</Time><Position><LatitudeDegrees>55.944506</LatitudeDegrees><LongitudeDegrees>37.708335</LongitudeDegrees></Position><DistanceMeters>7653.4</DistanceMeters></Trackpoint><Trackpoint><Time>2026-01-01T17:45:57Z</Time><Position><LatitudeDegrees>55.944449</LatitudeDegrees><LongitudeDegrees>37.708328</LongitudeDegrees></Position><DistanceMeters>7659.7</DistanceMeters></Trackpoint><Trackpoint><Time>2026-01-01T17:45:59Z</Time><Position><LatitudeDegrees>55.944398</LatitudeDegrees><LongitudeDegrees>37.708323</LongitudeDegrees></Position><DistanceMeters>7665.4</DistanceMeters></Trackpoint><Trackpoint><Time>2026-01-01T17:46:01Z</Time><Position><LatitudeDegrees>55.944348</LatitudeDegrees><LongitudeDegrees>37.708318</LongitudeDegrees></Position><DistanceMeters>7671.0</DistanceMeters></Trackpoint><Trackpoint><Time>2026-01-01T17:46:04Z</Time><Position><LatitudeDegrees>55.944283</LatitudeDegrees><LongitudeDegrees>37.708312</LongitudeDegrees></Position><DistanceMeters>7678.3</DistanceMeters></Trackpoint><Trackpoint><Time>2026-01-01T17:46:07Z</Time><Position><LatitudeDegrees>55.944211</LatitudeDegrees><LongitudeDegrees>37.708306</LongitudeDegrees></Position><DistanceMeters>7686.3</DistanceMeters></Trackpoint><Trackpoint><Time>2026-01-01T17:46:10Z</Time><Position><LatitudeDegrees>55.944127</LatitudeDegrees><LongitudeDegrees>37.708296</LongitudeDegrees></Position><DistanceMeters>7695.6</DistanceMeters></Trackpoint><Trackpoint><Time>2026-01-01T17:46:12Z</Time><Position><LatitudeDegrees>55.944069</LatitudeDegrees><LongitudeDegrees>37.708293</LongitudeDegrees></Position><DistanceMeters>7702.0</DistanceMeters></Trackpoint><Trackpoint><Time>2026-01-01T17:46:14Z</Time><Position><LatitudeDegrees>55.944020</LatitudeDegrees><LongitudeDegrees>37.708293</LongitudeDegrees></Position><DistanceMeters>7707.6</DistanceMeters></Trackpoint><Trackpoint><Time>2026-01-01T17:46:16Z</Time><Position><LatitudeDegrees>55.943973</LatitudeDegrees><LongitudeDegrees>37.708292</LongitudeDegrees></Position><DistanceMeters>7712.7</DistanceMeters></Trackpoint><Trackpoint><Time>2026-01-01T17:46:18Z</Time><Position><LatitudeDegrees>55.943925</LatitudeDegrees><LongitudeDegrees>37.708289</LongitudeDegrees></Position><DistanceMeters>7718.1</DistanceMeters></Trackpoint><Trackpoint><Time>2026-01-01T17:46:21Z</Time><Position><LatitudeDegrees>55.943863</LatitudeDegrees><LongitudeDegrees>37.708282</LongitudeDegrees></Position><DistanceMeters>7725.1</DistanceMeters></Trackpoint><Trackpoint><Time>2026-01-01T17:46:23Z</Time><Position><LatitudeDegrees>55.943812</LatitudeDegrees><LongitudeDegrees>37.708278</LongitudeDegrees></Position><DistanceMeters>7730.6</DistanceMeters></Trackpoint><Trackpoint><Time>2026-01-01T17:46:25Z</Time><Position><LatitudeDegrees>55.943759</LatitudeDegrees><LongitudeDegrees>37.708274</LongitudeDegrees></Position><DistanceMeters>7736.5</DistanceMeters></Trackpoint><Trackpoint><Time>2026-01-01T17:46:27Z</Time><Position><LatitudeDegrees>55.943695</LatitudeDegrees><LongitudeDegrees>37.708273</LongitudeDegrees></Position><DistanceMeters>7743.7</DistanceMeters></Trackpoint><Trackpoint><Time>2026-01-01T17:46:29Z</Time><Position><LatitudeDegrees>55.943641</LatitudeDegrees><LongitudeDegrees>37.708274</LongitudeDegrees></Position><DistanceMeters>7749.7</DistanceMeters></Trackpoint><Trackpoint><Time>2026-01-01T17:46:31Z</Time><Position><LatitudeDegrees>55.943595</LatitudeDegrees><LongitudeDegrees>37.708277</LongitudeDegrees></Position><DistanceMeters>7754.8</DistanceMeters></Trackpoint><Trackpoint><Time>2026-01-01T17:46:33Z</Time><Position><LatitudeDegrees>55.943548</LatitudeDegrees><LongitudeDegrees>37.708282</LongitudeDegrees></Position><DistanceMeters>7760.0</DistanceMeters></Trackpoint><Trackpoint><Time>2026-01-01T17:46:35Z</Time><Position><LatitudeDegrees>55.943499</LatitudeDegrees><LongitudeDegrees>37.708287</LongitudeDegrees></Position><DistanceMeters>7765.5</DistanceMeters></Trackpoint><Trackpoint><Time>2026-01-01T17:46:37Z</Time><Position><LatitudeDegrees>55.943448</LatitudeDegrees><LongitudeDegrees>37.708292</LongitudeDegrees></Position><DistanceMeters>7771.2</DistanceMeters></Trackpoint><Trackpoint><Time>2026-01-01T17:46:39Z</Time><Position><LatitudeDegrees>55.943401</LatitudeDegrees><LongitudeDegrees>37.708299</LongitudeDegrees></Position><DistanceMeters>7776.4</DistanceMeters></Trackpoint><Trackpoint><Time>2026-01-01T17:46:42Z</Time><Position><LatitudeDegrees>55.943333</LatitudeDegrees><LongitudeDegrees>37.708318</LongitudeDegrees></Position><DistanceMeters>7784.1</DistanceMeters></Trackpoint><Trackpoint><Time>2026-01-01T17:46:44Z</Time><Position><LatitudeDegrees>55.943275</LatitudeDegrees><LongitudeDegrees>37.708328</LongitudeDegrees></Position><DistanceMeters>7790.6</DistanceMeters></Trackpoint><Trackpoint><Time>2026-01-01T17:46:46Z</Time><Position><LatitudeDegrees>55.943218</LatitudeDegrees><LongitudeDegrees>37.708323</LongitudeDegrees></Position><DistanceMeters>7797.0</DistanceMeters></Trackpoint><Trackpoint><Time>2026-01-01T17:46:50Z</Time><Position><LatitudeDegrees>55.943135</LatitudeDegrees><LongitudeDegrees>37.708318</LongitudeDegrees></Position><DistanceMeters>7806.2</DistanceMeters></Trackpoint><Trackpoint><Time>2026-01-01T17:46:52Z</Time><Position><LatitudeDegrees>55.943074</LatitudeDegrees><LongitudeDegrees>37.708322</LongitudeDegrees></Position><DistanceMeters>7812.9</DistanceMeters></Trackpoint><Trackpoint><Time>2026-01-01T17:46:54Z</Time><Position><LatitudeDegrees>55.943029</LatitudeDegrees><LongitudeDegrees>37.708317</LongitudeDegrees></Position><DistanceMeters>7818.0</DistanceMeters></Trackpoint><Trackpoint><Time>2026-01-01T17:46:56Z</Time><Position><LatitudeDegrees>55.942984</LatitudeDegrees><LongitudeDegrees>37.708303</LongitudeDegrees></Position><DistanceMeters>7823.0</DistanceMeters></Trackpoint><Trackpoint><Time>2026-01-01T17:46:58Z</Time><Position><LatitudeDegrees>55.942924</LatitudeDegrees><LongitudeDegrees>37.708272</LongitudeDegrees></Position><DistanceMeters>7830.0</DistanceMeters></Trackpoint><Trackpoint><Time>2026-01-01T17:47:01Z</Time><Position><LatitudeDegrees>55.942874</LatitudeDegrees><LongitudeDegrees>37.708230</LongitudeDegrees></Position><DistanceMeters>7836.2</DistanceMeters></Trackpoint><Trackpoint><Time>2026-01-01T17:47:03Z</Time><Position><LatitudeDegrees>55.942806</LatitudeDegrees><LongitudeDegrees>37.708232</LongitudeDegrees></Position><DistanceMeters>7843.8</DistanceMeters></Trackpoint><Trackpoint><Time>2026-01-01T17:47:06Z</Time><Position><LatitudeDegrees>55.942748</LatitudeDegrees><LongitudeDegrees>37.708236</LongitudeDegrees></Position><DistanceMeters>7850.2</DistanceMeters></Trackpoint><Trackpoint><Time>2026-01-01T17:47:08Z</Time><Position><LatitudeDegrees>55.942699</LatitudeDegrees><LongitudeDegrees>37.708241</LongitudeDegrees></Position><DistanceMeters>7855.6</DistanceMeters></Trackpoint><Trackpoint><Time>2026-01-01T17:47:10Z</Time><Position><LatitudeDegrees>55.942645</LatitudeDegrees><LongitudeDegrees>37.708247</LongitudeDegrees></Position><DistanceMeters>7861.7</DistanceMeters></Trackpoint><Trackpoint><Time>2026-01-01T17:47:12Z</Time><Position><LatitudeDegrees>55.942584</LatitudeDegrees><LongitudeDegrees>37.708256</LongitudeDegrees></Position><DistanceMeters>7868.5</DistanceMeters></Trackpoint><Trackpoint><Time>2026-01-01T17:47:14Z</Time><Position><LatitudeDegrees>55.942528</LatitudeDegrees><LongitudeDegrees>37.708264</LongitudeDegrees></Position><DistanceMeters>7874.7</DistanceMeters></Trackpoint><Trackpoint><Time>2026-01-01T17:47:17Z</Time><Position><LatitudeDegrees>55.942473</LatitudeDegrees><LongitudeDegrees>37.708271</LongitudeDegrees></Position><DistanceMeters>7880.9</DistanceMeters></Trackpoint><Trackpoint><Time>2026-01-01T17:47:19Z</Time><Position><LatitudeDegrees>55.942419</LatitudeDegrees><LongitudeDegrees>37.708277</LongitudeDegrees></Position><DistanceMeters>7886.9</DistanceMeters></Trackpoint><Trackpoint><Time>2026-01-01T17:47:21Z</Time><Position><LatitudeDegrees>55.942355</LatitudeDegrees><LongitudeDegrees>37.708283</LongitudeDegrees></Position><DistanceMeters>7894.0</DistanceMeters></Trackpoint><Trackpoint><Time>2026-01-01T17:47:24Z</Time><Position><LatitudeDegrees>55.942299</LatitudeDegrees><LongitudeDegrees>37.708287</LongitudeDegrees></Position><DistanceMeters>7900.2</DistanceMeters></Trackpoint><Trackpoint><Time>2026-01-01T17:47:26Z</Time><Position><LatitudeDegrees>55.942236</LatitudeDegrees><LongitudeDegrees>37.708294</LongitudeDegrees></Position><DistanceMeters>7907.3</DistanceMeters></Trackpoint><Trackpoint><Time>2026-01-01T17:47:28Z</Time><Position><LatitudeDegrees>55.942183</LatitudeDegrees><LongitudeDegrees>37.708302</LongitudeDegrees></Position><DistanceMeters>7913.2</DistanceMeters></Trackpoint><Trackpoint><Time>2026-01-01T17:47:31Z</Time><Position><LatitudeDegrees>55.942122</LatitudeDegrees><LongitudeDegrees>37.708312</LongitudeDegrees></Position><DistanceMeters>7920.0</DistanceMeters></Trackpoint><Trackpoint><Time>2026-01-01T17:47:33Z</Time><Position><LatitudeDegrees>55.942071</LatitudeDegrees><LongitudeDegrees>37.708321</LongitudeDegrees></Position><DistanceMeters>7925.7</DistanceMeters></Trackpoint><Trackpoint><Time>2026-01-01T17:47:35Z</Time><Position><LatitudeDegrees>55.942013</LatitudeDegrees><LongitudeDegrees>37.708329</LongitudeDegrees></Position><DistanceMeters>7932.1</DistanceMeters></Trackpoint><Trackpoint><Time>2026-01-01T17:47:37Z</Time><Position><LatitudeDegrees>55.941966</LatitudeDegrees><LongitudeDegrees>37.708334</LongitudeDegrees></Position><DistanceMeters>7937.4</DistanceMeters></Trackpoint><Trackpoint><Time>2026-01-01T17:47:39Z</Time><Position><LatitudeDegrees>55.941912</LatitudeDegrees><LongitudeDegrees>37.708335</LongitudeDegrees></Position><DistanceMeters>7943.4</DistanceMeters></Trackpoint><Trackpoint><Time>2026-01-01T17:47:41Z</Time><Position><LatitudeDegrees>55.941866</LatitudeDegrees><LongitudeDegrees>37.708333</LongitudeDegrees></Position><DistanceMeters>7948.5</DistanceMeters></Trackpoint><Trackpoint><Time>2026-01-01T17:47:43Z</Time><Position><LatitudeDegrees>55.941811</LatitudeDegrees><LongitudeDegrees>37.708327</LongitudeDegrees></Position><DistanceMeters>7954.6</DistanceMeters></Trackpoint><Trackpoint><Time>2026-01-01T17:47:45Z</Time><Position><LatitudeDegrees>55.941766</LatitudeDegrees><LongitudeDegrees>37.708318</LongitudeDegrees></Position><DistanceMeters>7959.7</DistanceMeters></Trackpoint><Trackpoint><Time>2026-01-01T17:47:48Z</Time><Position><LatitudeDegrees>55.941703</LatitudeDegrees><LongitudeDegrees>37.708303</LongitudeDegrees></Position><DistanceMeters>7966.7</DistanceMeters></Trackpoint><Trackpoint><Time>2026-01-01T17:47:50Z</Time><Position><LatitudeDegrees>55.941635</LatitudeDegrees><LongitudeDegrees>37.708292</LongitudeDegrees></Position><DistanceMeters>7974.3</DistanceMeters></Trackpoint><Trackpoint><Time>2026-01-01T17:47:53Z</Time><Position><LatitudeDegrees>55.941578</LatitudeDegrees><LongitudeDegrees>37.708285</LongitudeDegrees></Position><DistanceMeters>7980.7</DistanceMeters></Trackpoint><Trackpoint><Time>2026-01-01T17:47:55Z</Time><Position><LatitudeDegrees>55.941518</LatitudeDegrees><LongitudeDegrees>37.708291</LongitudeDegrees></Position><DistanceMeters>7987.4</DistanceMeters></Trackpoint><Trackpoint><Time>2026-01-01T17:47:57Z</Time><Position><LatitudeDegrees>55.941456</LatitudeDegrees><LongitudeDegrees>37.708291</LongitudeDegrees></Position><DistanceMeters>7994.3</DistanceMeters></Trackpoint><Trackpoint><Time>2026-01-01T17:48:00Z</Time><Position><LatitudeDegrees>55.941399</LatitudeDegrees><LongitudeDegrees>37.708288</LongitudeDegrees></Position><DistanceMeters>8000.6</DistanceMeters></Trackpoint><Trackpoint><Time>2026-01-01T17:48:02Z</Time><Position><LatitudeDegrees>55.941341</LatitudeDegrees><LongitudeDegrees>37.708290</LongitudeDegrees></Position><DistanceMeters>8007.1</DistanceMeters></Trackpoint><Trackpoint><Time>2026-01-01T17:48:04Z</Time><Position><LatitudeDegrees>55.941291</LatitudeDegrees><LongitudeDegrees>37.708290</LongitudeDegrees></Position><DistanceMeters>8012.6</DistanceMeters></Trackpoint><Trackpoint><Time>2026-01-01T17:48:06Z</Time><Position><LatitudeDegrees>55.941244</LatitudeDegrees><LongitudeDegrees>37.708286</LongitudeDegrees></Position><DistanceMeters>8017.8</DistanceMeters></Trackpoint><Trackpoint><Time>2026-01-01T17:48:08Z</Time><Position><LatitudeDegrees>55.941199</LatitudeDegrees><LongitudeDegrees>37.708283</LongitudeDegrees></Position><DistanceMeters>8022.9</DistanceMeters></Trackpoint><Trackpoint><Time>2026-01-01T17:48:10Z</Time><Position><LatitudeDegrees>55.941151</LatitudeDegrees><LongitudeDegrees>37.708271</LongitudeDegrees></Position><DistanceMeters>8028.3</DistanceMeters></Trackpoint><Trackpoint><Time>2026-01-01T17:48:12Z</Time><Position><LatitudeDegrees>55.941085</LatitudeDegrees><LongitudeDegrees>37.708250</LongitudeDegrees></Position><DistanceMeters>8035.7</DistanceMeters></Trackpoint><Trackpoint><Time>2026-01-01T17:48:15Z</Time><Position><LatitudeDegrees>55.941018</LatitudeDegrees><LongitudeDegrees>37.708240</LongitudeDegrees></Position><DistanceMeters>8043.2</DistanceMeters></Trackpoint><Trackpoint><Time>2026-01-01T17:48:17Z</Time><Position><LatitudeDegrees>55.940967</LatitudeDegrees><LongitudeDegrees>37.708245</LongitudeDegrees></Position><DistanceMeters>8048.9</DistanceMeters></Trackpoint><Trackpoint><Time>2026-01-01T17:48:19Z</Time><Position><LatitudeDegrees>55.940911</LatitudeDegrees><LongitudeDegrees>37.708258</LongitudeDegrees></Position><DistanceMeters>8055.1</DistanceMeters></Trackpoint><Trackpoint><Time>2026-01-01T17:48:22Z</Time><Position><LatitudeDegrees>55.940854</LatitudeDegrees><LongitudeDegrees>37.708268</LongitudeDegrees></Position><DistanceMeters>8061.5</DistanceMeters></Trackpoint><Trackpoint><Time>2026-01-01T17:48:24Z</Time><Position><LatitudeDegrees>55.940801</LatitudeDegrees><LongitudeDegrees>37.708263</LongitudeDegrees></Position><DistanceMeters>8067.4</DistanceMeters></Trackpoint><Trackpoint><Time>2026-01-01T17:48:26Z</Time><Position><LatitudeDegrees>55.940745</LatitudeDegrees><LongitudeDegrees>37.708258</LongitudeDegrees></Position><DistanceMeters>8073.6</DistanceMeters></Trackpoint><Trackpoint><Time>2026-01-01T17:48:28Z</Time><Position><LatitudeDegrees>55.940691</LatitudeDegrees><LongitudeDegrees>37.708254</LongitudeDegrees></Position><DistanceMeters>8079.7</DistanceMeters></Trackpoint><Trackpoint><Time>2026-01-01T17:48:30Z</Time><Position><LatitudeDegrees>55.940635</LatitudeDegrees><LongitudeDegrees>37.708254</LongitudeDegrees></Position><DistanceMeters>8085.9</DistanceMeters></Trackpoint><Trackpoint><Time>2026-01-01T17:48:32Z</Time><Position><LatitudeDegrees>55.940585</LatitudeDegrees><LongitudeDegrees>37.708254</LongitudeDegrees></Position><DistanceMeters>8091.4</DistanceMeters></Trackpoint><Trackpoint><Time>2026-01-01T17:48:35Z</Time><Position><LatitudeDegrees>55.940529</LatitudeDegrees><LongitudeDegrees>37.708257</LongitudeDegrees></Position><DistanceMeters>8097.7</DistanceMeters></Trackpoint><Trackpoint><Time>2026-01-01T17:48:37Z</Time><Position><LatitudeDegrees>55.940475</LatitudeDegrees><LongitudeDegrees>37.708263</LongitudeDegrees></Position><DistanceMeters>8103.7</DistanceMeters></Trackpoint><Trackpoint><Time>2026-01-01T17:48:39Z</Time><Position><LatitudeDegrees>55.940412</LatitudeDegrees><LongitudeDegrees>37.708259</LongitudeDegrees></Position><DistanceMeters>8110.8</DistanceMeters></Trackpoint><Trackpoint><Time>2026-01-01T17:48:42Z</Time><Position><LatitudeDegrees>55.940351</LatitudeDegrees><LongitudeDegrees>37.708257</LongitudeDegrees></Position><DistanceMeters>8117.6</DistanceMeters></Trackpoint><Trackpoint><Time>2026-01-01T17:48:44Z</Time><Position><LatitudeDegrees>55.940286</LatitudeDegrees><LongitudeDegrees>37.708263</LongitudeDegrees></Position><DistanceMeters>8124.7</DistanceMeters></Trackpoint><Trackpoint><Time>2026-01-01T17:48:47Z</Time><Position><LatitudeDegrees>55.940230</LatitudeDegrees><LongitudeDegrees>37.708279</LongitudeDegrees></Position><DistanceMeters>8131.0</DistanceMeters></Trackpoint><Trackpoint><Time>2026-01-01T17:48:49Z</Time><Position><LatitudeDegrees>55.940162</LatitudeDegrees><LongitudeDegrees>37.708278</LongitudeDegrees></Position><DistanceMeters>8138.8</DistanceMeters></Trackpoint><Trackpoint><Time>2026-01-01T17:48:51Z</Time><Position><LatitudeDegrees>55.940112</LatitudeDegrees><LongitudeDegrees>37.708276</LongitudeDegrees></Position><DistanceMeters>8144.3</DistanceMeters></Trackpoint><Trackpoint><Time>2026-01-01T17:48:54Z</Time><Position><LatitudeDegrees>55.940055</LatitudeDegrees><LongitudeDegrees>37.708274</LongitudeDegrees></Position><DistanceMeters>8150.7</DistanceMeters></Trackpoint><Trackpoint><Time>2026-01-01T17:48:56Z</Time><Position><LatitudeDegrees>55.940001</LatitudeDegrees><LongitudeDegrees>37.708267</LongitudeDegrees></Position><DistanceMeters>8156.7</DistanceMeters></Trackpoint><Trackpoint><Time>2026-01-01T17:48:58Z</Time><Position><LatitudeDegrees>55.939946</LatitudeDegrees><LongitudeDegrees>37.708262</LongitudeDegrees></Position><DistanceMeters>8162.9</DistanceMeters></Trackpoint><Trackpoint><Time>2026-01-01T17:49:00Z</Time><Position><LatitudeDegrees>55.939893</LatitudeDegrees><LongitudeDegrees>37.708258</LongitudeDegrees></Position><DistanceMeters>8168.7</DistanceMeters></Trackpoint><Trackpoint><Time>2026-01-01T17:49:02Z</Time><Position><LatitudeDegrees>55.939841</LatitudeDegrees><LongitudeDegrees>37.708251</LongitudeDegrees></Position><DistanceMeters>8174.6</DistanceMeters></Trackpoint><Trackpoint><Time>2026-01-01T17:49:04Z</Time><Position><LatitudeDegrees>55.939793</LatitudeDegrees><LongitudeDegrees>37.708242</LongitudeDegrees></Position><DistanceMeters>8179.9</DistanceMeters></Trackpoint><Trackpoint><Time>2026-01-01T17:49:06Z</Time><Position><LatitudeDegrees>55.939743</LatitudeDegrees><LongitudeDegrees>37.708230</LongitudeDegrees></Position><DistanceMeters>8185.6</DistanceMeters></Trackpoint><Trackpoint><Time>2026-01-01T17:49:08Z</Time><Position><LatitudeDegrees>55.939689</LatitudeDegrees><LongitudeDegrees>37.708227</LongitudeDegrees></Position><DistanceMeters>8191.6</DistanceMeters></Trackpoint><Trackpoint><Time>2026-01-01T17:49:10Z</Time><Position><LatitudeDegrees>55.939641</LatitudeDegrees><LongitudeDegrees>37.708225</LongitudeDegrees></Position><DistanceMeters>8196.8</DistanceMeters></Trackpoint><Trackpoint><Time>2026-01-01T17:49:12Z</Time><Position><LatitudeDegrees>55.939593</LatitudeDegrees><LongitudeDegrees>37.708218</LongitudeDegrees></Position><DistanceMeters>8202.2</DistanceMeters></Trackpoint><Trackpoint><Time>2026-01-01T17:49:15Z</Time><Position><LatitudeDegrees>55.939536</LatitudeDegrees><LongitudeDegrees>37.708219</LongitudeDegrees></Position><DistanceMeters>8208.6</DistanceMeters></Trackpoint><Trackpoint><Time>2026-01-01T17:49:17Z</Time><Position><LatitudeDegrees>55.939483</LatitudeDegrees><LongitudeDegrees>37.708229</LongitudeDegrees></Position><DistanceMeters>8214.5</DistanceMeters></Trackpoint><Trackpoint><Time>2026-01-01T17:49:19Z</Time><Position><LatitudeDegrees>55.939423</LatitudeDegrees><LongitudeDegrees>37.708239</LongitudeDegrees></Position><DistanceMeters>8221.2</DistanceMeters></Trackpoint><Trackpoint><Time>2026-01-01T17:49:21Z</Time><Position><LatitudeDegrees>55.939369</LatitudeDegrees><LongitudeDegrees>37.708235</LongitudeDegrees></Position><DistanceMeters>8227.2</DistanceMeters></Trackpoint><Trackpoint><Time>2026-01-01T17:49:24Z</Time><Position><LatitudeDegrees>55.939310</LatitudeDegrees><LongitudeDegrees>37.708223</LongitudeDegrees></Position><DistanceMeters>8233.7</DistanceMeters></Trackpoint><Trackpoint><Time>2026-01-01T17:49:26Z</Time><Position><LatitudeDegrees>55.939258</LatitudeDegrees><LongitudeDegrees>37.708213</LongitudeDegrees></Position><DistanceMeters>8239.6</DistanceMeters></Trackpoint><Trackpoint><Time>2026-01-01T17:49:28Z</Time><Position><LatitudeDegrees>55.939200</LatitudeDegrees><LongitudeDegrees>37.708203</LongitudeDegrees></Position><DistanceMeters>8246.1</DistanceMeters></Trackpoint><Trackpoint><Time>2026-01-01T17:49:30Z</Time><Position><LatitudeDegrees>55.939152</LatitudeDegrees><LongitudeDegrees>37.708191</LongitudeDegrees></Position><DistanceMeters>8251.4</DistanceMeters></Trackpoint><Trackpoint><Time>2026-01-01T17:49:32Z</Time><Position><LatitudeDegrees>55.939099</LatitudeDegrees><LongitudeDegrees>37.708189</LongitudeDegrees></Position><DistanceMeters>8257.3</DistanceMeters></Trackpoint><Trackpoint><Time>2026-01-01T17:49:34Z</Time><Position><LatitudeDegrees>55.939054</LatitudeDegrees><LongitudeDegrees>37.708191</LongitudeDegrees></Position><DistanceMeters>8262.4</DistanceMeters></Trackpoint><Trackpoint><Time>2026-01-01T17:49:36Z</Time><Position><LatitudeDegrees>55.939006</LatitudeDegrees><LongitudeDegrees>37.708186</LongitudeDegrees></Position><DistanceMeters>8267.7</DistanceMeters></Trackpoint><Trackpoint><Time>2026-01-01T17:49:38Z</Time><Position><LatitudeDegrees>55.938943</LatitudeDegrees><LongitudeDegrees>37.708168</LongitudeDegrees></Position><DistanceMeters>8274.9</DistanceMeters></Trackpoint><Trackpoint><Time>2026-01-01T17:49:41Z</Time><Position><LatitudeDegrees>55.938880</LatitudeDegrees><LongitudeDegrees>37.708144</LongitudeDegrees></Position><DistanceMeters>8282.0</DistanceMeters></Trackpoint><Trackpoint><Time>2026-01-01T17:49:43Z</Time><Position><LatitudeDegrees>55.938830</LatitudeDegrees><LongitudeDegrees>37.708133</LongitudeDegrees></Position><DistanceMeters>8287.6</DistanceMeters></Trackpoint><Trackpoint><Time>2026-01-01T17:49:45Z</Time><Position><LatitudeDegrees>55.938779</LatitudeDegrees><LongitudeDegrees>37.708120</LongitudeDegrees></Position><DistanceMeters>8293.3</DistanceMeters></Trackpoint><Trackpoint><Time>2026-01-01T17:49:47Z</Time><Position><LatitudeDegrees>55.938726</LatitudeDegrees><LongitudeDegrees>37.708109</LongitudeDegrees></Position><DistanceMeters>8299.3</DistanceMeters></Trackpoint><Trackpoint><Time>2026-01-01T17:49:49Z</Time><Position><LatitudeDegrees>55.938670</LatitudeDegrees><LongitudeDegrees>37.708109</LongitudeDegrees></Position><DistanceMeters>8305.4</DistanceMeters></Trackpoint><Trackpoint><Time>2026-01-01T17:49:51Z</Time><Position><LatitudeDegrees>55.938621</LatitudeDegrees><LongitudeDegrees>37.708117</LongitudeDegrees></Position><DistanceMeters>8311.0</DistanceMeters></Trackpoint><Trackpoint><Time>2026-01-01T17:49:53Z</Time><Position><LatitudeDegrees>55.938574</LatitudeDegrees><LongitudeDegrees>37.708128</LongitudeDegrees></Position><DistanceMeters>8316.3</DistanceMeters></Trackpoint><Trackpoint><Time>2026-01-01T17:49:55Z</Time><Position><LatitudeDegrees>55.938526</LatitudeDegrees><LongitudeDegrees>37.708133</LongitudeDegrees></Position><DistanceMeters>8321.6</DistanceMeters></Trackpoint><Trackpoint><Time>2026-01-01T17:49:57Z</Time><Position><LatitudeDegrees>55.938475</LatitudeDegrees><LongitudeDegrees>37.708138</LongitudeDegrees></Position><DistanceMeters>8327.2</DistanceMeters></Trackpoint><Trackpoint><Time>2026-01-01T17:49:59Z</Time><Position><LatitudeDegrees>55.938424</LatitudeDegrees><LongitudeDegrees>37.708146</LongitudeDegrees></Position><DistanceMeters>8333.0</DistanceMeters></Trackpoint><Trackpoint><Time>2026-01-01T17:50:02Z</Time><Position><LatitudeDegrees>55.938370</LatitudeDegrees><LongitudeDegrees>37.708151</LongitudeDegrees></Position><DistanceMeters>8338.9</DistanceMeters></Trackpoint><Trackpoint><Time>2026-01-01T17:50:04Z</Time><Position><LatitudeDegrees>55.938319</LatitudeDegrees><LongitudeDegrees>37.708144</LongitudeDegrees></Position><DistanceMeters>8344.7</DistanceMeters></Trackpoint><Trackpoint><Time>2026-01-01T17:50:06Z</Time><Position><LatitudeDegrees>55.938265</LatitudeDegrees><LongitudeDegrees>37.708127</LongitudeDegrees></Position><DistanceMeters>8350.7</DistanceMeters></Trackpoint><Trackpoint><Time>2026-01-01T17:50:08Z</Time><Position><LatitudeDegrees>55.938219</LatitudeDegrees><LongitudeDegrees>37.708113</LongitudeDegrees></Position><DistanceMeters>8355.9</DistanceMeters></Trackpoint><Trackpoint><Time>2026-01-01T17:50:10Z</Time><Position><LatitudeDegrees>55.938172</LatitudeDegrees><LongitudeDegrees>37.708100</LongitudeDegrees></Position><DistanceMeters>8361.3</DistanceMeters></Trackpoint><Trackpoint><Time>2026-01-01T17:50:12Z</Time><Position><LatitudeDegrees>55.938105</LatitudeDegrees><LongitudeDegrees>37.708094</LongitudeDegrees></Position><DistanceMeters>8368.7</DistanceMeters></Trackpoint><Trackpoint><Time>2026-01-01T17:50:14Z</Time><Position><LatitudeDegrees>55.938054</LatitudeDegrees><LongitudeDegrees>37.708093</LongitudeDegrees></Position><DistanceMeters>8374.4</DistanceMeters></Trackpoint><Trackpoint><Time>2026-01-01T17:50:17Z</Time><Position><LatitudeDegrees>55.937996</LatitudeDegrees><LongitudeDegrees>37.708098</LongitudeDegrees></Position><DistanceMeters>8380.8</DistanceMeters></Trackpoint><Trackpoint><Time>2026-01-01T17:50:19Z</Time><Position><LatitudeDegrees>55.937938</LatitudeDegrees><LongitudeDegrees>37.708110</LongitudeDegrees></Position><DistanceMeters>8387.4</DistanceMeters></Trackpoint><Trackpoint><Time>2026-01-01T17:50:21Z</Time><Position><LatitudeDegrees>55.937885</LatitudeDegrees><LongitudeDegrees>37.708120</LongitudeDegrees></Position><DistanceMeters>8393.2</DistanceMeters></Trackpoint><Trackpoint><Time>2026-01-01T17:50:23Z</Time><Position><LatitudeDegrees>55.937834</LatitudeDegrees><LongitudeDegrees>37.708118</LongitudeDegrees></Position><DistanceMeters>8399.0</DistanceMeters></Trackpoint><Trackpoint><Time>2026-01-01T17:50:25Z</Time><Position><LatitudeDegrees>55.937787</LatitudeDegrees><LongitudeDegrees>37.708107</LongitudeDegrees></Position><DistanceMeters>8404.2</DistanceMeters></Trackpoint><Trackpoint><Time>2026-01-01T17:50:28Z</Time><Position><LatitudeDegrees>55.937724</LatitudeDegrees><LongitudeDegrees>37.708085</LongitudeDegrees></Position><DistanceMeters>8411.4</DistanceMeters></Trackpoint><Trackpoint><Time>2026-01-01T17:50:30Z</Time><Position><LatitudeDegrees>55.937656</LatitudeDegrees><LongitudeDegrees>37.708077</LongitudeDegrees></Position><DistanceMeters>8419.0</DistanceMeters></Trackpoint><Trackpoint><Time>2026-01-01T17:50:32Z</Time><Position><LatitudeDegrees>55.937605</LatitudeDegrees><LongitudeDegrees>37.708087</LongitudeDegrees></Position><DistanceMeters>8424.7</DistanceMeters></Trackpoint><Trackpoint><Time>2026-01-01T17:50:35Z</Time><Position><LatitudeDegrees>55.937549</LatitudeDegrees><LongitudeDegrees>37.708096</LongitudeDegrees></Position><DistanceMeters>8430.9</DistanceMeters></Trackpoint><Trackpoint><Time>2026-01-01T17:50:37Z</Time><Position><LatitudeDegrees>55.937497</LatitudeDegrees><LongitudeDegrees>37.708100</LongitudeDegrees></Position><DistanceMeters>8436.7</DistanceMeters></Trackpoint><Trackpoint><Time>2026-01-01T17:50:39Z</Time><Position><LatitudeDegrees>55.937446</LatitudeDegrees><LongitudeDegrees>37.708103</LongitudeDegrees></Position><DistanceMeters>8442.4</DistanceMeters></Trackpoint><Trackpoint><Time>2026-01-01T17:50:41Z</Time><Position><LatitudeDegrees>55.937397</LatitudeDegrees><LongitudeDegrees>37.708106</LongitudeDegrees></Position><DistanceMeters>8447.8</DistanceMeters></Trackpoint><Trackpoint><Time>2026-01-01T17:50:43Z</Time><Position><LatitudeDegrees>55.937342</LatitudeDegrees><LongitudeDegrees>37.708109</LongitudeDegrees></Position><DistanceMeters>8454.0</DistanceMeters></Trackpoint><Trackpoint><Time>2026-01-01T17:50:45Z</Time><Position><LatitudeDegrees>55.937284</LatitudeDegrees><LongitudeDegrees>37.708113</LongitudeDegrees></Position><DistanceMeters>8460.4</DistanceMeters></Trackpoint><Trackpoint><Time>2026-01-01T17:50:48Z</Time><Position><LatitudeDegrees>55.937224</LatitudeDegrees><LongitudeDegrees>37.708119</LongitudeDegrees></Position><DistanceMeters>8467.1</DistanceMeters></Trackpoint><Trackpoint><Time>2026-01-01T17:50:50Z</Time><Position><LatitudeDegrees>55.937173</LatitudeDegrees><LongitudeDegrees>37.708125</LongitudeDegrees></Position><DistanceMeters>8472.8</DistanceMeters></Trackpoint><Trackpoint><Time>2026-01-01T17:50:52Z</Time><Position><LatitudeDegrees>55.937124</LatitudeDegrees><LongitudeDegrees>37.708129</LongitudeDegrees></Position><DistanceMeters>8478.2</DistanceMeters></Trackpoint><Trackpoint><Time>2026-01-01T17:50:54Z</Time><Position><LatitudeDegrees>55.937063</LatitudeDegrees><LongitudeDegrees>37.708134</LongitudeDegrees></Position><DistanceMeters>8485.0</DistanceMeters></Trackpoint><Trackpoint><Time>2026-01-01T17:50:57Z</Time><Position><LatitudeDegrees>55.936999</LatitudeDegrees><LongitudeDegrees>37.708133</LongitudeDegrees></Position><DistanceMeters>8492.1</DistanceMeters></Trackpoint><Trackpoint><Time>2026-01-01T17:50:59Z</Time><Position><LatitudeDegrees>55.936950</LatitudeDegrees><LongitudeDegrees>37.708136</LongitudeDegrees></Position><DistanceMeters>8497.6</DistanceMeters></Trackpoint><Trackpoint><Time>2026-01-01T17:51:01Z</Time><Position><LatitudeDegrees>55.936903</LatitudeDegrees><LongitudeDegrees>37.708136</LongitudeDegrees></Position><DistanceMeters>8502.8</DistanceMeters></Trackpoint><Trackpoint><Time>2026-01-01T17:51:03Z</Time><Position><LatitudeDegrees>55.936846</LatitudeDegrees><LongitudeDegrees>37.708133</LongitudeDegrees></Position><DistanceMeters>8509.1</DistanceMeters></Trackpoint><Trackpoint><Time>2026-01-01T17:51:05Z</Time><Position><LatitudeDegrees>55.936795</LatitudeDegrees><LongitudeDegrees>37.708139</LongitudeDegrees></Position><DistanceMeters>8514.8</DistanceMeters></Trackpoint><Trackpoint><Time>2026-01-01T17:51:07Z</Time><Position><LatitudeDegrees>55.936737</LatitudeDegrees><LongitudeDegrees>37.708148</LongitudeDegrees></Position><DistanceMeters>8521.3</DistanceMeters></Trackpoint><Trackpoint><Time>2026-01-01T17:51:10Z</Time><Position><LatitudeDegrees>55.936677</LatitudeDegrees><LongitudeDegrees>37.708159</LongitudeDegrees></Position><DistanceMeters>8528.0</DistanceMeters></Trackpoint><Trackpoint><Time>2026-01-01T17:51:12Z</Time><Position><LatitudeDegrees>55.936615</LatitudeDegrees><LongitudeDegrees>37.708170</LongitudeDegrees></Position><DistanceMeters>8534.9</DistanceMeters></Trackpoint><Trackpoint><Time>2026-01-01T17:51:14Z</Time><Position><LatitudeDegrees>55.936558</LatitudeDegrees><LongitudeDegrees>37.708173</LongitudeDegrees></Position><DistanceMeters>8541.3</DistanceMeters></Trackpoint><Trackpoint><Time>2026-01-01T17:51:17Z</Time><Position><LatitudeDegrees>55.936496</LatitudeDegrees><LongitudeDegrees>37.708173</LongitudeDegrees></Position><DistanceMeters>8548.1</DistanceMeters></Trackpoint><Trackpoint><Time>2026-01-01T17:51:19Z</Time><Position><LatitudeDegrees>55.936444</LatitudeDegrees><LongitudeDegrees>37.708163</LongitudeDegrees></Position><DistanceMeters>8554.0</DistanceMeters></Trackpoint><Trackpoint><Time>2026-01-01T17:51:21Z</Time><Position><LatitudeDegrees>55.936396</LatitudeDegrees><LongitudeDegrees>37.708152</LongitudeDegrees></Position><DistanceMeters>8559.4</DistanceMeters></Trackpoint><Trackpoint><Time>2026-01-01T17:51:23Z</Time><Position><LatitudeDegrees>55.936348</LatitudeDegrees><LongitudeDegrees>37.708145</LongitudeDegrees></Position><DistanceMeters>8564.7</DistanceMeters></Trackpoint><Trackpoint><Time>2026-01-01T17:51:25Z</Time><Position><LatitudeDegrees>55.936298</LatitudeDegrees><LongitudeDegrees>37.708127</LongitudeDegrees></Position><DistanceMeters>8570.4</DistanceMeters></Trackpoint><Trackpoint><Time>2026-01-01T17:51:27Z</Time><Position><LatitudeDegrees>55.936251</LatitudeDegrees><LongitudeDegrees>37.708114</LongitudeDegrees></Position><DistanceMeters>8575.7</DistanceMeters></Trackpoint><Trackpoint><Time>2026-01-01T17:51:29Z</Time><Position><LatitudeDegrees>55.936203</LatitudeDegrees><LongitudeDegrees>37.708102</LongitudeDegrees></Position><DistanceMeters>8581.1</DistanceMeters></Trackpoint><Trackpoint><Time>2026-01-01T17:51:31Z</Time><Position><LatitudeDegrees>55.936152</LatitudeDegrees><LongitudeDegrees>37.708094</LongitudeDegrees></Position><DistanceMeters>8586.7</DistanceMeters></Trackpoint><Trackpoint><Time>2026-01-01T17:51:33Z</Time><Position><LatitudeDegrees>55.936101</LatitudeDegrees><LongitudeDegrees>37.708091</LongitudeDegrees></Position><DistanceMeters>8592.4</DistanceMeters></Trackpoint><Trackpoint><Time>2026-01-01T17:51:35Z</Time><Position><LatitudeDegrees>55.936046</LatitudeDegrees><LongitudeDegrees>37.708097</LongitudeDegrees></Position><DistanceMeters>8598.6</DistanceMeters></Trackpoint><Trackpoint><Time>2026-01-01T17:51:37Z</Time><Position><LatitudeDegrees>55.935990</LatitudeDegrees><LongitudeDegrees>37.708111</LongitudeDegrees></Position><DistanceMeters>8604.8</DistanceMeters></Trackpoint><Trackpoint><Time>2026-01-01T17:51:39Z</Time><Position><LatitudeDegrees>55.935935</LatitudeDegrees><LongitudeDegrees>37.708127</LongitudeDegrees></Position><DistanceMeters>8611.1</DistanceMeters></Trackpoint><Trackpoint><Time>2026-01-01T17:51:42Z</Time><Position><LatitudeDegrees>55.935884</LatitudeDegrees><LongitudeDegrees>37.708136</LongitudeDegrees></Position><DistanceMeters>8616.7</DistanceMeters></Trackpoint><Trackpoint><Time>2026-01-01T17:51:44Z</Time><Position><LatitudeDegrees>55.935832</LatitudeDegrees><LongitudeDegrees>37.708138</LongitudeDegrees></Position><DistanceMeters>8622.5</DistanceMeters></Trackpoint><Trackpoint><Time>2026-01-01T17:51:46Z</Time><Position><LatitudeDegrees>55.935777</LatitudeDegrees><LongitudeDegrees>37.708136</LongitudeDegrees></Position><DistanceMeters>8628.6</DistanceMeters></Trackpoint><Trackpoint><Time>2026-01-01T17:51:48Z</Time><Position><LatitudeDegrees>55.935727</LatitudeDegrees><LongitudeDegrees>37.708134</LongitudeDegrees></Position><DistanceMeters>8634.2</DistanceMeters></Trackpoint><Trackpoint><Time>2026-01-01T17:51:50Z</Time><Position><LatitudeDegrees>55.935674</LatitudeDegrees><LongitudeDegrees>37.708129</LongitudeDegrees></Position><DistanceMeters>8640.1</DistanceMeters></Trackpoint><Trackpoint><Time>2026-01-01T17:51:52Z</Time><Position><LatitudeDegrees>55.935616</LatitudeDegrees><LongitudeDegrees>37.708117</LongitudeDegrees></Position><DistanceMeters>8646.6</DistanceMeters></Trackpoint><Trackpoint><Time>2026-01-01T17:51:54Z</Time><Position><LatitudeDegrees>55.935561</LatitudeDegrees><LongitudeDegrees>37.708111</LongitudeDegrees></Position><DistanceMeters>8652.7</DistanceMeters></Trackpoint><Trackpoint><Time>2026-01-01T17:51:56Z</Time><Position><LatitudeDegrees>55.935514</LatitudeDegrees><LongitudeDegrees>37.708106</LongitudeDegrees></Position><DistanceMeters>8658.0</DistanceMeters></Trackpoint><Trackpoint><Time>2026-01-01T17:51:58Z</Time><Position><LatitudeDegrees>55.935467</LatitudeDegrees><LongitudeDegrees>37.708091</LongitudeDegrees></Position><DistanceMeters>8663.3</DistanceMeters></Trackpoint><Trackpoint><Time>2026-01-01T17:52:01Z</Time><Position><LatitudeDegrees>55.935399</LatitudeDegrees><LongitudeDegrees>37.708084</LongitudeDegrees></Position><DistanceMeters>8670.9</DistanceMeters></Trackpoint><Trackpoint><Time>2026-01-01T17:52:03Z</Time><Position><LatitudeDegrees>55.935340</LatitudeDegrees><LongitudeDegrees>37.708095</LongitudeDegrees></Position><DistanceMeters>8677.4</DistanceMeters></Trackpoint><Trackpoint><Time>2026-01-01T17:52:06Z</Time><Position><LatitudeDegrees>55.935285</LatitudeDegrees><LongitudeDegrees>37.708107</LongitudeDegrees></Position><DistanceMeters>8683.6</DistanceMeters></Trackpoint><Trackpoint><Time>2026-01-01T17:52:08Z</Time><Position><LatitudeDegrees>55.935229</LatitudeDegrees><LongitudeDegrees>37.708114</LongitudeDegrees></Position><DistanceMeters>8689.8</DistanceMeters></Trackpoint><Trackpoint><Time>2026-01-01T17:52:10Z</Time><Position><LatitudeDegrees>55.935181</LatitudeDegrees><LongitudeDegrees>37.708111</LongitudeDegrees></Position><DistanceMeters>8695.2</DistanceMeters></Trackpoint><Trackpoint><Time>2026-01-01T17:52:12Z</Time><Position><LatitudeDegrees>55.935133</LatitudeDegrees><LongitudeDegrees>37.708109</LongitudeDegrees></Position><DistanceMeters>8700.5</DistanceMeters></Trackpoint><Trackpoint><Time>2026-01-01T17:52:13Z</Time><Position><LatitudeDegrees>55.935088</LatitudeDegrees><LongitudeDegrees>37.708109</LongitudeDegrees></Position><DistanceMeters>8705.5</DistanceMeters></Trackpoint><Trackpoint><Time>2026-01-01T17:52:16Z</Time><Position><LatitudeDegrees>55.935033</LatitudeDegrees><LongitudeDegrees>37.708108</LongitudeDegrees></Position><DistanceMeters>8711.7</DistanceMeters></Trackpoint><Trackpoint><Time>2026-01-01T17:52:18Z</Time><Position><LatitudeDegrees>55.934967</LatitudeDegrees><LongitudeDegrees>37.708108</LongitudeDegrees></Position><DistanceMeters>8719.0</DistanceMeters></Trackpoint><Trackpoint><Time>2026-01-01T17:52:20Z</Time><Position><LatitudeDegrees>55.934922</LatitudeDegrees><LongitudeDegrees>37.708109</LongitudeDegrees></Position><DistanceMeters>8724.1</DistanceMeters></Trackpoint><Trackpoint><Time>2026-01-01T17:52:23Z</Time><Position><LatitudeDegrees>55.934855</LatitudeDegrees><LongitudeDegrees>37.708108</LongitudeDegrees></Position><DistanceMeters>8731.5</DistanceMeters></Trackpoint><Trackpoint><Time>2026-01-01T17:52:25Z</Time><Position><LatitudeDegrees>55.934809</LatitudeDegrees><LongitudeDegrees>37.708110</LongitudeDegrees></Position><DistanceMeters>8736.6</DistanceMeters></Trackpoint><Trackpoint><Time>2026-01-01T17:52:27Z</Time><Position><LatitudeDegrees>55.934761</LatitudeDegrees><LongitudeDegrees>37.708115</LongitudeDegrees></Position><DistanceMeters>8741.9</DistanceMeters></Trackpoint><Trackpoint><Time>2026-01-01T17:52:28Z</Time><Position><LatitudeDegrees>55.934714</LatitudeDegrees><LongitudeDegrees>37.708111</LongitudeDegrees></Position><DistanceMeters>8747.1</DistanceMeters></Trackpoint><Trackpoint><Time>2026-01-01T17:52:31Z</Time><Position><LatitudeDegrees>55.934661</LatitudeDegrees><LongitudeDegrees>37.708096</LongitudeDegrees></Position><DistanceMeters>8753.2</DistanceMeters></Trackpoint><Trackpoint><Time>2026-01-01T17:52:33Z</Time><Position><LatitudeDegrees>55.934606</LatitudeDegrees><LongitudeDegrees>37.708079</LongitudeDegrees></Position><DistanceMeters>8759.3</DistanceMeters></Trackpoint><Trackpoint><Time>2026-01-01T17:52:35Z</Time><Position><LatitudeDegrees>55.934553</LatitudeDegrees><LongitudeDegrees>37.708066</LongitudeDegrees></Position><DistanceMeters>8765.3</DistanceMeters></Trackpoint><Trackpoint><Time>2026-01-01T17:52:37Z</Time><Position><LatitudeDegrees>55.934505</LatitudeDegrees><LongitudeDegrees>37.708053</LongitudeDegrees></Position><DistanceMeters>8770.7</DistanceMeters></Trackpoint><Trackpoint><Time>2026-01-01T17:52:39Z</Time><Position><LatitudeDegrees>55.934457</LatitudeDegrees><LongitudeDegrees>37.708037</LongitudeDegrees></Position><DistanceMeters>8776.1</DistanceMeters></Trackpoint><Trackpoint><Time>2026-01-01T17:52:41Z</Time><Position><LatitudeDegrees>55.934407</LatitudeDegrees><LongitudeDegrees>37.708019</LongitudeDegrees></Position><DistanceMeters>8781.8</DistanceMeters></Trackpoint><Trackpoint><Time>2026-01-01T17:52:43Z</Time><Position><LatitudeDegrees>55.934360</LatitudeDegrees><LongitudeDegrees>37.708006</LongitudeDegrees></Position><DistanceMeters>8787.1</DistanceMeters></Trackpoint><Trackpoint><Time>2026-01-01T17:52:45Z</Time><Position><LatitudeDegrees>55.934311</LatitudeDegrees><LongitudeDegrees>37.707997</LongitudeDegrees></Position><DistanceMeters>8792.5</DistanceMeters></Trackpoint><Trackpoint><Time>2026-01-01T17:52:47Z</Time><Position><LatitudeDegrees>55.934265</LatitudeDegrees><LongitudeDegrees>37.707988</LongitudeDegrees></Position><DistanceMeters>8797.7</DistanceMeters></Trackpoint><Trackpoint><Time>2026-01-01T17:52:49Z</Time><Position><LatitudeDegrees>55.934215</LatitudeDegrees><LongitudeDegrees>37.707981</LongitudeDegrees></Position><DistanceMeters>8803.3</DistanceMeters></Trackpoint><Trackpoint><Time>2026-01-01T17:52:51Z</Time><Position><LatitudeDegrees>55.934162</LatitudeDegrees><LongitudeDegrees>37.707978</LongitudeDegrees></Position><DistanceMeters>8809.1</DistanceMeters></Trackpoint><Trackpoint><Time>2026-01-01T17:52:53Z</Time><Position><LatitudeDegrees>55.934103</LatitudeDegrees><LongitudeDegrees>37.707984</LongitudeDegrees></Position><DistanceMeters>8815.8</DistanceMeters></Trackpoint><Trackpoint><Time>2026-01-01T17:52:56Z</Time><Position><LatitudeDegrees>55.934043</LatitudeDegrees><LongitudeDegrees>37.707994</LongitudeDegrees></Position><DistanceMeters>8822.5</DistanceMeters></Trackpoint><Trackpoint><Time>2026-01-01T17:52:58Z</Time><Position><LatitudeDegrees>55.933983</LatitudeDegrees><LongitudeDegrees>37.708003</LongitudeDegrees></Position><DistanceMeters>8829.1</DistanceMeters></Trackpoint><Trackpoint><Time>2026-01-01T17:53:00Z</Time><Position><LatitudeDegrees>55.933929</LatitudeDegrees><LongitudeDegrees>37.708004</LongitudeDegrees></Position><DistanceMeters>8835.1</DistanceMeters></Trackpoint><Trackpoint><Time>2026-01-01T17:53:02Z</Time><Position><LatitudeDegrees>55.933872</LatitudeDegrees><LongitudeDegrees>37.708006</LongitudeDegrees></Position><DistanceMeters>8841.5</DistanceMeters></Trackpoint><Trackpoint><Time>2026-01-01T17:53:05Z</Time><Position><LatitudeDegrees>55.933816</LatitudeDegrees><LongitudeDegrees>37.708010</LongitudeDegrees></Position><DistanceMeters>8847.7</DistanceMeters></Trackpoint><Trackpoint><Time>2026-01-01T17:53:07Z</Time><Position><LatitudeDegrees>55.933763</LatitudeDegrees><LongitudeDegrees>37.708002</LongitudeDegrees></Position><DistanceMeters>8853.6</DistanceMeters></Trackpoint><Trackpoint><Time>2026-01-01T17:53:09Z</Time><Position><LatitudeDegrees>55.933711</LatitudeDegrees><LongitudeDegrees>37.707987</LongitudeDegrees></Position><DistanceMeters>8859.5</DistanceMeters></Trackpoint><Trackpoint><Time>2026-01-01T17:53:11Z</Time><Position><LatitudeDegrees>55.933659</LatitudeDegrees><LongitudeDegrees>37.707973</LongitudeDegrees></Position><DistanceMeters>8865.3</DistanceMeters></Trackpoint><Trackpoint><Time>2026-01-01T17:53:13Z</Time><Position><LatitudeDegrees>55.933609</LatitudeDegrees><LongitudeDegrees>37.707971</LongitudeDegrees></Position><DistanceMeters>8870.9</DistanceMeters></Trackpoint><Trackpoint><Time>2026-01-01T17:53:15Z</Time><Position><LatitudeDegrees>55.933556</LatitudeDegrees><LongitudeDegrees>37.707985</LongitudeDegrees></Position><DistanceMeters>8876.9</DistanceMeters></Trackpoint><Trackpoint><Time>2026-01-01T17:53:17Z</Time><Position><LatitudeDegrees>55.933501</LatitudeDegrees><LongitudeDegrees>37.708010</LongitudeDegrees></Position><DistanceMeters>8883.2</DistanceMeters></Trackpoint><Trackpoint><Time>2026-01-01T17:53:19Z</Time><Position><LatitudeDegrees>55.933452</LatitudeDegrees><LongitudeDegrees>37.708038</LongitudeDegrees></Position><DistanceMeters>8888.9</DistanceMeters></Trackpoint><Trackpoint><Time>2026-01-01T17:53:22Z</Time><Position><LatitudeDegrees>55.933404</LatitudeDegrees><LongitudeDegrees>37.708066</LongitudeDegrees></Position><DistanceMeters>8894.5</DistanceMeters></Trackpoint><Trackpoint><Time>2026-01-01T17:53:24Z</Time><Position><LatitudeDegrees>55.933352</LatitudeDegrees><LongitudeDegrees>37.708088</LongitudeDegrees></Position><DistanceMeters>8900.5</DistanceMeters></Trackpoint><Trackpoint><Time>2026-01-01T17:53:26Z</Time><Position><LatitudeDegrees>55.933305</LatitudeDegrees><LongitudeDegrees>37.708101</LongitudeDegrees></Position><DistanceMeters>8905.8</DistanceMeters></Trackpoint><Trackpoint><Time>2026-01-01T17:53:28Z</Time><Position><LatitudeDegrees>55.933236</LatitudeDegrees><LongitudeDegrees>37.708105</LongitudeDegrees></Position><DistanceMeters>8913.4</DistanceMeters></Trackpoint><Trackpoint><Time>2026-01-01T17:53:31Z</Time><Position><LatitudeDegrees>55.933181</LatitudeDegrees><LongitudeDegrees>37.708092</LongitudeDegrees></Position><DistanceMeters>8919.6</DistanceMeters></Trackpoint><Trackpoint><Time>2026-01-01T17:53:33Z</Time><Position><LatitudeDegrees>55.933128</LatitudeDegrees><LongitudeDegrees>37.708080</LongitudeDegrees></Position><DistanceMeters>8925.6</DistanceMeters></Trackpoint><Trackpoint><Time>2026-01-01T17:53:35Z</Time><Position><LatitudeDegrees>55.933070</LatitudeDegrees><LongitudeDegrees>37.708066</LongitudeDegrees></Position><DistanceMeters>8932.0</DistanceMeters></Trackpoint><Trackpoint><Time>2026-01-01T17:53:37Z</Time><Position><LatitudeDegrees>55.933020</LatitudeDegrees><LongitudeDegrees>37.708059</LongitudeDegrees></Position><DistanceMeters>8937.7</DistanceMeters></Trackpoint><Trackpoint><Time>2026-01-01T17:53:39Z</Time><Position><LatitudeDegrees>55.932968</LatitudeDegrees><LongitudeDegrees>37.708057</LongitudeDegrees></Position><DistanceMeters>8943.5</DistanceMeters></Trackpoint><Trackpoint><Time>2026-01-01T17:53:42Z</Time><Position><LatitudeDegrees>55.932902</LatitudeDegrees><LongitudeDegrees>37.708034</LongitudeDegrees></Position><DistanceMeters>8951.0</DistanceMeters></Trackpoint><Trackpoint><Time>2026-01-01T17:53:44Z</Time><Position><LatitudeDegrees>55.932859</LatitudeDegrees><LongitudeDegrees>37.708006</LongitudeDegrees></Position><DistanceMeters>8956.0</DistanceMeters></Trackpoint><Trackpoint><Time>2026-01-01T17:53:46Z</Time><Position><LatitudeDegrees>55.932801</LatitudeDegrees><LongitudeDegrees>37.707977</LongitudeDegrees></Position><DistanceMeters>8962.7</DistanceMeters></Trackpoint><Trackpoint><Time>2026-01-01T17:53:49Z</Time><Position><LatitudeDegrees>55.932732</LatitudeDegrees><LongitudeDegrees>37.707957</LongitudeDegrees></Position><DistanceMeters>8970.5</DistanceMeters></Trackpoint><Trackpoint><Time>2026-01-01T17:53:51Z</Time><Position><LatitudeDegrees>55.932675</LatitudeDegrees><LongitudeDegrees>37.707959</LongitudeDegrees></Position><DistanceMeters>8976.9</DistanceMeters></Trackpoint><Trackpoint><Time>2026-01-01T17:53:54Z</Time><Position><LatitudeDegrees>55.932613</LatitudeDegrees><LongitudeDegrees>37.707970</LongitudeDegrees></Position><DistanceMeters>8983.8</DistanceMeters></Trackpoint><Trackpoint><Time>2026-01-01T17:53:57Z</Time><Position><LatitudeDegrees>55.932541</LatitudeDegrees><LongitudeDegrees>37.707981</LongitudeDegrees></Position><DistanceMeters>8991.8</DistanceMeters></Trackpoint><Trackpoint><Time>2026-01-01T17:53:59Z</Time><Position><LatitudeDegrees>55.932475</LatitudeDegrees><LongitudeDegrees>37.707991</LongitudeDegrees></Position><DistanceMeters>8999.2</DistanceMeters></Trackpoint><Trackpoint><Time>2026-01-01T17:54:02Z</Time><Position><LatitudeDegrees>55.932410</LatitudeDegrees><LongitudeDegrees>37.708004</LongitudeDegrees></Position><DistanceMeters>9006.4</DistanceMeters></Trackpoint><Trackpoint><Time>2026-01-01T17:54:04Z</Time><Position><LatitudeDegrees>55.932355</LatitudeDegrees><LongitudeDegrees>37.708013</LongitudeDegrees></Position><DistanceMeters>9012.6</DistanceMeters></Trackpoint><Trackpoint><Time>2026-01-01T17:54:06Z</Time><Position><LatitudeDegrees>55.932304</LatitudeDegrees><LongitudeDegrees>37.708020</LongitudeDegrees></Position><DistanceMeters>9018.3</DistanceMeters></Trackpoint><Trackpoint><Time>2026-01-01T17:54:08Z</Time><Position><LatitudeDegrees>55.932254</LatitudeDegrees><LongitudeDegrees>37.708025</LongitudeDegrees></Position><DistanceMeters>9023.9</DistanceMeters></Trackpoint><Trackpoint><Time>2026-01-01T17:54:10Z</Time><Position><LatitudeDegrees>55.932205</LatitudeDegrees><LongitudeDegrees>37.708026</LongitudeDegrees></Position><DistanceMeters>9029.3</DistanceMeters></Trackpoint><Trackpoint><Time>2026-01-01T17:54:12Z</Time><Position><LatitudeDegrees>55.932146</LatitudeDegrees><LongitudeDegrees>37.708026</LongitudeDegrees></Position><DistanceMeters>9035.8</DistanceMeters></Trackpoint><Trackpoint><Time>2026-01-01T17:54:14Z</Time><Position><LatitudeDegrees>55.932096</LatitudeDegrees><LongitudeDegrees>37.708024</LongitudeDegrees></Position><DistanceMeters>9041.5</DistanceMeters></Trackpoint><Trackpoint><Time>2026-01-01T17:54:17Z</Time><Position><LatitudeDegrees>55.932035</LatitudeDegrees><LongitudeDegrees>37.708024</LongitudeDegrees></Position><DistanceMeters>9048.2</DistanceMeters></Trackpoint><Trackpoint><Time>2026-01-01T17:54:19Z</Time><Position><LatitudeDegrees>55.931982</LatitudeDegrees><LongitudeDegrees>37.708026</LongitudeDegrees></Position><DistanceMeters>9054.1</DistanceMeters></Trackpoint><Trackpoint><Time>2026-01-01T17:54:21Z</Time><Position><LatitudeDegrees>55.931921</LatitudeDegrees><LongitudeDegrees>37.708027</LongitudeDegrees></Position><DistanceMeters>9060.9</DistanceMeters></Trackpoint><Trackpoint><Time>2026-01-01T17:54:24Z</Time><Position><LatitudeDegrees>55.931866</LatitudeDegrees><LongitudeDegrees>37.708026</LongitudeDegrees></Position><DistanceMeters>9067.0</DistanceMeters></Trackpoint><Trackpoint><Time>2026-01-01T17:54:26Z</Time><Position><LatitudeDegrees>55.931800</LatitudeDegrees><LongitudeDegrees>37.708023</LongitudeDegrees></Position><DistanceMeters>9074.4</DistanceMeters></Trackpoint><Trackpoint><Time>2026-01-01T17:54:29Z</Time><Position><LatitudeDegrees>55.931741</LatitudeDegrees><LongitudeDegrees>37.708018</LongitudeDegrees></Position><DistanceMeters>9080.9</DistanceMeters></Trackpoint><Trackpoint><Time>2026-01-01T17:54:31Z</Time><Position><LatitudeDegrees>55.931686</LatitudeDegrees><LongitudeDegrees>37.708012</LongitudeDegrees></Position><DistanceMeters>9087.1</DistanceMeters></Trackpoint><Trackpoint><Time>2026-01-01T17:54:33Z</Time><Position><LatitudeDegrees>55.931632</LatitudeDegrees><LongitudeDegrees>37.708005</LongitudeDegrees></Position><DistanceMeters>9093.1</DistanceMeters></Trackpoint><Trackpoint><Time>2026-01-01T17:54:36Z</Time><Position><LatitudeDegrees>55.931569</LatitudeDegrees><LongitudeDegrees>37.707996</LongitudeDegrees></Position><DistanceMeters>9100.1</DistanceMeters></Trackpoint><Trackpoint><Time>2026-01-01T17:54:38Z</Time><Position><LatitudeDegrees>55.931518</LatitudeDegrees><LongitudeDegrees>37.707987</LongitudeDegrees></Position><DistanceMeters>9105.8</DistanceMeters></Trackpoint><Trackpoint><Time>2026-01-01T17:54:40Z</Time><Position><LatitudeDegrees>55.931459</LatitudeDegrees><LongitudeDegrees>37.707981</LongitudeDegrees></Position><DistanceMeters>9112.4</DistanceMeters></Trackpoint><Trackpoint><Time>2026-01-01T17:54:42Z</Time><Position><LatitudeDegrees>55.931406</LatitudeDegrees><LongitudeDegrees>37.707981</LongitudeDegrees></Position><DistanceMeters>9118.2</DistanceMeters></Trackpoint><Trackpoint><Time>2026-01-01T17:54:44Z</Time><Position><LatitudeDegrees>55.931354</LatitudeDegrees><LongitudeDegrees>37.707986</LongitudeDegrees></Position><DistanceMeters>9124.1</DistanceMeters></Trackpoint><Trackpoint><Time>2026-01-01T17:54:47Z</Time><Position><LatitudeDegrees>55.931285</LatitudeDegrees><LongitudeDegrees>37.707998</LongitudeDegrees></Position><DistanceMeters>9131.8</DistanceMeters></Trackpoint><Trackpoint><Time>2026-01-01T17:54:49Z</Time><Position><LatitudeDegrees>55.931236</LatitudeDegrees><LongitudeDegrees>37.708006</LongitudeDegrees></Position><DistanceMeters>9137.3</DistanceMeters></Trackpoint><Trackpoint><Time>2026-01-01T17:54:51Z</Time><Position><LatitudeDegrees>55.931173</LatitudeDegrees><LongitudeDegrees>37.708013</LongitudeDegrees></Position><DistanceMeters>9144.3</DistanceMeters></Trackpoint><Trackpoint><Time>2026-01-01T17:54:53Z</Time><Position><LatitudeDegrees>55.931128</LatitudeDegrees><LongitudeDegrees>37.708015</LongitudeDegrees></Position><DistanceMeters>9149.3</DistanceMeters></Trackpoint><Trackpoint><Time>2026-01-01T17:54:55Z</Time><Position><LatitudeDegrees>55.931079</LatitudeDegrees><LongitudeDegrees>37.708017</LongitudeDegrees></Position><DistanceMeters>9154.7</DistanceMeters></Trackpoint><Trackpoint><Time>2026-01-01T17:54:58Z</Time><Position><LatitudeDegrees>55.931011</LatitudeDegrees><LongitudeDegrees>37.708023</LongitudeDegrees></Position><DistanceMeters>9162.3</DistanceMeters></Trackpoint><Trackpoint><Time>2026-01-01T17:55:00Z</Time><Position><LatitudeDegrees>55.930960</LatitudeDegrees><LongitudeDegrees>37.708028</LongitudeDegrees></Position><DistanceMeters>9168.0</DistanceMeters></Trackpoint><Trackpoint><Time>2026-01-01T17:55:02Z</Time><Position><LatitudeDegrees>55.930906</LatitudeDegrees><LongitudeDegrees>37.708035</LongitudeDegrees></Position><DistanceMeters>9174.0</DistanceMeters></Trackpoint><Trackpoint><Time>2026-01-01T17:55:05Z</Time><Position><LatitudeDegrees>55.930836</LatitudeDegrees><LongitudeDegrees>37.708047</LongitudeDegrees></Position><DistanceMeters>9181.8</DistanceMeters></Trackpoint><Trackpoint><Time>2026-01-01T17:55:07Z</Time><Position><LatitudeDegrees>55.930787</LatitudeDegrees><LongitudeDegrees>37.708054</LongitudeDegrees></Position><DistanceMeters>9187.3</DistanceMeters></Trackpoint><Trackpoint><Time>2026-01-01T17:55:09Z</Time><Position><LatitudeDegrees>55.930726</LatitudeDegrees><LongitudeDegrees>37.708060</LongitudeDegrees></Position><DistanceMeters>9194.0</DistanceMeters></Trackpoint><Trackpoint><Time>2026-01-01T17:55:12Z</Time><Position><LatitudeDegrees>55.930664</LatitudeDegrees><LongitudeDegrees>37.708061</LongitudeDegrees></Position><DistanceMeters>9201.0</DistanceMeters></Trackpoint><Trackpoint><Time>2026-01-01T17:55:14Z</Time><Position><LatitudeDegrees>55.930617</LatitudeDegrees><LongitudeDegrees>37.708061</LongitudeDegrees></Position><DistanceMeters>9206.1</DistanceMeters></Trackpoint><Trackpoint><Time>2026-01-01T17:55:17Z</Time><Position><LatitudeDegrees>55.930547</LatitudeDegrees><LongitudeDegrees>37.708057</LongitudeDegrees></Position><DistanceMeters>9213.9</DistanceMeters></Trackpoint><Trackpoint><Time>2026-01-01T17:55:18Z</Time><Position><LatitudeDegrees>55.930499</LatitudeDegrees><LongitudeDegrees>37.708051</LongitudeDegrees></Position><DistanceMeters>9219.3</DistanceMeters></Trackpoint><Trackpoint><Time>2026-01-01T17:55:21Z</Time><Position><LatitudeDegrees>55.930447</LatitudeDegrees><LongitudeDegrees>37.708041</LongitudeDegrees></Position><DistanceMeters>9225.1</DistanceMeters></Trackpoint><Trackpoint><Time>2026-01-01T17:55:22Z</Time><Position><LatitudeDegrees>55.930401</LatitudeDegrees><LongitudeDegrees>37.708031</LongitudeDegrees></Position><DistanceMeters>9230.3</DistanceMeters></Trackpoint><Trackpoint><Time>2026-01-01T17:55:25Z</Time><Position><LatitudeDegrees>55.930341</LatitudeDegrees><LongitudeDegrees>37.708020</LongitudeDegrees></Position><DistanceMeters>9237.0</DistanceMeters></Trackpoint><Trackpoint><Time>2026-01-01T17:55:27Z</Time><Position><LatitudeDegrees>55.930284</LatitudeDegrees><LongitudeDegrees>37.708013</LongitudeDegrees></Position><DistanceMeters>9243.3</DistanceMeters></Trackpoint><Trackpoint><Time>2026-01-01T17:55:29Z</Time><Position><LatitudeDegrees>55.930227</LatitudeDegrees><LongitudeDegrees>37.708008</LongitudeDegrees></Position><DistanceMeters>9249.6</DistanceMeters></Trackpoint><Trackpoint><Time>2026-01-01T17:55:32Z</Time><Position><LatitudeDegrees>55.930167</LatitudeDegrees><LongitudeDegrees>37.708004</LongitudeDegrees></Position><DistanceMeters>9256.4</DistanceMeters></Trackpoint><Trackpoint><Time>2026-01-01T17:55:34Z</Time><Position><LatitudeDegrees>55.930104</LatitudeDegrees><LongitudeDegrees>37.708000</LongitudeDegrees></Position><DistanceMeters>9263.4</DistanceMeters></Trackpoint><Trackpoint><Time>2026-01-01T17:55:37Z</Time><Position><LatitudeDegrees>55.930046</LatitudeDegrees><LongitudeDegrees>37.707995</LongitudeDegrees></Position><DistanceMeters>9269.8</DistanceMeters></Trackpoint><Trackpoint><Time>2026-01-01T17:55:39Z</Time><Position><LatitudeDegrees>55.929988</LatitudeDegrees><LongitudeDegrees>37.707989</LongitudeDegrees></Position><DistanceMeters>9276.3</DistanceMeters></Trackpoint><Trackpoint><Time>2026-01-01T17:55:41Z</Time><Position><LatitudeDegrees>55.929928</LatitudeDegrees><LongitudeDegrees>37.707983</LongitudeDegrees></Position><DistanceMeters>9283.0</DistanceMeters></Trackpoint><Trackpoint><Time>2026-01-01T17:55:43Z</Time><Position><LatitudeDegrees>55.929878</LatitudeDegrees><LongitudeDegrees>37.707980</LongitudeDegrees></Position><DistanceMeters>9288.5</DistanceMeters></Trackpoint><Trackpoint><Time>2026-01-01T17:55:46Z</Time><Position><LatitudeDegrees>55.929821</LatitudeDegrees><LongitudeDegrees>37.707978</LongitudeDegrees></Position><DistanceMeters>9294.9</DistanceMeters></Trackpoint><Trackpoint><Time>2026-01-01T17:55:48Z</Time><Position><LatitudeDegrees>55.929773</LatitudeDegrees><LongitudeDegrees>37.707978</LongitudeDegrees></Position><DistanceMeters>9300.2</DistanceMeters></Trackpoint><Trackpoint><Time>2026-01-01T17:55:50Z</Time><Position><LatitudeDegrees>55.929723</LatitudeDegrees><LongitudeDegrees>37.707981</LongitudeDegrees></Position><DistanceMeters>9305.8</DistanceMeters></Trackpoint><Trackpoint><Time>2026-01-01T17:55:52Z</Time><Position><LatitudeDegrees>55.929669</LatitudeDegrees><LongitudeDegrees>37.707984</LongitudeDegrees></Position><DistanceMeters>9311.8</DistanceMeters></Trackpoint><Trackpoint><Time>2026-01-01T17:55:54Z</Time><Position><LatitudeDegrees>55.929612</LatitudeDegrees><LongitudeDegrees>37.707986</LongitudeDegrees></Position><DistanceMeters>9318.1</DistanceMeters></Trackpoint><Trackpoint><Time>2026-01-01T17:55:56Z</Time><Position><LatitudeDegrees>55.929565</LatitudeDegrees><LongitudeDegrees>37.707984</LongitudeDegrees></Position><DistanceMeters>9323.4</DistanceMeters></Trackpoint><Trackpoint><Time>2026-01-01T17:55:58Z</Time><Position><LatitudeDegrees>55.929509</LatitudeDegrees><LongitudeDegrees>37.707980</LongitudeDegrees></Position><DistanceMeters>9329.6</DistanceMeters></Trackpoint><Trackpoint><Time>2026-01-01T17:56:00Z</Time><Position><LatitudeDegrees>55.929463</LatitudeDegrees><LongitudeDegrees>37.707976</LongitudeDegrees></Position><DistanceMeters>9334.7</DistanceMeters></Trackpoint><Trackpoint><Time>2026-01-01T17:56:03Z</Time><Position><LatitudeDegrees>55.929398</LatitudeDegrees><LongitudeDegrees>37.707973</LongitudeDegrees></Position><DistanceMeters>9341.9</DistanceMeters></Trackpoint><Trackpoint><Time>2026-01-01T17:56:04Z</Time><Position><LatitudeDegrees>55.929352</LatitudeDegrees><LongitudeDegrees>37.707969</LongitudeDegrees></Position><DistanceMeters>9347.1</DistanceMeters></Trackpoint><Trackpoint><Time>2026-01-01T17:56:06Z</Time><Position><LatitudeDegrees>55.929301</LatitudeDegrees><LongitudeDegrees>37.707963</LongitudeDegrees></Position><DistanceMeters>9352.7</DistanceMeters></Trackpoint><Trackpoint><Time>2026-01-01T17:56:08Z</Time><Position><LatitudeDegrees>55.929254</LatitudeDegrees><LongitudeDegrees>37.707958</LongitudeDegrees></Position><DistanceMeters>9358.0</DistanceMeters></Trackpoint><Trackpoint><Time>2026-01-01T17:56:10Z</Time><Position><LatitudeDegrees>55.929202</LatitudeDegrees><LongitudeDegrees>37.707953</LongitudeDegrees></Position><DistanceMeters>9363.7</DistanceMeters></Trackpoint><Trackpoint><Time>2026-01-01T17:56:13Z</Time><Position><LatitudeDegrees>55.929145</LatitudeDegrees><LongitudeDegrees>37.707952</LongitudeDegrees></Position><DistanceMeters>9370.1</DistanceMeters></Trackpoint><Trackpoint><Time>2026-01-01T17:56:15Z</Time><Position><LatitudeDegrees>55.929095</LatitudeDegrees><LongitudeDegrees>37.707955</LongitudeDegrees></Position><DistanceMeters>9375.6</DistanceMeters></Trackpoint><Trackpoint><Time>2026-01-01T17:56:17Z</Time><Position><LatitudeDegrees>55.929036</LatitudeDegrees><LongitudeDegrees>37.707959</LongitudeDegrees></Position><DistanceMeters>9382.2</DistanceMeters></Trackpoint><Trackpoint><Time>2026-01-01T17:56:19Z</Time><Position><LatitudeDegrees>55.928986</LatitudeDegrees><LongitudeDegrees>37.707964</LongitudeDegrees></Position><DistanceMeters>9387.8</DistanceMeters></Trackpoint><Trackpoint><Time>2026-01-01T17:56:21Z</Time><Position><LatitudeDegrees>55.928928</LatitudeDegrees><LongitudeDegrees>37.707969</LongitudeDegrees></Position><DistanceMeters>9394.3</DistanceMeters></Trackpoint><Trackpoint><Time>2026-01-01T17:56:23Z</Time><Position><LatitudeDegrees>55.928882</LatitudeDegrees><LongitudeDegrees>37.707972</LongitudeDegrees></Position><DistanceMeters>9399.4</DistanceMeters></Trackpoint><Trackpoint><Time>2026-01-01T17:56:26Z</Time><Position><LatitudeDegrees>55.928820</LatitudeDegrees><LongitudeDegrees>37.707970</LongitudeDegrees></Position><DistanceMeters>9406.2</DistanceMeters></Trackpoint><Trackpoint><Time>2026-01-01T17:56:29Z</Time><Position><LatitudeDegrees>55.928737</LatitudeDegrees><LongitudeDegrees>37.707941</LongitudeDegrees></Position><DistanceMeters>9415.7</DistanceMeters></Trackpoint><Trackpoint><Time>2026-01-01T17:56:32Z</Time><Position><LatitudeDegrees>55.928672</LatitudeDegrees><LongitudeDegrees>37.707920</LongitudeDegrees></Position><DistanceMeters>9423.1</DistanceMeters></Trackpoint><Trackpoint><Time>2026-01-01T17:56:34Z</Time><Position><LatitudeDegrees>55.928626</LatitudeDegrees><LongitudeDegrees>37.707914</LongitudeDegrees></Position><DistanceMeters>9428.2</DistanceMeters></Trackpoint><Trackpoint><Time>2026-01-01T17:56:36Z</Time><Position><LatitudeDegrees>55.928578</LatitudeDegrees><LongitudeDegrees>37.707910</LongitudeDegrees></Position><DistanceMeters>9433.5</DistanceMeters></Trackpoint><Trackpoint><Time>2026-01-01T17:56:37Z</Time><Position><LatitudeDegrees>55.928533</LatitudeDegrees><LongitudeDegrees>37.707909</LongitudeDegrees></Position><DistanceMeters>9438.5</DistanceMeters></Trackpoint><Trackpoint><Time>2026-01-01T17:56:39Z</Time><Position><LatitudeDegrees>55.928484</LatitudeDegrees><LongitudeDegrees>37.707912</LongitudeDegrees></Position><DistanceMeters>9444.0</DistanceMeters></Trackpoint><Trackpoint><Time>2026-01-01T17:56:42Z</Time><Position><LatitudeDegrees>55.928414</LatitudeDegrees><LongitudeDegrees>37.707924</LongitudeDegrees></Position><DistanceMeters>9451.8</DistanceMeters></Trackpoint><Trackpoint><Time>2026-01-01T17:56:44Z</Time><Position><LatitudeDegrees>55.928360</LatitudeDegrees><LongitudeDegrees>37.707937</LongitudeDegrees></Position><DistanceMeters>9457.8</DistanceMeters></Trackpoint><Trackpoint><Time>2026-01-01T17:56:48Z</Time><Position><LatitudeDegrees>55.928279</LatitudeDegrees><LongitudeDegrees>37.707955</LongitudeDegrees></Position><DistanceMeters>9466.9</DistanceMeters></Trackpoint><Trackpoint><Time>2026-01-01T17:56:50Z</Time><Position><LatitudeDegrees>55.928221</LatitudeDegrees><LongitudeDegrees>37.707969</LongitudeDegrees></Position><DistanceMeters>9473.4</DistanceMeters></Trackpoint><Trackpoint><Time>2026-01-01T17:56:52Z</Time><Position><LatitudeDegrees>55.928161</LatitudeDegrees><LongitudeDegrees>37.707978</LongitudeDegrees></Position><DistanceMeters>9480.1</DistanceMeters></Trackpoint><Trackpoint><Time>2026-01-01T17:56:54Z</Time><Position><LatitudeDegrees>55.928108</LatitudeDegrees><LongitudeDegrees>37.707983</LongitudeDegrees></Position><DistanceMeters>9486.1</DistanceMeters></Trackpoint><Trackpoint><Time>2026-01-01T17:56:57Z</Time><Position><LatitudeDegrees>55.928054</LatitudeDegrees><LongitudeDegrees>37.707984</LongitudeDegrees></Position><DistanceMeters>9492.0</DistanceMeters></Trackpoint><Trackpoint><Time>2026-01-01T17:56:58Z</Time><Position><LatitudeDegrees>55.928009</LatitudeDegrees><LongitudeDegrees>37.707982</LongitudeDegrees></Position><DistanceMeters>9497.1</DistanceMeters></Trackpoint><Trackpoint><Time>2026-01-01T17:57:01Z</Time><Position><LatitudeDegrees>55.927953</LatitudeDegrees><LongitudeDegrees>37.707978</LongitudeDegrees></Position><DistanceMeters>9503.3</DistanceMeters></Trackpoint><Trackpoint><Time>2026-01-01T17:57:03Z</Time><Position><LatitudeDegrees>55.927904</LatitudeDegrees><LongitudeDegrees>37.707974</LongitudeDegrees></Position><DistanceMeters>9508.7</DistanceMeters></Trackpoint><Trackpoint><Time>2026-01-01T17:57:05Z</Time><Position><LatitudeDegrees>55.927845</LatitudeDegrees><LongitudeDegrees>37.707970</LongitudeDegrees></Position><DistanceMeters>9515.3</DistanceMeters></Trackpoint><Trackpoint><Time>2026-01-01T17:57:07Z</Time><Position><LatitudeDegrees>55.927793</LatitudeDegrees><LongitudeDegrees>37.707967</LongitudeDegrees></Position><DistanceMeters>9521.0</DistanceMeters></Trackpoint><Trackpoint><Time>2026-01-01T17:57:09Z</Time><Position><LatitudeDegrees>55.927733</LatitudeDegrees><LongitudeDegrees>37.707965</LongitudeDegrees></Position><DistanceMeters>9527.8</DistanceMeters></Trackpoint><Trackpoint><Time>2026-01-01T17:57:12Z</Time><Position><LatitudeDegrees>55.927681</LatitudeDegrees><LongitudeDegrees>37.707964</LongitudeDegrees></Position><DistanceMeters>9533.5</DistanceMeters></Trackpoint><Trackpoint><Time>2026-01-01T17:57:14Z</Time><Position><LatitudeDegrees>55.927620</LatitudeDegrees><LongitudeDegrees>37.707965</LongitudeDegrees></Position><DistanceMeters>9540.3</DistanceMeters></Trackpoint><Trackpoint><Time>2026-01-01T17:57:16Z</Time><Position><LatitudeDegrees>55.927564</LatitudeDegrees><LongitudeDegrees>37.707965</LongitudeDegrees></Position><DistanceMeters>9546.5</DistanceMeters></Trackpoint><Trackpoint><Time>2026-01-01T17:57:19Z</Time><Position><LatitudeDegrees>55.927507</LatitudeDegrees><LongitudeDegrees>37.707967</LongitudeDegrees></Position><DistanceMeters>9552.9</DistanceMeters></Trackpoint><Trackpoint><Time>2026-01-01T17:57:21Z</Time><Position><LatitudeDegrees>55.927452</LatitudeDegrees><LongitudeDegrees>37.707970</LongitudeDegrees></Position><DistanceMeters>9559.0</DistanceMeters></Trackpoint><Trackpoint><Time>2026-01-01T17:57:23Z</Time><Position><LatitudeDegrees>55.927396</LatitudeDegrees><LongitudeDegrees>37.707973</LongitudeDegrees></Position><DistanceMeters>9565.2</DistanceMeters></Trackpoint><Trackpoint><Time>2026-01-01T17:57:25Z</Time><Position><LatitudeDegrees>55.927347</LatitudeDegrees><LongitudeDegrees>37.707977</LongitudeDegrees></Position><DistanceMeters>9570.7</DistanceMeters></Trackpoint><Trackpoint><Time>2026-01-01T17:57:27Z</Time><Position><LatitudeDegrees>55.927287</LatitudeDegrees><LongitudeDegrees>37.707979</LongitudeDegrees></Position><DistanceMeters>9577.3</DistanceMeters></Trackpoint><Trackpoint><Time>2026-01-01T17:57:30Z</Time><Position><LatitudeDegrees>55.927231</LatitudeDegrees><LongitudeDegrees>37.707979</LongitudeDegrees></Position><DistanceMeters>9583.6</DistanceMeters></Trackpoint><Trackpoint><Time>2026-01-01T17:57:32Z</Time><Position><LatitudeDegrees>55.927173</LatitudeDegrees><LongitudeDegrees>37.707977</LongitudeDegrees></Position><DistanceMeters>9590.0</DistanceMeters></Trackpoint><Trackpoint><Time>2026-01-01T17:57:34Z</Time><Position><LatitudeDegrees>55.927118</LatitudeDegrees><LongitudeDegrees>37.707972</LongitudeDegrees></Position><DistanceMeters>9596.1</DistanceMeters></Trackpoint><Trackpoint><Time>2026-01-01T17:57:36Z</Time><Position><LatitudeDegrees>55.927061</LatitudeDegrees><LongitudeDegrees>37.707963</LongitudeDegrees></Position><DistanceMeters>9602.5</DistanceMeters></Trackpoint><Trackpoint><Time>2026-01-01T17:57:38Z</Time><Position><LatitudeDegrees>55.927012</LatitudeDegrees><LongitudeDegrees>37.707952</LongitudeDegrees></Position><DistanceMeters>9608.1</DistanceMeters></Trackpoint><Trackpoint><Time>2026-01-01T17:57:40Z</Time><Position><LatitudeDegrees>55.926963</LatitudeDegrees><LongitudeDegrees>37.707942</LongitudeDegrees></Position><DistanceMeters>9613.5</DistanceMeters></Trackpoint><Trackpoint><Time>2026-01-01T17:57:43Z</Time><Position><LatitudeDegrees>55.926904</LatitudeDegrees><LongitudeDegrees>37.707931</LongitudeDegrees></Position><DistanceMeters>9620.1</DistanceMeters></Trackpoint><Trackpoint><Time>2026-01-01T17:57:45Z</Time><Position><LatitudeDegrees>55.926855</LatitudeDegrees><LongitudeDegrees>37.707921</LongitudeDegrees></Position><DistanceMeters>9625.5</DistanceMeters></Trackpoint><Trackpoint><Time>2026-01-01T17:57:47Z</Time><Position><LatitudeDegrees>55.926800</LatitudeDegrees><LongitudeDegrees>37.707911</LongitudeDegrees></Position><DistanceMeters>9631.7</DistanceMeters></Trackpoint><Trackpoint><Time>2026-01-01T17:57:49Z</Time><Position><LatitudeDegrees>55.926754</LatitudeDegrees><LongitudeDegrees>37.707904</LongitudeDegrees></Position><DistanceMeters>9636.9</DistanceMeters></Trackpoint><Trackpoint><Time>2026-01-01T17:57:51Z</Time><Position><LatitudeDegrees>55.926701</LatitudeDegrees><LongitudeDegrees>37.707895</LongitudeDegrees></Position><DistanceMeters>9642.8</DistanceMeters></Trackpoint><Trackpoint><Time>2026-01-01T17:57:53Z</Time><Position><LatitudeDegrees>55.926656</LatitudeDegrees><LongitudeDegrees>37.707888</LongitudeDegrees></Position><DistanceMeters>9647.8</DistanceMeters></Trackpoint><Trackpoint><Time>2026-01-01T17:57:55Z</Time><Position><LatitudeDegrees>55.926601</LatitudeDegrees><LongitudeDegrees>37.707879</LongitudeDegrees></Position><DistanceMeters>9654.0</DistanceMeters></Trackpoint><Trackpoint><Time>2026-01-01T17:57:57Z</Time><Position><LatitudeDegrees>55.926550</LatitudeDegrees><LongitudeDegrees>37.707871</LongitudeDegrees></Position><DistanceMeters>9659.6</DistanceMeters></Trackpoint><Trackpoint><Time>2026-01-01T17:57:59Z</Time><Position><LatitudeDegrees>55.926499</LatitudeDegrees><LongitudeDegrees>37.707862</LongitudeDegrees></Position><DistanceMeters>9665.3</DistanceMeters></Trackpoint><Trackpoint><Time>2026-01-01T17:58:01Z</Time><Position><LatitudeDegrees>55.926441</LatitudeDegrees><LongitudeDegrees>37.707852</LongitudeDegrees></Position><DistanceMeters>9671.8</DistanceMeters></Trackpoint><Trackpoint><Time>2026-01-01T17:58:04Z</Time><Position><LatitudeDegrees>55.926378</LatitudeDegrees><LongitudeDegrees>37.707843</LongitudeDegrees></Position><DistanceMeters>9678.9</DistanceMeters></Trackpoint><Trackpoint><Time>2026-01-01T17:58:06Z</Time><Position><LatitudeDegrees>55.926321</LatitudeDegrees><LongitudeDegrees>37.707837</LongitudeDegrees></Position><DistanceMeters>9685.1</DistanceMeters></Trackpoint><Trackpoint><Time>2026-01-01T17:58:09Z</Time><Position><LatitudeDegrees>55.926256</LatitudeDegrees><LongitudeDegrees>37.707832</LongitudeDegrees></Position><DistanceMeters>9692.5</DistanceMeters></Trackpoint><Trackpoint><Time>2026-01-01T17:58:11Z</Time><Position><LatitudeDegrees>55.926194</LatitudeDegrees><LongitudeDegrees>37.707830</LongitudeDegrees></Position><DistanceMeters>9699.3</DistanceMeters></Trackpoint><Trackpoint><Time>2026-01-01T17:58:14Z</Time><Position><LatitudeDegrees>55.926132</LatitudeDegrees><LongitudeDegrees>37.707833</LongitudeDegrees></Position><DistanceMeters>9706.2</DistanceMeters></Trackpoint><Trackpoint><Time>2026-01-01T17:58:16Z</Time><Position><LatitudeDegrees>55.926074</LatitudeDegrees><LongitudeDegrees>37.707837</LongitudeDegrees></Position><DistanceMeters>9712.7</DistanceMeters></Trackpoint><Trackpoint><Time>2026-01-01T17:58:18Z</Time><Position><LatitudeDegrees>55.926015</LatitudeDegrees><LongitudeDegrees>37.707842</LongitudeDegrees></Position><DistanceMeters>9719.3</DistanceMeters></Trackpoint><Trackpoint><Time>2026-01-01T17:58:21Z</Time><Position><LatitudeDegrees>55.925959</LatitudeDegrees><LongitudeDegrees>37.707846</LongitudeDegrees></Position><DistanceMeters>9725.5</DistanceMeters></Trackpoint><Trackpoint><Time>2026-01-01T17:58:23Z</Time><Position><LatitudeDegrees>55.925903</LatitudeDegrees><LongitudeDegrees>37.707848</LongitudeDegrees></Position><DistanceMeters>9731.8</DistanceMeters></Trackpoint><Trackpoint><Time>2026-01-01T17:58:25Z</Time><Position><LatitudeDegrees>55.925843</LatitudeDegrees><LongitudeDegrees>37.707846</LongitudeDegrees></Position><DistanceMeters>9738.4</DistanceMeters></Trackpoint><Trackpoint><Time>2026-01-01T17:58:27Z</Time><Position><LatitudeDegrees>55.925794</LatitudeDegrees><LongitudeDegrees>37.707841</LongitudeDegrees></Position><DistanceMeters>9743.8</DistanceMeters></Trackpoint><Trackpoint><Time>2026-01-01T17:58:30Z</Time><Position><LatitudeDegrees>55.925738</LatitudeDegrees><LongitudeDegrees>37.707833</LongitudeDegrees></Position><DistanceMeters>9750.1</DistanceMeters></Trackpoint><Trackpoint><Time>2026-01-01T17:58:31Z</Time><Position><LatitudeDegrees>55.925693</LatitudeDegrees><LongitudeDegrees>37.707826</LongitudeDegrees></Position><DistanceMeters>9755.2</DistanceMeters></Trackpoint><Trackpoint><Time>2026-01-01T17:58:33Z</Time><Position><LatitudeDegrees>55.925641</LatitudeDegrees><LongitudeDegrees>37.707817</LongitudeDegrees></Position><DistanceMeters>9761.0</DistanceMeters></Trackpoint><Trackpoint><Time>2026-01-01T17:58:36Z</Time><Position><LatitudeDegrees>55.925575</LatitudeDegrees><LongitudeDegrees>37.707805</LongitudeDegrees></Position><DistanceMeters>9768.3</DistanceMeters></Trackpoint><Trackpoint><Time>2026-01-01T17:58:38Z</Time><Position><LatitudeDegrees>55.925528</LatitudeDegrees><LongitudeDegrees>37.707795</LongitudeDegrees></Position><DistanceMeters>9773.6</DistanceMeters></Trackpoint><Trackpoint><Time>2026-01-01T17:58:41Z</Time><Position><LatitudeDegrees>55.925458</LatitudeDegrees><LongitudeDegrees>37.707781</LongitudeDegrees></Position><DistanceMeters>9781.4</DistanceMeters></Trackpoint><Trackpoint><Time>2026-01-01T17:58:43Z</Time><Position><LatitudeDegrees>55.925412</LatitudeDegrees><LongitudeDegrees>37.707772</LongitudeDegrees></Position><DistanceMeters>9786.5</DistanceMeters></Trackpoint><Trackpoint><Time>2026-01-01T17:58:45Z</Time><Position><LatitudeDegrees>55.925342</LatitudeDegrees><LongitudeDegrees>37.707757</LongitudeDegrees></Position><DistanceMeters>9794.4</DistanceMeters></Trackpoint><Trackpoint><Time>2026-01-01T17:58:49Z</Time><Position><LatitudeDegrees>55.925260</LatitudeDegrees><LongitudeDegrees>37.707741</LongitudeDegrees></Position><DistanceMeters>9803.6</DistanceMeters></Trackpoint><Trackpoint><Time>2026-01-01T17:58:51Z</Time><Position><LatitudeDegrees>55.925201</LatitudeDegrees><LongitudeDegrees>37.707737</LongitudeDegrees></Position><DistanceMeters>9810.2</DistanceMeters></Trackpoint><Trackpoint><Time>2026-01-01T17:58:53Z</Time><Position><LatitudeDegrees>55.925149</LatitudeDegrees><LongitudeDegrees>37.707738</LongitudeDegrees></Position><DistanceMeters>9815.9</DistanceMeters></Trackpoint><Trackpoint><Time>2026-01-01T17:58:55Z</Time><Position><LatitudeDegrees>55.925100</LatitudeDegrees><LongitudeDegrees>37.707739</LongitudeDegrees></Position><DistanceMeters>9821.4</DistanceMeters></Trackpoint><Trackpoint><Time>2026-01-01T17:58:57Z</Time><Position><LatitudeDegrees>55.925048</LatitudeDegrees><LongitudeDegrees>37.707741</LongitudeDegrees></Position><DistanceMeters>9827.1</DistanceMeters></Trackpoint><Trackpoint><Time>2026-01-01T17:58:59Z</Time><Position><LatitudeDegrees>55.924998</LatitudeDegrees><LongitudeDegrees>37.707744</LongitudeDegrees></Position><DistanceMeters>9832.7</DistanceMeters></Trackpoint><Trackpoint><Time>2026-01-01T17:59:01Z</Time><Position><LatitudeDegrees>55.924945</LatitudeDegrees><LongitudeDegrees>37.707748</LongitudeDegrees></Position><DistanceMeters>9838.5</DistanceMeters></Trackpoint><Trackpoint><Time>2026-01-01T17:59:03Z</Time><Position><LatitudeDegrees>55.924896</LatitudeDegrees><LongitudeDegrees>37.707753</LongitudeDegrees></Position><DistanceMeters>9844.0</DistanceMeters></Trackpoint><Trackpoint><Time>2026-01-01T17:59:05Z</Time><Position><LatitudeDegrees>55.924845</LatitudeDegrees><LongitudeDegrees>37.707759</LongitudeDegrees></Position><DistanceMeters>9849.7</DistanceMeters></Trackpoint><Trackpoint><Time>2026-01-01T17:59:07Z</Time><Position><LatitudeDegrees>55.924799</LatitudeDegrees><LongitudeDegrees>37.707763</LongitudeDegrees></Position><DistanceMeters>9854.9</DistanceMeters></Trackpoint><Trackpoint><Time>2026-01-01T17:59:09Z</Time><Position><LatitudeDegrees>55.924750</LatitudeDegrees><LongitudeDegrees>37.707768</LongitudeDegrees></Position><DistanceMeters>9860.3</DistanceMeters></Trackpoint><Trackpoint><Time>2026-01-01T17:59:11Z</Time><Position><LatitudeDegrees>55.924704</LatitudeDegrees><LongitudeDegrees>37.707771</LongitudeDegrees></Position><DistanceMeters>9865.5</DistanceMeters></Trackpoint><Trackpoint><Time>2026-01-01T17:59:13Z</Time><Position><LatitudeDegrees>55.924654</LatitudeDegrees><LongitudeDegrees>37.707773</LongitudeDegrees></Position><DistanceMeters>9871.0</DistanceMeters></Trackpoint><Trackpoint><Time>2026-01-01T17:59:15Z</Time><Position><LatitudeDegrees>55.924600</LatitudeDegrees><LongitudeDegrees>37.707775</LongitudeDegrees></Position><DistanceMeters>9877.0</DistanceMeters></Trackpoint><Trackpoint><Time>2026-01-01T17:59:18Z</Time><Position><LatitudeDegrees>55.924530</LatitudeDegrees><LongitudeDegrees>37.707775</LongitudeDegrees></Position><DistanceMeters>9884.8</DistanceMeters></Trackpoint><Trackpoint><Time>2026-01-01T17:59:20Z</Time><Position><LatitudeDegrees>55.924481</LatitudeDegrees><LongitudeDegrees>37.707776</LongitudeDegrees></Position><DistanceMeters>9890.2</DistanceMeters></Trackpoint><Trackpoint><Time>2026-01-01T17:59:23Z</Time><Position><LatitudeDegrees>55.924411</LatitudeDegrees><LongitudeDegrees>37.707780</LongitudeDegrees></Position><DistanceMeters>9898.0</DistanceMeters></Trackpoint><Trackpoint><Time>2026-01-01T17:59:26Z</Time><Position><LatitudeDegrees>55.924338</LatitudeDegrees><LongitudeDegrees>37.707785</LongitudeDegrees></Position><DistanceMeters>9906.1</DistanceMeters></Trackpoint><Trackpoint><Time>2026-01-01T17:59:28Z</Time><Position><LatitudeDegrees>55.924277</LatitudeDegrees><LongitudeDegrees>37.707791</LongitudeDegrees></Position><DistanceMeters>9912.9</DistanceMeters></Trackpoint><Trackpoint><Time>2026-01-01T17:59:31Z</Time><Position><LatitudeDegrees>55.924217</LatitudeDegrees><LongitudeDegrees>37.707791</LongitudeDegrees></Position><DistanceMeters>9919.6</DistanceMeters></Trackpoint><Trackpoint><Time>2026-01-01T17:59:33Z</Time><Position><LatitudeDegrees>55.924163</LatitudeDegrees><LongitudeDegrees>37.707785</LongitudeDegrees></Position><DistanceMeters>9925.7</DistanceMeters></Trackpoint><Trackpoint><Time>2026-01-01T17:59:35Z</Time><Position><LatitudeDegrees>55.924107</LatitudeDegrees><LongitudeDegrees>37.707782</LongitudeDegrees></Position><DistanceMeters>9931.8</DistanceMeters></Trackpoint><Trackpoint><Time>2026-01-01T17:59:37Z</Time><Position><LatitudeDegrees>55.924054</LatitudeDegrees><LongitudeDegrees>37.707781</LongitudeDegrees></Position><DistanceMeters>9937.7</DistanceMeters></Trackpoint><Trackpoint><Time>2026-01-01T17:59:40Z</Time><Position><LatitudeDegrees>55.923990</LatitudeDegrees><LongitudeDegrees>37.707785</LongitudeDegrees></Position><DistanceMeters>9944.9</DistanceMeters></Trackpoint><Trackpoint><Time>2026-01-01T17:59:42Z</Time><Position><LatitudeDegrees>55.923934</LatitudeDegrees><LongitudeDegrees>37.707794</LongitudeDegrees></Position><DistanceMeters>9951.1</DistanceMeters></Trackpoint><Trackpoint><Time>2026-01-01T17:59:44Z</Time><Position><LatitudeDegrees>55.923877</LatitudeDegrees><LongitudeDegrees>37.707782</LongitudeDegrees></Position><DistanceMeters>9957.5</DistanceMeters></Trackpoint><Trackpoint><Time>2026-01-01T17:59:46Z</Time><Position><LatitudeDegrees>55.923822</LatitudeDegrees><LongitudeDegrees>37.707763</LongitudeDegrees></Position><DistanceMeters>9963.8</DistanceMeters></Trackpoint><Trackpoint><Time>2026-01-01T17:59:49Z</Time><Position><LatitudeDegrees>55.923763</LatitudeDegrees><LongitudeDegrees>37.707756</LongitudeDegrees></Position><DistanceMeters>9970.3</DistanceMeters></Trackpoint><Trackpoint><Time>2026-01-01T17:59:51Z</Time><Position><LatitudeDegrees>55.923710</LatitudeDegrees><LongitudeDegrees>37.707760</LongitudeDegrees></Position><DistanceMeters>9976.2</DistanceMeters></Trackpoint><Trackpoint><Time>2026-01-01T17:59:53Z</Time><Position><LatitudeDegrees>55.923659</LatitudeDegrees><LongitudeDegrees>37.707761</LongitudeDegrees></Position><DistanceMeters>9981.9</DistanceMeters></Trackpoint><Trackpoint><Time>2026-01-01T17:59:55Z</Time><Position><LatitudeDegrees>55.923612</LatitudeDegrees><LongitudeDegrees>37.707765</LongitudeDegrees></Position><DistanceMeters>9987.1</DistanceMeters></Trackpoint><Trackpoint><Time>2026-01-01T17:59:57Z</Time><Position><LatitudeDegrees>55.923549</LatitudeDegrees><LongitudeDegrees>37.707760</LongitudeDegrees></Position><DistanceMeters>9994.2</DistanceMeters></Trackpoint><Trackpoint><Time>2026-01-01T17:59:59Z</Time><Position><LatitudeDegrees>55.923504</LatitudeDegrees><LongitudeDegrees>37.707744</LongitudeDegrees></Position><DistanceMeters>9999.2</DistanceMeters></Trackpoint><Trackpoint><Time>2026-01-01T18:00:02Z</Time><Position><LatitudeDegrees>55.923436</LatitudeDegrees><LongitudeDegrees>37.707721</LongitudeDegrees></Position><DistanceMeters>10007.0</DistanceMeters></Trackpoint><Trackpoint><Time>2026-01-01T18:00:04Z</Time><Position><LatitudeDegrees>55.923385</LatitudeDegrees><LongitudeDegrees>37.707704</LongitudeDegrees></Position><DistanceMeters>10012.8</DistanceMeters></Trackpoint><Trackpoint><Time>2026-01-01T18:00:06Z</Time><Position><LatitudeDegrees>55.923330</LatitudeDegrees><LongitudeDegrees>37.707685</LongitudeDegrees></Position><DistanceMeters>10018.9</DistanceMeters></Trackpoint><Trackpoint><Time>2026-01-01T18:00:09Z</Time><Position><LatitudeDegrees>55.923275</LatitudeDegrees><LongitudeDegrees>37.707657</LongitudeDegrees></Position><DistanceMeters>10025.3</DistanceMeters></Trackpoint><Trackpoint><Time>2026-01-01T18:00:11Z</Time><Position><LatitudeDegrees>55.923222</LatitudeDegrees><LongitudeDegrees>37.707615</LongitudeDegrees></Position><DistanceMeters>10031.8</DistanceMeters></Trackpoint><Trackpoint><Time>2026-01-01T18:00:13Z</Time><Position><LatitudeDegrees>55.923174</LatitudeDegrees><LongitudeDegrees>37.707565</LongitudeDegrees></Position><DistanceMeters>10038.0</DistanceMeters></Trackpoint><Trackpoint><Time>2026-01-01T18:00:16Z</Time><Position><LatitudeDegrees>55.923126</LatitudeDegrees><LongitudeDegrees>37.707504</LongitudeDegrees></Position><DistanceMeters>10044.5</DistanceMeters></Trackpoint><Trackpoint><Time>2026-01-01T18:00:18Z</Time><Position><LatitudeDegrees>55.923085</LatitudeDegrees><LongitudeDegrees>37.707446</LongitudeDegrees></Position><DistanceMeters>10050.3</DistanceMeters></Trackpoint><Trackpoint><Time>2026-01-01T18:00:20Z</Time><Position><LatitudeDegrees>55.923039</LatitudeDegrees><LongitudeDegrees>37.707390</LongitudeDegrees></Position><DistanceMeters>10056.5</DistanceMeters></Trackpoint><Trackpoint><Time>2026-01-01T18:00:22Z</Time><Position><LatitudeDegrees>55.922995</LatitudeDegrees><LongitudeDegrees>37.707337</LongitudeDegrees></Position><DistanceMeters>10062.4</DistanceMeters></Trackpoint><Trackpoint><Time>2026-01-01T18:00:22Z</Time><Position><LatitudeDegrees>55.922986</LatitudeDegrees><LongitudeDegrees>37.707326</LongitudeDegrees></Position><DistanceMeters>10063.7</DistanceMeters></Trackpoint></Track></Course></Courses></TrainingCenterDatabase>
